1,110.0,110.0,110.0,110.0,110.0
2,110.0,110.0,110.0,110.0,110.0
3,107.0,107.0,107.0,107.0,107.0
4,94.0,94.0,94.0,94.0,94.0
5,86.0,86.0,90.0,86.0,86.0
6,85.0,85.0,89.0,87.0,90.0
7,84.0,84.0,90.0,86.0,90.0
8,84.0,83.0,92.0,85.0,89.0
9,82.0,78.0,87.0,84.0,85.0
10,81.0,77.0,85.0,85.0,83.0
11,79.0,77.0,85.0,83.0,81.0
12,76.0,74.0,82.0,81.0,83.0
13,77.0,75.0,81.0,78.0,86.0
14,74.0,73.0,81.0,76.0,85.0
15,76.0,71.0,79.0,76.0,81.0
16,72.0,67.0,75.0,71.0,79.0
17,62.0,57.0,67.0,67.0,71.0
18,56.0,55.0,66.0,62.0,69.0
19,52.0,52.0,62.0,56.0,61.0
20,51.0,50.0,64.0,43.0,55.0
21,46.0,45.0,64.0,38.0,55.0
22,44.0,43.0,59.0,34.0,51.0
23,44.0,41.0,58.0,32.0,55.0
24,43.0,41.0,58.0,37.0,55.0
25,42.0,38.0,53.0,42.0,52.0
26,46.0,34.0,54.0,39.0,49.0
27,47.0,40.0,53.0,40.0,47.0
28,49.0,47.0,52.0,39.0,45.0
29,49.0,48.0,57.0,35.0,46.0
30,53.0,47.0,56.0,34.0,42.0
31,55.0,44.0,55.0,29.0,40.0
32,56.0,39.0,57.0,30.0,38.0
33,55.0,40.0,52.0,40.0,39.0
34,53.0,36.0,55.0,39.0,38.0
35,54.0,32.0,59.0,38.0,33.0
36,57.0,32.0,57.0,37.0,35.0
37,55.0,29.0,57.0,35.0,36.0
38,53.0,32.0,56.0,37.0,37.0
39,56.0,33.0,55.0,34.0,37.0
40,58.0,37.0,56.0,34.0,38.0
41,54.0,41.0,54.0,32.0,38.0
42,52.0,38.0,50.0,31.0,41.0
43,53.0,34.0,48.0,28.0,41.0
44,56.0,34.0,36.0,27.0,42.0
45,55.0,33.0,35.0,25.0,44.0
46,56.0,32.0,35.0,22.0,47.0
47,58.0,32.0,31.0,21.0,44.0
48,59.0,33.0,30.0,20.0,43.0
49,55.0,31.0,39.0,20.0,42.0
50,57.0,31.0,36.0,19.0,45.0
51,51.0,29.0,46.0,19.0,46.0
52,51.0,27.0,46.0,21.0,47.0
53,51.0,34.0,41.0,23.0,45.0
54,52.0,36.0,42.0,21.0,43.0
55,49.0,35.0,47.0,21.0,36.0
56,47.0,35.0,43.0,19.0,46.0
57,47.0,36.0,47.0,20.0,40.0
58,41.0,37.0,48.0,20.0,40.0
59,38.0,35.0,48.0,20.0,43.0
60,39.0,34.0,50.0,22.0,44.0
61,37.0,33.0,50.0,20.0,47.0
62,34.0,34.0,47.0,18.0,48.0
63,41.0,31.0,47.0,19.0,48.0
64,54.0,32.0,46.0,20.0,47.0
65,56.0,35.0,43.0,21.0,48.0
66,53.0,36.0,38.0,21.0,51.0
67,46.0,47.0,40.0,19.0,48.0
68,50.0,49.0,38.0,20.0,45.0
69,56.0,47.0,40.0,18.0,43.0
70,58.0,44.0,38.0,18.0,42.0
71,59.0,40.0,43.0,16.0,41.0
72,60.0,41.0,51.0,16.0,38.0
73,59.0,41.0,50.0,22.0,36.0
74,54.0,43.0,50.0,25.0,34.0
75,50.0,43.0,56.0,24.0,36.0
76,46.0,45.0,58.0,22.0,36.0
77,42.0,46.0,52.0,22.0,41.0
78,39.0,45.0,52.0,20.0,44.0
79,39.0,44.0,52.0,28.0,43.0
80,39.0,40.0,51.0,29.0,56.0
81,37.0,40.0,51.0,27.0,58.0
82,34.0,38.0,57.0,24.0,56.0
83,36.0,40.0,56.0,23.0,54.0
84,40.0,40.0,56.0,23.0,50.0
85,42.0,41.0,56.0,21.0,50.0
86,44.0,46.0,51.0,22.0,46.0
87,42.0,46.0,48.0,21.0,50.0
88,43.0,45.0,49.0,20.0,54.0
89,43.0,48.0,47.0,18.0,57.0
90,38.0,54.0,46.0,16.0,58.0
91,33.0,51.0,47.0,15.0,56.0
92,33.0,50.0,48.0,15.0,62.0
93,32.0,44.0,49.0,11.0,60.0
94,32.0,43.0,58.0,11.0,57.0
95,31.0,42.0,61.0,8.0,64.0
96,43.0,40.0,57.0,13.0,64.0
97,48.0,39.0,56.0,14.0,65.0
98,50.0,38.0,57.0,13.0,61.0
99,53.0,32.0,55.0,12.0,56.0
100,54.0,30.0,56.0,11.0,57.0
101,54.0,30.0,52.0,9.0,53.0
102,55.0,28.0,51.0,13.0,48.0
103,61.0,26.0,51.0,14.0,46.0
104,61.0,28.0,49.0,13.0,43.0
105,56.0,31.0,47.0,13.0,40.0
106,51.0,32.0,48.0,25.0,38.0
107,46.0,31.0,48.0,33.0,35.0
108,42.0,30.0,49.0,31.0,35.0
109,38.0,29.0,57.0,31.0,37.0
110,34.0,33.0,62.0,27.0,36.0
111,34.0,37.0,59.0,26.0,36.0
112,38.0,42.0,61.0,24.0,36.0
113,41.0,39.0,59.0,25.0,33.0
114,44.0,34.0,55.0,28.0,34.0
115,56.0,33.0,55.0,28.0,39.0
116,58.0,29.0,48.0,28.0,37.0
117,60.0,27.0,45.0,33.0,39.0
118,59.0,23.0,42.0,39.0,36.0
119,60.0,23.0,39.0,44.0,35.0
120,61.0,23.0,38.0,42.0,36.0
121,65.0,23.0,38.0,41.0,39.0
122,63.0,23.0,35.0,43.0,42.0
123,61.0,22.0,33.0,44.0,43.0
124,60.0,23.0,30.0,53.0,42.0
125,64.0,21.0,28.0,52.0,42.0
126,62.0,21.0,31.0,49.0,40.0
127,63.0,25.0,39.0,48.0,39.0
128,66.0,27.0,40.0,46.0,36.0
129,63.0,27.0,42.0,41.0,34.0
130,66.0,29.0,41.0,36.0,30.0
131,67.0,28.0,45.0,34.0,30.0
132,65.0,30.0,49.0,35.0,30.0
133,63.0,29.0,50.0,33.0,28.0
134,65.0,27.0,47.0,33.0,27.0
135,63.0,25.0,48.0,32.0,24.0
136,62.0,19.0,51.0,35.0,21.0
137,70.0,16.0,48.0,41.0,20.0
138,72.0,14.0,49.0,40.0,19.0
139,73.0,15.0,51.0,39.0,17.0
140,74.0,21.0,46.0,36.0,19.0
141,73.0,22.0,45.0,36.0,22.0
142,74.0,23.0,40.0,34.0,28.0
143,71.0,28.0,38.0,33.0,32.0
144,70.0,27.0,35.0,31.0,27.0
145,74.0,26.0,34.0,29.0,34.0
146,75.0,25.0,34.0,31.0,34.0
147,72.0,24.0,43.0,32.0,35.0
148,69.0,20.0,43.0,32.0,31.0
149,70.0,22.0,42.0,29.0,32.0
150,71.0,18.0,41.0,35.0,33.0
151,67.0,18.0,38.0,40.0,36.0
152,66.0,16.0,37.0,44.0,39.0
153,64.0,16.0,31.0,41.0,44.0
154,62.0,19.0,31.0,41.0,46.0
155,62.0,16.0,30.0,45.0,45.0
156,64.0,16.0,28.0,47.0,42.0
157,66.0,18.0,27.0,44.0,41.0
158,65.0,20.0,28.0,42.0,37.0
159,64.0,20.0,32.0,41.0,35.0
160,59.0,22.0,48.0,38.0,34.0
161,57.0,21.0,51.0,31.0,32.0
162,56.0,20.0,55.0,28.0,30.0
163,56.0,20.0,56.0,34.0,32.0
164,55.0,21.0,57.0,40.0,31.0
165,49.0,23.0,56.0,45.0,37.0
166,49.0,21.0,53.0,47.0,42.0
167,56.0,20.0,50.0,46.0,44.0
168,52.0,18.0,44.0,45.0,45.0
169,48.0,17.0,43.0,44.0,40.0
170,47.0,17.0,46.0,41.0,39.0
171,50.0,21.0,47.0,37.0,37.0
172,54.0,23.0,42.0,34.0,39.0
173,55.0,24.0,42.0,32.0,45.0
174,55.0,23.0,37.0,36.0,48.0
175,54.0,20.0,38.0,39.0,50.0
176,50.0,19.0,35.0,34.0,50.0
177,53.0,20.0,34.0,34.0,50.0
178,48.0,20.0,35.0,33.0,47.0
179,50.0,19.0,38.0,31.0,45.0
180,48.0,17.0,44.0,29.0,43.0
181,52.0,16.0,43.0,24.0,44.0
182,52.0,16.0,46.0,22.0,48.0
183,48.0,15.0,44.0,24.0,51.0
184,44.0,17.0,41.0,25.0,47.0
185,44.0,16.0,40.0,23.0,47.0
186,49.0,15.0,36.0,29.0,44.0
187,50.0,15.0,37.0,35.0,43.0
188,46.0,18.0,35.0,36.0,42.0
189,44.0,19.0,33.0,35.0,43.0
190,44.0,24.0,33.0,36.0,43.0
191,38.0,25.0,31.0,33.0,46.0
192,36.0,25.0,32.0,41.0,50.0
193,35.0,25.0,32.0,44.0,49.0
194,33.0,24.0,34.0,41.0,49.0
195,32.0,25.0,35.0,39.0,51.0
196,30.0,28.0,32.0,37.0,52.0
197,33.0,27.0,30.0,37.0,53.0
198,36.0,32.0,30.0,33.0,51.0
199,37.0,34.0,32.0,33.0,49.0
200,35.0,32.0,37.0,30.0,52.0
201,37.0,33.0,41.0,30.0,51.0
202,32.0,33.0,41.0,32.0,45.0
203,31.0,31.0,39.0,42.0,45.0
204,32.0,29.0,35.0,44.0,43.0
205,35.0,32.0,33.0,41.0,41.0
206,31.0,33.0,31.0,41.0,42.0
207,33.0,33.0,30.0,37.0,40.0
208,39.0,35.0,29.0,35.0,39.0
209,40.0,41.0,28.0,33.0,36.0
210,37.0,42.0,27.0,32.0,36.0
211,43.0,41.0,26.0,35.0,37.0
212,42.0,38.0,26.0,36.0,36.0
213,43.0,40.0,25.0,33.0,34.0
214,40.0,42.0,22.0,33.0,33.0
215,38.0,49.0,24.0,34.0,31.0
216,36.0,47.0,29.0,31.0,27.0
217,39.0,46.0,35.0,32.0,25.0
218,41.0,47.0,38.0,31.0,29.0
219,39.0,44.0,36.0,33.0,25.0
220,38.0,44.0,34.0,34.0,30.0
221,36.0,43.0,34.0,36.0,27.0
222,36.0,43.0,31.0,39.0,27.0
223,34.0,41.0,30.0,47.0,28.0
224,32.0,39.0,32.0,46.0,31.0
225,30.0,35.0,36.0,43.0,30.0
226,32.0,33.0,41.0,36.0,33.0
227,36.0,32.0,41.0,37.0,36.0
228,36.0,31.0,44.0,36.0,36.0
229,38.0,28.0,45.0,34.0,35.0
230,38.0,29.0,45.0,34.0,39.0
231,38.0,32.0,44.0,34.0,43.0
232,35.0,34.0,38.0,29.0,49.0
233,36.0,41.0,38.0,29.0,50.0
234,31.0,38.0,35.0,29.0,50.0
235,42.0,36.0,33.0,31.0,48.0
236,50.0,32.0,32.0,32.0,45.0
237,53.0,30.0,31.0,35.0,42.0
238,55.0,28.0,27.0,34.0,39.0
239,56.0,25.0,25.0,36.0,37.0
240,58.0,23.0,30.0,37.0,36.0
241,58.0,21.0,35.0,40.0,33.0
242,57.0,21.0,34.0,46.0,33.0
243,53.0,17.0,30.0,49.0,30.0
244,51.0,16.0,33.0,49.0,36.0
245,44.0,17.0,33.0,53.0,35.0
246,36.0,22.0,32.0,59.0,32.0
247,35.0,30.0,33.0,58.0,32.0
248,33.0,40.0,33.0,54.0,31.0
249,32.0,42.0,37.0,51.0,31.0
250,33.0,40.0,44.0,51.0,29.0
251,31.0,38.0,44.0,47.0,32.0
252,32.0,38.0,41.0,45.0,38.0
253,37.0,36.0,38.0,43.0,39.0
254,39.0,35.0,35.0,37.0,37.0
255,40.0,44.0,32.0,35.0,36.0
256,42.0,45.0,31.0,40.0,38.0
257,42.0,42.0,33.0,40.0,37.0
258,40.0,42.0,29.0,46.0,36.0
259,42.0,42.0,26.0,44.0,34.0
260,43.0,39.0,36.0,47.0,30.0
261,40.0,37.0,40.0,46.0,28.0
262,40.0,36.0,44.0,49.0,28.0
263,41.0,34.0,49.0,49.0,27.0
264,40.0,30.0,44.0,46.0,21.0
265,45.0,36.0,44.0,43.0,22.0
266,45.0,32.0,42.0,51.0,19.0
267,39.0,33.0,46.0,46.0,16.0
268,39.0,34.0,48.0,42.0,17.0
269,38.0,32.0,49.0,42.0,19.0
270,35.0,37.0,49.0,40.0,21.0
271,32.0,42.0,45.0,39.0,26.0
272,36.0,44.0,43.0,39.0,28.0
273,35.0,47.0,38.0,37.0,28.0
274,38.0,42.0,40.0,33.0,25.0
275,39.0,45.0,43.0,33.0,27.0
276,36.0,42.0,48.0,31.0,28.0
277,36.0,40.0,47.0,30.0,28.0
278,38.0,37.0,49.0,27.0,26.0
279,37.0,33.0,54.0,27.0,26.0
280,33.0,33.0,51.0,30.0,28.0
281,29.0,30.0,52.0,30.0,30.0
282,28.0,27.0,49.0,32.0,34.0
283,27.0,23.0,46.0,32.0,36.0
284,25.0,25.0,43.0,34.0,36.0
285,23.0,31.0,39.0,36.0,33.0
286,20.0,31.0,41.0,46.0,31.0
287,19.0,29.0,38.0,45.0,36.0
288,18.0,36.0,32.0,43.0,39.0
289,19.0,39.0,29.0,42.0,43.0
290,23.0,41.0,31.0,39.0,44.0
291,28.0,40.0,29.0,39.0,44.0
292,29.0,36.0,28.0,40.0,40.0
293,28.0,36.0,32.0,44.0,37.0
294,28.0,32.0,42.0,46.0,32.0
295,24.0,30.0,41.0,48.0,30.0
296,25.0,29.0,41.0,51.0,25.0
297,32.0,36.0,40.0,49.0,22.0
298,38.0,41.0,39.0,46.0,20.0
299,39.0,49.0,38.0,44.0,21.0
300,39.0,47.0,40.0,44.0,19.0
301,38.0,39.0,44.0,40.0,17.0
302,42.0,39.0,49.0,41.0,21.0
303,46.0,40.0,41.0,38.0,22.0
304,46.0,40.0,41.0,39.0,29.0
305,44.0,40.0,41.0,38.0,33.0
306,42.0,37.0,48.0,36.0,35.0
307,42.0,38.0,48.0,34.0,36.0
308,39.0,44.0,48.0,36.0,35.0
309,37.0,44.0,47.0,42.0,33.0
310,36.0,51.0,45.0,40.0,31.0
311,36.0,48.0,46.0,40.0,29.0
312,39.0,44.0,49.0,38.0,25.0
313,45.0,46.0,49.0,40.0,24.0
314,52.0,46.0,49.0,39.0,23.0
315,55.0,44.0,45.0,37.0,21.0
316,50.0,40.0,47.0,40.0,25.0
317,48.0,42.0,51.0,38.0,33.0
318,46.0,43.0,52.0,37.0,38.0
319,45.0,42.0,52.0,35.0,43.0
320,44.0,41.0,52.0,34.0,45.0
321,42.0,43.0,58.0,33.0,44.0
322,38.0,51.0,55.0,29.0,41.0
323,38.0,52.0,54.0,32.0,40.0
324,35.0,54.0,52.0,31.0,44.0
325,30.0,55.0,50.0,30.0,49.0
326,27.0,58.0,46.0,26.0,44.0
327,26.0,58.0,44.0,30.0,45.0
328,22.0,57.0,42.0,36.0,42.0
329,24.0,52.0,46.0,37.0,38.0
330,24.0,45.0,48.0,35.0,33.0
331,22.0,41.0,54.0,31.0,35.0
332,22.0,41.0,54.0,29.0,38.0
333,22.0,43.0,50.0,29.0,40.0
334,20.0,43.0,49.0,27.0,38.0
335,18.0,43.0,48.0,25.0,39.0
336,22.0,43.0,44.0,24.0,41.0
337,22.0,44.0,48.0,24.0,42.0
338,22.0,41.0,52.0,20.0,39.0
339,27.0,41.0,55.0,19.0,37.0
340,35.0,38.0,56.0,21.0,36.0
341,35.0,38.0,56.0,30.0,36.0
342,34.0,36.0,51.0,29.0,46.0
343,33.0,37.0,44.0,29.0,47.0
344,31.0,40.0,45.0,26.0,45.0
345,30.0,45.0,40.0,25.0,45.0
346,31.0,49.0,40.0,25.0,48.0
347,30.0,48.0,40.0,23.0,47.0
348,37.0,44.0,36.0,22.0,47.0
349,38.0,42.0,34.0,20.0,47.0
350,38.0,42.0,31.0,21.0,48.0
351,44.0,41.0,28.0,24.0,44.0
352,43.0,39.0,26.0,24.0,43.0
353,43.0,36.0,27.0,27.0,46.0
354,41.0,33.0,28.0,26.0,47.0
355,50.0,30.0,28.0,24.0,47.0
356,53.0,29.0,29.0,27.0,44.0
357,47.0,27.0,29.0,37.0,43.0
358,47.0,22.0,34.0,39.0,41.0
359,47.0,21.0,34.0,40.0,39.0
360,43.0,19.0,35.0,42.0,38.0
361,44.0,19.0,32.0,46.0,35.0
362,39.0,18.0,34.0,46.0,35.0
363,42.0,15.0,29.0,45.0,34.0
364,46.0,14.0,30.0,45.0,32.0
365,49.0,13.0,28.0,47.0,35.0
366,50.0,11.0,26.0,45.0,39.0
367,53.0,8.0,24.0,44.0,36.0
368,51.0,14.0,26.0,42.0,36.0
369,50.0,22.0,22.0,40.0,37.0
370,46.0,23.0,20.0,39.0,39.0
371,45.0,24.0,30.0,39.0,39.0
372,45.0,20.0,32.0,39.0,42.0
373,43.0,22.0,32.0,40.0,39.0
374,40.0,19.0,28.0,40.0,41.0
375,37.0,18.0,31.0,43.0,40.0
376,37.0,18.0,34.0,42.0,39.0
377,30.0,19.0,37.0,39.0,38.0
378,27.0,26.0,47.0,38.0,34.0
379,28.0,26.0,45.0,34.0,33.0
380,30.0,27.0,42.0,33.0,32.0
381,29.0,24.0,42.0,31.0,39.0
382,27.0,23.0,42.0,30.0,44.0
383,31.0,22.0,39.0,29.0,44.0
384,36.0,21.0,40.0,29.0,45.0
385,35.0,21.0,40.0,28.0,43.0
386,30.0,19.0,42.0,26.0,42.0
387,28.0,20.0,42.0,25.0,42.0
388,27.0,18.0,47.0,28.0,41.0
389,26.0,16.0,51.0,32.0,36.0
390,26.0,17.0,52.0,35.0,36.0
391,25.0,16.0,55.0,34.0,37.0
392,20.0,17.0,57.0,34.0,35.0
393,20.0,16.0,56.0,35.0,36.0
394,18.0,16.0,56.0,39.0,36.0
395,16.0,14.0,53.0,41.0,31.0
396,17.0,13.0,56.0,39.0,30.0
397,24.0,13.0,55.0,38.0,30.0
398,29.0,12.0,52.0,37.0,30.0
399,27.0,11.0,57.0,38.0,31.0
400,30.0,10.0,57.0,37.0,31.0
401,35.0,10.0,58.0,33.0,30.0
402,36.0,9.0,55.0,32.0,31.0
403,34.0,8.0,58.0,34.0,31.0
404,37.0,12.0,58.0,31.0,31.0
405,35.0,17.0,57.0,35.0,30.0
406,33.0,19.0,55.0,34.0,31.0
407,29.0,18.0,58.0,36.0,32.0
408,30.0,16.0,66.0,39.0,32.0
409,31.0,16.0,65.0,42.0,28.0
410,31.0,15.0,64.0,48.0,26.0
411,30.0,14.0,62.0,50.0,25.0
412,28.0,13.0,61.0,51.0,25.0
413,29.0,13.0,56.0,52.0,25.0
414,34.0,12.0,55.0,55.0,25.0
415,41.0,11.0,53.0,53.0,23.0
416,50.0,13.0,51.0,51.0,22.0
417,55.0,19.0,50.0,50.0,23.0
418,52.0,33.0,47.0,46.0,26.0
419,55.0,37.0,45.0,48.0,24.0
420,51.0,34.0,43.0,45.0,24.0
421,50.0,34.0,44.0,51.0,25.0
422,46.0,31.0,46.0,53.0,26.0
423,46.0,30.0,45.0,49.0,34.0
424,44.0,28.0,45.0,48.0,42.0
425,41.0,28.0,43.0,47.0,45.0
426,40.0,28.0,40.0,47.0,45.0
427,38.0,26.0,38.0,44.0,48.0
428,43.0,25.0,36.0,46.0,51.0
429,41.0,24.0,33.0,49.0,48.0
430,42.0,29.0,31.0,47.0,51.0
431,37.0,33.0,30.0,48.0,49.0
432,34.0,31.0,26.0,53.0,46.0
433,36.0,32.0,23.0,54.0,44.0
434,33.0,30.0,23.0,57.0,42.0
435,42.0,31.0,26.0,57.0,40.0
436,38.0,32.0,26.0,63.0,38.0
437,36.0,34.0,24.0,61.0,46.0
438,34.0,32.0,26.0,58.0,48.0
439,36.0,27.0,32.0,56.0,43.0
440,36.0,27.0,35.0,59.0,40.0
441,36.0,30.0,35.0,54.0,40.0
442,35.0,31.0,33.0,57.0,37.0
443,30.0,32.0,33.0,56.0,33.0
444,27.0,33.0,33.0,56.0,32.0
445,24.0,34.0,32.0,57.0,36.0
446,23.0,37.0,30.0,57.0,41.0
447,22.0,40.0,28.0,57.0,44.0
448,19.0,44.0,28.0,54.0,45.0
449,20.0,45.0,32.0,51.0,45.0
450,18.0,51.0,30.0,49.0,40.0
451,18.0,48.0,28.0,47.0,44.0
452,17.0,47.0,28.0,46.0,46.0
453,16.0,48.0,30.0,45.0,50.0
454,15.0,43.0,36.0,44.0,50.0
455,24.0,41.0,41.0,42.0,48.0
456,30.0,40.0,38.0,42.0,46.0
457,28.0,42.0,34.0,42.0,42.0
458,26.0,46.0,34.0,40.0,39.0
459,24.0,45.0,32.0,38.0,38.0
460,23.0,48.0,32.0,41.0,34.0
461,23.0,50.0,32.0,42.0,33.0
462,24.0,48.0,31.0,46.0,35.0
463,24.0,45.0,29.0,47.0,33.0
464,21.0,43.0,29.0,51.0,34.0
465,21.0,41.0,29.0,50.0,35.0
466,21.0,41.0,35.0,50.0,33.0
467,20.0,39.0,36.0,54.0,34.0
468,21.0,36.0,34.0,56.0,37.0
469,20.0,34.0,33.0,58.0,38.0
470,21.0,30.0,30.0,70.0,37.0
471,32.0,28.0,30.0,69.0,36.0
472,35.0,28.0,38.0,66.0,34.0
473,32.0,26.0,41.0,63.0,32.0
474,29.0,27.0,42.0,64.0,30.0
475,27.0,28.0,40.0,58.0,39.0
476,24.0,32.0,39.0,59.0,40.0
477,22.0,32.0,39.0,58.0,43.0
478,20.0,31.0,40.0,53.0,46.0
479,18.0,28.0,43.0,53.0,42.0
480,17.0,27.0,45.0,54.0,43.0
481,16.0,30.0,41.0,56.0,42.0
482,16.0,29.0,42.0,58.0,41.0
483,17.0,31.0,40.0,57.0,39.0
484,15.0,36.0,36.0,56.0,38.0
485,13.0,37.0,37.0,57.0,35.0
486,12.0,32.0,39.0,58.0,33.0
487,11.0,33.0,38.0,55.0,29.0
488,12.0,32.0,38.0,57.0,27.0
489,12.0,29.0,39.0,56.0,23.0
490,11.0,25.0,38.0,61.0,19.0
491,11.0,22.0,41.0,58.0,19.0
492,11.0,20.0,45.0,54.0,24.0
493,14.0,21.0,40.0,52.0,31.0
494,21.0,22.0,39.0,52.0,32.0
495,30.0,22.0,39.0,50.0,31.0
496,31.0,21.0,43.0,45.0,29.0
497,31.0,19.0,52.0,46.0,26.0
498,29.0,21.0,54.0,46.0,25.0
499,29.0,29.0,50.0,45.0,21.0
500,28.0,30.0,49.0,48.0,24.0
501,26.0,32.0,49.0,47.0,33.0
502,32.0,33.0,45.0,50.0,35.0
503,32.0,30.0,42.0,51.0,32.0
504,32.0,28.0,39.0,52.0,29.0
505,34.0,31.0,37.0,50.0,29.0
506,33.0,34.0,35.0,44.0,27.0
507,31.0,34.0,41.0,41.0,25.0
508,29.0,34.0,43.0,40.0,26.0
509,27.0,37.0,40.0,40.0,28.0
510,25.0,37.0,42.0,38.0,28.0
511,25.0,36.0,51.0,36.0,28.0
512,23.0,36.0,51.0,34.0,27.0
513,23.0,37.0,55.0,35.0,26.0
514,21.0,43.0,54.0,32.0,25.0
515,20.0,43.0,56.0,35.0,26.0
516,19.0,40.0,58.0,36.0,25.0
517,17.0,38.0,56.0,38.0,26.0
518,17.0,37.0,58.0,41.0,30.0
519,16.0,36.0,53.0,43.0,36.0
520,16.0,36.0,60.0,44.0,40.0
521,16.0,41.0,60.0,41.0,35.0
522,22.0,46.0,58.0,42.0,31.0
523,25.0,43.0,54.0,43.0,32.0
524,28.0,42.0,57.0,42.0,29.0
525,30.0,40.0,57.0,39.0,31.0
526,38.0,35.0,51.0,37.0,30.0
527,42.0,35.0,50.0,41.0,29.0
528,43.0,33.0,55.0,40.0,29.0
529,43.0,33.0,57.0,40.0,38.0
530,41.0,29.0,54.0,39.0,42.0
531,44.0,29.0,52.0,38.0,41.0
532,45.0,27.0,49.0,41.0,42.0
533,43.0,29.0,47.0,41.0,44.0
534,45.0,28.0,45.0,41.0,44.0
535,52.0,26.0,41.0,40.0,42.0
536,52.0,27.0,37.0,49.0,41.0
537,49.0,25.0,35.0,53.0,39.0
538,42.0,25.0,39.0,48.0,41.0
539,43.0,23.0,45.0,45.0,40.0
540,41.0,24.0,43.0,43.0,46.0
541,39.0,24.0,38.0,46.0,48.0
542,36.0,24.0,37.0,44.0,51.0
543,36.0,26.0,41.0,43.0,51.0
544,35.0,25.0,44.0,42.0,57.0
545,36.0,25.0,39.0,42.0,54.0
546,41.0,22.0,46.0,41.0,53.0
547,42.0,21.0,49.0,39.0,50.0
548,43.0,20.0,49.0,44.0,47.0
549,40.0,19.0,46.0,45.0,46.0
550,42.0,18.0,46.0,41.0,45.0
551,42.0,17.0,46.0,43.0,44.0
552,38.0,16.0,48.0,48.0,43.0
553,36.0,15.0,50.0,51.0,40.0
554,36.0,19.0,51.0,53.0,39.0
555,32.0,22.0,47.0,48.0,41.0
556,29.0,26.0,46.0,46.0,37.0
557,27.0,34.0,44.0,46.0,37.0
558,25.0,31.0,44.0,46.0,42.0
559,25.0,32.0,43.0,44.0,46.0
560,24.0,31.0,39.0,43.0,48.0
561,22.0,27.0,35.0,51.0,44.0
562,22.0,25.0,41.0,49.0,45.0
563,22.0,26.0,44.0,46.0,46.0
564,19.0,24.0,46.0,47.0,47.0
565,17.0,19.0,44.0,47.0,55.0
566,19.0,25.0,43.0,47.0,52.0
567,23.0,38.0,39.0,46.0,47.0
568,19.0,39.0,39.0,42.0,50.0
569,21.0,37.0,42.0,40.0,46.0
570,24.0,35.0,47.0,41.0,43.0
571,35.0,33.0,49.0,40.0,38.0
572,35.0,30.0,44.0,41.0,37.0
573,36.0,30.0,44.0,42.0,36.0
574,38.0,28.0,42.0,43.0,34.0
575,42.0,27.0,42.0,41.0,39.0
576,40.0,29.0,39.0,40.0,43.0
577,41.0,28.0,38.0,45.0,45.0
578,40.0,27.0,36.0,43.0,45.0
579,39.0,22.0,32.0,46.0,47.0
580,38.0,20.0,32.0,48.0,44.0
581,34.0,20.0,34.0,51.0,41.0
582,31.0,25.0,33.0,50.0,40.0
583,29.0,30.0,32.0,50.0,37.0
584,28.0,34.0,30.0,53.0,37.0
585,27.0,27.0,26.0,55.0,32.0
586,27.0,31.0,25.0,56.0,30.0
587,29.0,33.0,27.0,58.0,28.0
588,28.0,31.0,36.0,55.0,26.0
589,33.0,28.0,37.0,57.0,24.0
590,35.0,27.0,38.0,56.0,31.0
591,38.0,25.0,33.0,54.0,34.0
592,36.0,21.0,33.0,51.0,40.0
593,33.0,22.0,38.0,49.0,39.0
594,31.0,20.0,39.0,50.0,40.0
595,29.0,17.0,35.0,47.0,42.0
596,29.0,16.0,36.0,52.0,47.0
597,29.0,16.0,37.0,54.0,49.0
598,32.0,14.0,38.0,53.0,45.0
599,34.0,14.0,36.0,53.0,46.0
600,35.0,13.0,36.0,50.0,44.0
601,37.0,15.0,34.0,48.0,42.0
602,33.0,19.0,34.0,45.0,40.0
603,31.0,21.0,33.0,45.0,37.0
604,30.0,22.0,32.0,47.0,35.0
605,27.0,21.0,31.0,48.0,33.0
606,27.0,19.0,30.0,49.0,30.0
607,28.0,15.0,29.0,48.0,28.0
608,32.0,16.0,26.0,47.0,28.0
609,34.0,17.0,19.0,46.0,26.0
610,35.0,17.0,18.0,46.0,21.0
611,38.0,17.0,18.0,45.0,26.0
612,36.0,18.0,18.0,43.0,29.0
613,37.0,22.0,19.0,44.0,28.0
614,34.0,21.0,29.0,41.0,26.0
615,35.0,24.0,31.0,40.0,26.0
616,36.0,27.0,31.0,39.0,30.0
617,33.0,31.0,29.0,38.0,32.0
618,31.0,34.0,25.0,41.0,33.0
619,30.0,32.0,25.0,40.0,35.0
620,33.0,40.0,25.0,39.0,30.0
621,31.0,42.0,25.0,38.0,27.0
622,30.0,39.0,24.0,43.0,25.0
623,30.0,38.0,20.0,48.0,24.0
624,32.0,38.0,17.0,52.0,23.0
625,31.0,37.0,16.0,47.0,27.0
626,33.0,35.0,15.0,48.0,29.0
627,31.0,36.0,14.0,48.0,40.0
628,32.0,34.0,18.0,51.0,38.0
629,33.0,33.0,19.0,51.0,37.0
630,37.0,32.0,23.0,50.0,35.0
631,38.0,33.0,27.0,49.0,35.0
632,38.0,33.0,29.0,48.0,35.0
633,39.0,35.0,29.0,46.0,36.0
634,45.0,36.0,29.0,45.0,32.0
635,42.0,37.0,24.0,50.0,26.0
636,41.0,35.0,22.0,56.0,23.0
637,39.0,39.0,20.0,54.0,23.0
638,36.0,41.0,19.0,50.0,27.0
639,33.0,45.0,17.0,50.0,35.0
640,32.0,44.0,16.0,53.0,51.0
641,32.0,40.0,19.0,53.0,49.0
642,34.0,36.0,20.0,54.0,47.0
643,34.0,32.0,20.0,52.0,46.0
644,33.0,34.0,18.0,55.0,46.0
645,32.0,32.0,19.0,56.0,41.0
646,34.0,32.0,21.0,53.0,41.0
647,33.0,30.0,25.0,54.0,41.0
648,34.0,28.0,28.0,55.0,40.0
649,36.0,29.0,29.0,50.0,37.0
650,36.0,27.0,29.0,47.0,36.0
651,32.0,37.0,28.0,46.0,34.0
652,32.0,39.0,29.0,47.0,32.0
653,33.0,35.0,35.0,48.0,32.0
654,36.0,36.0,38.0,47.0,31.0
655,42.0,36.0,38.0,46.0,31.0
656,41.0,37.0,39.0,42.0,29.0
657,40.0,37.0,38.0,44.0,33.0
658,39.0,35.0,37.0,42.0,35.0
659,36.0,32.0,36.0,49.0,37.0
660,38.0,27.0,43.0,46.0,39.0
661,36.0,26.0,44.0,43.0,38.0
662,34.0,21.0,43.0,40.0,36.0
663,38.0,21.0,46.0,41.0,34.0
664,44.0,24.0,45.0,40.0,30.0
665,43.0,23.0,41.0,43.0,29.0
666,44.0,22.0,41.0,44.0,30.0
667,42.0,31.0,39.0,41.0,36.0
668,40.0,36.0,38.0,41.0,37.0
669,41.0,37.0,36.0,39.0,37.0
670,47.0,37.0,33.0,37.0,39.0
671,43.0,37.0,34.0,35.0,38.0
672,40.0,36.0,39.0,34.0,41.0
673,41.0,33.0,45.0,34.0,39.0
674,36.0,31.0,45.0,28.0,38.0
675,35.0,29.0,48.0,27.0,39.0
676,32.0,29.0,54.0,25.0,36.0
677,30.0,33.0,56.0,25.0,37.0
678,28.0,37.0,55.0,27.0,36.0
679,26.0,43.0,51.0,27.0,33.0
680,24.0,44.0,51.0,30.0,32.0
681,23.0,44.0,49.0,37.0,32.0
682,23.0,45.0,46.0,42.0,29.0
683,25.0,43.0,43.0,46.0,28.0
684,30.0,40.0,40.0,48.0,31.0
685,29.0,35.0,36.0,53.0,34.0
686,29.0,33.0,36.0,51.0,36.0
687,28.0,33.0,45.0,47.0,38.0
688,26.0,34.0,55.0,47.0,37.0
689,26.0,39.0,55.0,48.0,36.0
690,25.0,45.0,55.0,45.0,35.0
691,21.0,44.0,53.0,41.0,44.0
692,20.0,41.0,49.0,47.0,49.0
693,19.0,40.0,47.0,43.0,51.0
694,24.0,41.0,45.0,42.0,51.0
695,29.0,40.0,42.0,42.0,51.0
696,32.0,41.0,43.0,42.0,51.0
697,35.0,38.0,42.0,40.0,50.0
698,31.0,36.0,42.0,39.0,47.0
699,30.0,38.0,42.0,37.0,45.0
700,31.0,39.0,48.0,36.0,43.0
701,31.0,37.0,55.0,36.0,41.0
702,28.0,43.0,53.0,38.0,40.0
703,25.0,47.0,52.0,44.0,38.0
704,25.0,47.0,51.0,45.0,40.0
705,25.0,50.0,51.0,44.0,42.0
706,22.0,44.0,51.0,44.0,42.0
707,20.0,42.0,49.0,46.0,48.0
708,20.0,37.0,47.0,46.0,53.0
709,21.0,37.0,48.0,45.0,54.0
710,21.0,41.0,47.0,45.0,52.0
711,22.0,41.0,43.0,45.0,49.0
712,23.0,39.0,41.0,48.0,47.0
713,22.0,37.0,41.0,51.0,43.0
714,22.0,35.0,40.0,59.0,42.0
715,24.0,34.0,40.0,60.0,37.0
716,29.0,34.0,42.0,56.0,35.0
717,22.0,39.0,43.0,51.0,33.0
718,22.0,41.0,39.0,53.0,34.0
719,21.0,40.0,35.0,51.0,36.0
720,22.0,40.0,34.0,47.0,39.0
721,17.0,37.0,29.0,44.0,43.0
722,17.0,37.0,31.0,44.0,44.0
723,17.0,39.0,30.0,46.0,44.0
724,17.0,38.0,30.0,49.0,42.0
725,16.0,44.0,31.0,47.0,39.0
726,15.0,47.0,33.0,45.0,42.0
727,15.0,42.0,37.0,40.0,40.0
728,14.0,40.0,40.0,37.0,43.0
729,14.0,40.0,42.0,37.0,38.0
730,14.0,37.0,47.0,33.0,35.0
731,17.0,37.0,51.0,33.0,37.0
732,19.0,37.0,47.0,32.0,37.0
733,20.0,38.0,48.0,30.0,37.0
734,23.0,38.0,48.0,28.0,34.0
735,22.0,43.0,50.0,25.0,34.0
736,23.0,40.0,50.0,20.0,35.0
737,28.0,37.0,47.0,19.0,34.0
738,30.0,40.0,45.0,19.0,34.0
739,30.0,39.0,47.0,19.0,30.0
740,36.0,32.0,49.0,20.0,29.0
741,37.0,32.0,45.0,23.0,32.0
742,38.0,32.0,45.0,28.0,35.0
743,37.0,31.0,46.0,28.0,39.0
744,35.0,33.0,46.0,27.0,39.0
745,32.0,36.0,47.0,26.0,37.0
746,31.0,38.0,49.0,24.0,36.0
747,29.0,41.0,47.0,23.0,35.0
748,27.0,41.0,54.0,25.0,29.0
749,29.0,39.0,54.0,31.0,27.0
750,28.0,36.0,56.0,29.0,29.0
751,27.0,38.0,57.0,28.0,31.0
752,28.0,39.0,59.0,27.0,30.0
753,26.0,41.0,59.0,27.0,28.0
754,24.0,45.0,55.0,25.0,31.0
755,20.0,46.0,54.0,24.0,29.0
756,18.0,45.0,53.0,25.0,28.0
757,18.0,49.0,53.0,22.0,26.0
758,15.0,50.0,54.0,19.0,26.0
759,14.0,50.0,56.0,19.0,25.0
760,18.0,48.0,56.0,20.0,23.0
761,16.0,44.0,60.0,23.0,22.0
762,24.0,46.0,57.0,29.0,21.0
763,28.0,46.0,56.0,27.0,22.0
764,29.0,46.0,55.0,26.0,24.0
765,29.0,51.0,52.0,25.0,24.0
766,29.0,50.0,55.0,25.0,21.0
767,28.0,55.0,53.0,23.0,24.0
768,27.0,55.0,49.0,21.0,28.0
769,26.0,55.0,50.0,21.0,31.0
770,24.0,58.0,48.0,19.0,32.0
771,20.0,63.0,39.0,15.0,33.0
772,20.0,64.0,41.0,12.0,35.0
773,19.0,61.0,47.0,12.0,38.0
774,18.0,57.0,50.0,14.0,38.0
775,17.0,56.0,50.0,13.0,40.0
776,17.0,55.0,50.0,13.0,51.0
777,15.0,53.0,46.0,19.0,54.0
778,14.0,54.0,45.0,25.0,52.0
779,14.0,52.0,44.0,30.0,50.0
780,16.0,50.0,48.0,30.0,47.0
781,24.0,48.0,49.0,27.0,43.0
782,24.0,50.0,44.0,24.0,41.0
783,21.0,55.0,40.0,23.0,38.0
784,20.0,60.0,39.0,21.0,37.0
785,23.0,62.0,37.0,20.0,34.0
786,24.0,60.0,34.0,18.0,34.0
787,27.0,58.0,31.0,20.0,31.0
788,32.0,56.0,28.0,24.0,30.0
789,33.0,56.0,27.0,24.0,28.0
790,34.0,55.0,31.0,21.0,27.0
791,36.0,52.0,32.0,20.0,24.0
792,38.0,55.0,32.0,20.0,24.0
793,40.0,54.0,32.0,21.0,23.0
794,42.0,53.0,28.0,20.0,22.0
795,44.0,55.0,27.0,18.0,22.0
796,46.0,55.0,26.0,18.0,20.0
797,47.0,53.0,27.0,14.0,23.0
798,45.0,51.0,32.0,15.0,23.0
799,43.0,48.0,40.0,14.0,25.0
800,41.0,46.0,41.0,12.0,30.0
801,36.0,45.0,39.0,20.0,38.0
802,34.0,50.0,35.0,21.0,34.0
803,32.0,52.0,33.0,22.0,36.0
804,32.0,54.0,32.0,23.0,41.0
805,29.0,51.0,30.0,21.0,43.0
806,29.0,53.0,28.0,20.0,49.0
807,30.0,54.0,25.0,20.0,51.0
808,30.0,57.0,25.0,20.0,50.0
809,32.0,56.0,21.0,18.0,48.0
810,39.0,55.0,21.0,14.0,44.0
811,36.0,55.0,28.0,15.0,40.0
812,30.0,52.0,33.0,19.0,36.0
813,31.0,52.0,36.0,25.0,36.0
814,32.0,50.0,35.0,25.0,37.0
815,36.0,46.0,36.0,24.0,32.0
816,36.0,45.0,41.0,20.0,30.0
817,31.0,41.0,45.0,20.0,30.0
818,27.0,47.0,43.0,18.0,30.0
819,25.0,50.0,42.0,18.0,34.0
820,24.0,47.0,43.0,18.0,35.0
821,22.0,55.0,45.0,18.0,35.0
822,18.0,60.0,42.0,16.0,31.0
823,18.0,59.0,42.0,12.0,29.0
824,18.0,56.0,45.0,11.0,29.0
825,16.0,56.0,47.0,10.0,29.0
826,17.0,54.0,43.0,10.0,32.0
827,21.0,51.0,44.0,16.0,32.0
828,23.0,51.0,44.0,19.0,28.0
829,27.0,49.0,44.0,19.0,29.0
830,29.0,47.0,45.0,17.0,26.0
831,30.0,41.0,46.0,17.0,25.0
832,29.0,40.0,52.0,17.0,26.0
833,28.0,37.0,54.0,16.0,29.0
834,28.0,44.0,56.0,11.0,29.0
835,26.0,45.0,55.0,11.0,28.0
836,24.0,43.0,57.0,11.0,28.0
837,24.0,45.0,56.0,10.0,24.0
838,20.0,46.0,54.0,9.0,24.0
839,20.0,46.0,49.0,13.0,24.0
840,18.0,46.0,46.0,24.0,21.0
841,18.0,53.0,43.0,23.0,18.0
842,20.0,53.0,43.0,25.0,21.0
843,19.0,54.0,43.0,29.0,22.0
844,19.0,54.0,45.0,31.0,22.0
845,18.0,52.0,48.0,31.0,22.0
846,17.0,50.0,46.0,31.0,21.0
847,16.0,47.0,46.0,31.0,19.0
848,14.0,45.0,47.0,35.0,16.0
849,14.0,42.0,53.0,33.0,17.0
850,16.0,39.0,53.0,32.0,17.0
851,21.0,37.0,53.0,31.0,16.0
852,22.0,34.0,56.0,31.0,17.0
853,22.0,31.0,61.0,29.0,17.0
854,21.0,34.0,60.0,28.0,21.0
855,20.0,31.0,60.0,27.0,28.0
856,23.0,30.0,53.0,24.0,26.0
857,25.0,30.0,53.0,19.0,24.0
858,25.0,31.0,52.0,25.0,23.0
859,23.0,31.0,49.0,26.0,25.0
860,21.0,34.0,50.0,27.0,25.0
861,21.0,35.0,46.0,32.0,23.0
862,21.0,40.0,44.0,33.0,23.0
863,27.0,43.0,41.0,33.0,20.0
864,30.0,44.0,38.0,33.0,19.0
865,27.0,44.0,37.0,29.0,16.0
866,26.0,47.0,36.0,27.0,17.0
867,26.0,50.0,35.0,33.0,23.0
868,25.0,48.0,35.0,38.0,27.0
869,24.0,46.0,33.0,37.0,36.0
870,23.0,42.0,37.0,35.0,38.0
871,21.0,39.0,37.0,32.0,37.0
872,19.0,41.0,43.0,31.0,40.0
873,18.0,41.0,45.0,30.0,37.0
874,18.0,44.0,44.0,30.0,37.0
875,18.0,45.0,38.0,30.0,36.0
876,15.0,46.0,33.0,33.0,36.0
877,13.0,44.0,31.0,40.0,37.0
878,18.0,43.0,28.0,39.0,38.0
879,20.0,37.0,26.0,34.0,44.0
880,16.0,40.0,25.0,40.0,41.0
881,16.0,40.0,23.0,41.0,38.0
882,15.0,41.0,24.0,40.0,39.0
883,16.0,38.0,24.0,39.0,35.0
884,16.0,40.0,24.0,38.0,33.0
885,16.0,41.0,27.0,38.0,35.0
886,18.0,46.0,30.0,36.0,32.0
887,21.0,45.0,28.0,36.0,31.0
888,26.0,43.0,32.0,36.0,30.0
889,30.0,44.0,31.0,33.0,29.0
890,31.0,41.0,37.0,31.0,27.0
891,32.0,41.0,42.0,29.0,28.0
892,32.0,43.0,45.0,35.0,30.0
893,30.0,42.0,43.0,34.0,33.0
894,27.0,40.0,42.0,31.0,38.0
895,25.0,44.0,39.0,33.0,37.0
896,26.0,48.0,35.0,33.0,38.0
897,25.0,47.0,31.0,39.0,36.0
898,23.0,44.0,31.0,40.0,37.0
899,27.0,40.0,30.0,39.0,39.0
900,30.0,39.0,27.0,39.0,39.0
901,27.0,36.0,26.0,40.0,34.0
902,27.0,41.0,29.0,40.0,31.0
903,29.0,37.0,40.0,37.0,30.0
904,29.0,39.0,41.0,34.0,29.0
905,28.0,40.0,40.0,35.0,29.0
906,31.0,38.0,41.0,33.0,32.0
907,33.0,36.0,36.0,33.0,30.0
908,30.0,40.0,36.0,38.0,27.0
909,30.0,38.0,40.0,39.0,28.0
910,28.0,37.0,42.0,36.0,27.0
911,29.0,34.0,41.0,31.0,34.0
912,26.0,35.0,40.0,33.0,37.0
913,26.0,40.0,38.0,34.0,35.0
914,23.0,44.0,35.0,34.0,32.0
915,23.0,45.0,28.0,35.0,33.0
916,23.0,47.0,26.0,37.0,33.0
917,23.0,49.0,30.0,36.0,29.0
918,22.0,49.0,32.0,34.0,27.0
919,23.0,56.0,33.0,31.0,26.0
920,26.0,56.0,45.0,31.0,22.0
921,27.0,55.0,49.0,32.0,20.0
922,24.0,54.0,47.0,30.0,19.0
923,24.0,61.0,45.0,33.0,19.0
924,22.0,65.0,42.0,33.0,20.0
925,23.0,64.0,42.0,37.0,26.0
926,23.0,57.0,38.0,40.0,30.0
927,21.0,52.0,40.0,41.0,30.0
928,25.0,49.0,40.0,39.0,32.0
929,32.0,49.0,38.0,40.0,32.0
930,34.0,52.0,37.0,36.0,33.0
931,32.0,54.0,34.0,35.0,32.0
932,31.0,57.0,33.0,34.0,30.0
933,30.0,60.0,28.0,33.0,28.0
934,30.0,62.0,28.0,38.0,27.0
935,29.0,62.0,36.0,38.0,25.0
936,29.0,59.0,38.0,37.0,22.0
937,37.0,56.0,43.0,33.0,23.0
938,36.0,53.0,43.0,30.0,25.0
939,35.0,51.0,41.0,28.0,25.0
940,32.0,46.0,47.0,28.0,28.0
941,31.0,46.0,49.0,34.0,30.0
942,30.0,45.0,43.0,34.0,34.0
943,29.0,41.0,41.0,39.0,35.0
944,28.0,39.0,37.0,44.0,34.0
945,27.0,37.0,37.0,44.0,42.0
946,26.0,36.0,34.0,42.0,49.0
947,24.0,40.0,31.0,42.0,47.0
948,25.0,47.0,28.0,38.0,44.0
949,35.0,45.0,29.0,39.0,42.0
950,42.0,41.0,27.0,39.0,41.0
951,41.0,43.0,27.0,41.0,36.0
952,40.0,44.0,34.0,41.0,35.0
953,40.0,41.0,39.0,39.0,35.0
954,39.0,39.0,40.0,39.0,40.0
955,38.0,42.0,38.0,40.0,41.0
956,39.0,39.0,37.0,41.0,40.0
957,39.0,39.0,37.0,43.0,38.0
958,39.0,39.0,36.0,41.0,34.0
959,45.0,38.0,34.0,41.0,34.0
960,44.0,38.0,33.0,43.0,37.0
961,38.0,37.0,26.0,40.0,39.0
962,37.0,33.0,23.0,36.0,43.0
963,35.0,40.0,25.0,37.0,42.0
964,32.0,40.0,20.0,46.0,41.0
965,30.0,41.0,27.0,47.0,41.0
966,30.0,40.0,29.0,45.0,48.0
967,29.0,38.0,34.0,43.0,48.0
968,29.0,33.0,37.0,41.0,47.0
969,29.0,30.0,42.0,41.0,43.0
970,25.0,34.0,45.0,38.0,51.0
971,23.0,34.0,43.0,34.0,51.0
972,27.0,34.0,40.0,34.0,54.0
973,32.0,33.0,39.0,38.0,52.0
974,30.0,31.0,38.0,39.0,51.0
975,32.0,32.0,35.0,40.0,51.0
976,32.0,33.0,35.0,38.0,46.0
977,32.0,42.0,30.0,39.0,42.0
978,32.0,46.0,29.0,39.0,42.0
979,33.0,43.0,27.0,43.0,36.0
980,32.0,42.0,26.0,44.0,32.0
981,33.0,39.0,30.0,41.0,30.0
982,33.0,41.0,35.0,41.0,28.0
983,32.0,45.0,37.0,43.0,28.0
984,29.0,43.0,36.0,41.0,25.0
985,30.0,51.0,34.0,38.0,24.0
986,34.0,51.0,30.0,37.0,27.0
987,35.0,50.0,30.0,36.0,32.0
988,35.0,45.0,30.0,35.0,33.0
989,34.0,54.0,28.0,32.0,32.0
990,32.0,57.0,25.0,34.0,31.0
991,29.0,57.0,22.0,33.0,28.0
992,28.0,56.0,24.0,36.0,28.0
993,25.0,51.0,30.0,40.0,26.0
994,24.0,54.0,31.0,38.0,26.0
995,21.0,49.0,33.0,40.0,27.0
996,18.0,45.0,35.0,38.0,25.0
997,18.0,51.0,37.0,34.0,23.0
998,18.0,47.0,38.0,35.0,26.0
999,17.0,49.0,37.0,33.0,25.0
1000,15.0,49.0,39.0,37.0,25.0
