1,0.0,15205.284441455122,5880.102646659868,0.0,0.0,0.0,0.0,0.0
2,0.0,14961.517062862096,6137.945767598534,0.0,0.0,0.0,0.0,0.0
3,0.0,14411.0863124297,6088.228325863084,0.0,0.0,0.0,0.0,0.0
4,0.0,13964.574318486038,6126.87210446742,0.0,0.0,0.0,0.0,0.0
5,0.0,13807.634866360746,6016.808514346258,0.0,0.0,0.0,0.0,0.0
6,0.0,13717.51200983442,5915.913140440281,0.0,0.0,0.0,0.0,0.0
7,0.0,13447.337519707686,5951.756456091321,0.0,0.0,0.0,0.0,0.0
8,0.0,13303.15052574804,5919.271779362802,0.0,0.0,0.0,0.0,0.0
9,0.0,13322.928943588558,5911.741492781073,0.0,0.0,0.0,0.0,0.0
10,0.0,13405.620159515232,5872.506880380542,0.0,0.0,0.0,0.0,0.0
11,0.0,13554.617579577163,5783.0752328731505,0.0,0.0,0.0,0.0,0.0
12,0.0,13595.40738373829,5795.846426194838,0.0,0.0,0.0,0.0,0.0
13,0.0,13551.919530824833,5752.3976922019965,0.0,0.0,0.0,0.0,0.0
14,0.0,13707.69905650652,5742.050187617142,0.0,0.0,0.0,0.0,0.0
15,0.0,13575.40504255655,5751.980899816775,0.0,0.0,0.0,0.0,0.0
16,0.0,13565.361924746747,5673.170791575673,0.0,0.0,0.0,0.0,0.0
17,0.0,13556.403556277957,5702.7485741919745,0.0,0.0,0.0,0.0,0.0
18,0.0,13476.077530444483,5686.871033613864,0.0,0.0,0.0,0.0,0.0
19,0.0,13425.055354689566,5632.345820711358,0.0,0.0,0.0,0.0,0.0
20,0.0,13385.784774008836,5666.229346412834,0.0,0.0,0.0,0.0,0.0
21,0.0,13360.000040846357,5535.555678879863,0.0,0.0,0.0,0.0,0.0
22,0.0,13197.236387864983,5599.1590490684,0.0,0.0,0.0,0.0,0.0
23,0.0,13235.262840362657,5456.026445839744,0.0,0.0,0.0,0.0,0.0
24,0.0,13382.378654491798,5466.036925939423,0.0,0.0,0.0,0.0,0.0
25,0.0,13404.119125102066,5465.593697060805,0.0,0.0,0.0,0.0,0.0
26,0.0,13537.175509358232,5439.979059865358,0.0,0.0,0.0,0.0,0.0
27,0.0,13577.534948633354,5461.335446211549,0.0,0.0,0.0,0.0,0.0
28,0.0,13632.414297856623,5448.779705285414,0.0,0.0,0.0,0.0,0.0
29,0.0,13898.217023377352,5400.599287742714,0.0,0.0,0.0,0.0,0.0
30,0.0,13973.822650563987,5461.583200041576,0.0,0.0,0.0,0.0,0.0
31,0.0,13960.906488840055,5396.974969460036,0.0,0.0,0.0,0.0,0.0
32,0.0,14156.04550616516,5350.089494034091,0.0,0.0,0.0,0.0,0.0
33,0.0,14133.588715947642,5375.481378092458,0.0,0.0,0.0,0.0,0.0
34,0.0,14198.557069109655,5303.1407720126745,0.0,0.0,0.0,0.0,0.0
35,0.0,14379.412310495778,5281.104900843004,0.0,0.0,0.0,0.0,0.0
36,0.0,14395.767463504184,5294.407762329653,0.0,0.0,0.0,0.0,0.0
37,0.0,14341.979089703626,5235.104527995881,0.0,0.0,0.0,0.0,0.0
38,0.0,14467.261671418748,5160.115542940096,0.0,0.0,0.0,0.0,0.0
39,0.0,14428.636396628464,5227.389251981875,0.0,0.0,0.0,0.0,0.0
40,0.0,14295.316358164833,5205.792558810609,0.0,0.0,0.0,0.0,0.0
41,0.0,14121.859756027994,5174.297676380432,0.0,0.0,0.0,0.0,0.0
42,0.0,14118.670231080398,5060.0999435168505,0.0,0.0,0.0,0.0,0.0
43,0.0,14029.62235358764,5031.305926915226,0.0,0.0,0.0,0.0,0.0
44,0.0,14174.54965018106,5023.448610054164,0.0,0.0,0.0,0.0,0.0
45,0.0,14102.920195609851,5090.452606574185,0.0,0.0,0.0,0.0,0.0
46,0.0,14079.450466986375,5010.283750557891,0.0,0.0,0.0,0.0,0.0
47,0.0,14172.621325921855,4985.441664106084,0.0,0.0,0.0,0.0,0.0
48,0.0,14157.533375063118,4982.106311420858,0.0,0.0,0.0,0.0,0.0
49,0.0,13993.472983895024,5041.195584152342,0.0,0.0,0.0,0.0,0.0
50,0.0,13922.6851059895,5036.33667067857,0.0,0.0,0.0,0.0,0.0
51,0.0,13782.441565447489,5056.481811637186,0.0,0.0,0.0,0.0,0.0
52,0.0,13634.218310316111,5039.764554388404,0.0,0.0,0.0,0.0,0.0
53,0.0,13557.742114216686,5052.684382963812,0.0,0.0,0.0,0.0,0.0
54,0.0,13520.844839962774,5026.439797279471,0.0,0.0,0.0,0.0,0.0
55,0.0,13396.24984006822,5045.0952501741485,0.0,0.0,0.0,0.0,0.0
56,0.0,13423.897779068284,5058.290405778876,0.0,0.0,0.0,0.0,0.0
57,0.0,13295.108183372575,5109.8556241590995,0.0,0.0,0.0,0.0,0.0
58,0.0,13150.662405142548,5125.106898261597,0.0,0.0,0.0,0.0,0.0
59,0.0,13191.291240266582,5065.510894140311,0.0,0.0,0.0,0.0,0.0
60,0.0,13304.883493699324,5066.423217995133,0.0,0.0,0.0,0.0,0.0
61,0.0,13240.853863742099,5112.5714150704025,0.0,0.0,0.0,0.0,0.0
62,0.0,13410.101180555212,5113.105735027873,0.0,0.0,0.0,0.0,0.0
63,0.0,13553.216045975494,5195.430023095648,0.0,0.0,0.0,0.0,0.0
64,0.0,13594.870735748893,5322.045459633937,0.0,0.0,0.0,0.0,0.0
65,0.0,13698.601537967033,5347.671274233401,0.0,0.0,0.0,0.0,0.0
66,0.0,13952.44233254037,5362.883400287162,0.0,0.0,0.0,0.0,0.0
67,0.0,13989.350040599538,5459.61824607461,0.0,0.0,0.0,0.0,0.0
68,0.0,14076.949613886698,5469.720565326204,0.0,0.0,0.0,0.0,0.0
69,0.0,14166.649860778063,5553.876725234468,0.0,0.0,0.0,0.0,0.0
70,0.0,14226.324722202668,5651.933740718236,0.0,0.0,0.0,0.0,0.0
71,0.0,14209.97975514861,5685.850645223427,0.0,0.0,0.0,0.0,0.0
72,0.0,14334.937915353546,5711.735914301567,0.0,0.0,0.0,0.0,0.0
73,0.0,14534.094300087689,5640.033766212903,0.0,0.0,0.0,0.0,0.0
74,0.0,14524.902209682019,5796.286378361918,0.0,0.0,0.0,0.0,0.0
75,0.0,14608.597291455004,5811.693536008702,0.0,0.0,0.0,0.0,0.0
76,0.0,14561.560362505226,5866.866877908914,0.0,0.0,0.0,0.0,0.0
77,0.0,14643.15471371828,5869.236548471119,0.0,0.0,0.0,0.0,0.0
78,0.0,14666.021180800071,5897.280547664229,0.0,0.0,0.0,0.0,0.0
79,0.0,14756.036585735494,5965.010995763926,0.0,0.0,0.0,0.0,0.0
80,0.0,14926.58429633279,5963.470433867555,0.0,0.0,0.0,0.0,0.0
81,0.0,14968.538618423101,5995.612045189869,0.0,0.0,0.0,0.0,0.0
82,0.0,15183.845618315141,5978.0737195289,0.0,0.0,0.0,0.0,0.0
83,0.0,15406.685383074218,6022.404778936306,0.0,0.0,0.0,0.0,0.0
84,0.0,15486.08014093369,6136.783056735431,0.0,0.0,0.0,0.0,0.0
85,0.0,15612.122953119702,6231.406842772574,0.0,0.0,0.0,0.0,0.0
86,0.0,15825.852435319586,6279.590418768216,0.0,0.0,0.0,0.0,0.0
87,0.0,15950.238284821291,6317.957256806937,0.0,0.0,0.0,0.0,0.0
88,0.0,15883.099756049862,6433.407649638024,0.0,0.0,0.0,0.0,0.0
89,0.0,15919.068163665774,6444.975462476215,0.0,0.0,0.0,0.0,0.0
90,0.0,16014.500847542979,6519.163761922138,0.0,0.0,0.0,0.0,0.0
91,0.0,16301.017777892557,6548.950758367359,0.0,0.0,0.0,0.0,0.0
92,0.0,16397.86788645775,6657.4464783713,0.0,0.0,0.0,0.0,0.0
93,0.0,16642.019137584408,6688.878303415616,0.0,0.0,0.0,0.0,0.0
94,0.0,16695.018328949223,6792.019403412617,0.0,0.0,0.0,0.0,0.0
95,0.0,16906.744996675185,6826.558082993768,0.0,0.0,0.0,0.0,0.0
96,0.0,16931.721992867355,6857.693195904929,0.0,0.0,0.0,0.0,0.0
97,0.0,17033.232897279922,6989.142920390251,0.0,0.0,0.0,0.0,0.0
98,0.0,17167.846968224636,7121.142197184684,0.0,0.0,0.0,0.0,0.0
99,0.0,17256.89668956012,7124.235930227908,0.0,0.0,0.0,0.0,0.0
100,0.0,17475.72854241218,7147.197124099869,0.0,0.0,0.0,0.0,0.0
101,0.0,17641.194970951812,7278.474914103649,0.0,0.0,0.0,0.0,0.0
102,0.0,17849.77298357459,7305.213560710773,0.0,0.0,0.0,0.0,0.0
103,0.0,18104.67938233529,7427.785786671689,0.0,0.0,0.0,0.0,0.0
104,0.0,18426.999236807562,7442.364604965151,0.0,0.0,0.0,0.0,0.0
105,0.0,18576.421717408084,7555.014012906366,0.0,0.0,0.0,0.0,0.0
106,0.0,18784.642934655574,7652.87329224278,0.0,0.0,0.0,0.0,0.0
107,0.0,18995.341864991133,7629.98084641792,0.0,0.0,0.0,0.0,0.0
108,0.0,19333.587502637205,7734.162112669512,0.0,0.0,0.0,0.0,0.0
109,0.0,19400.808181338703,7824.0145066695495,0.0,0.0,0.0,0.0,0.0
110,0.0,19685.16510783069,8018.825788319663,0.0,0.0,0.0,0.0,0.0
111,0.0,19899.872633704366,8187.606775542356,0.0,0.0,0.0,0.0,0.0
112,0.0,20166.238936093414,8224.68914498834,0.0,0.0,0.0,0.0,0.0
113,0.0,20445.353560866068,8293.970181962797,0.0,0.0,0.0,0.0,0.0
114,0.0,20653.15517762836,8332.09476954419,0.0,0.0,0.0,0.0,0.0
115,0.0,21030.859367691275,8319.950904322113,0.0,0.0,0.0,0.0,0.0
116,0.0,21121.41958950119,8485.456712800811,0.0,0.0,0.0,0.0,0.0
117,0.0,21350.853393703197,8618.554682522426,0.0,0.0,0.0,0.0,0.0
118,0.0,21563.591293052275,8753.056012215697,0.0,0.0,0.0,0.0,0.0
119,0.0,21715.52648821145,8758.082443835718,0.0,0.0,0.0,0.0,0.0
120,0.0,21822.27430742726,8729.612985856009,0.0,0.0,0.0,0.0,0.0
121,0.0,22125.116151542265,8754.979673592521,0.0,0.0,0.0,0.0,0.0
122,0.0,22173.205450738995,8881.654272604368,0.0,0.0,0.0,0.0,0.0
123,0.0,22257.16431768465,8955.418882576483,0.0,0.0,0.0,0.0,0.0
124,0.0,22462.52441641505,9043.397009543576,0.0,0.0,0.0,0.0,0.0
125,0.0,22500.996857627968,9148.604770344102,0.0,0.0,0.0,0.0,0.0
126,0.0,22874.511592039253,9107.172851607851,0.0,0.0,0.0,0.0,0.0
127,0.0,22941.13196444739,9334.434883389056,0.0,0.0,0.0,0.0,0.0
128,0.0,23225.85491100093,9358.934099481614,0.0,0.0,0.0,0.0,0.0
129,0.0,23267.928462668926,9435.280009584942,0.0,0.0,0.0,0.0,0.0
130,0.0,23605.30704487528,9404.987050229336,0.0,0.0,0.0,0.0,0.0
131,0.0,23779.125377976823,9427.774138064611,0.0,0.0,0.0,0.0,0.0
132,0.0,24200.84429168649,9507.660102833901,0.0,0.0,0.0,0.0,0.0
133,0.0,24587.762733421077,9601.05032003251,0.0,0.0,0.0,0.0,0.0
134,0.0,24747.34900167424,9834.122507654689,0.0,0.0,0.0,0.0,0.0
135,0.0,25205.0202966593,9789.385321872003,0.0,0.0,0.0,0.0,0.0
136,0.0,25412.46034515195,9929.680886309723,0.0,0.0,0.0,0.0,0.0
137,0.0,25411.1941623589,10047.195761458244,0.0,0.0,0.0,0.0,0.0
138,0.0,25698.046081727436,10077.22141793355,0.0,0.0,0.0,0.0,0.0
139,0.0,26012.147740741548,10205.135880663578,0.0,0.0,0.0,0.0,0.0
140,0.0,26172.38836829373,10294.664393788356,0.0,0.0,0.0,0.0,0.0
141,0.0,26532.94715875725,10288.777899034512,0.0,0.0,0.0,0.0,0.0
142,0.0,26611.34186516955,10411.617080981152,0.0,0.0,0.0,0.0,0.0
143,0.0,26973.68629727721,10408.95296983889,0.0,0.0,0.0,0.0,0.0
144,0.0,27073.096923614205,10592.706616522697,0.0,0.0,0.0,0.0,0.0
145,0.0,27060.267601612395,10558.360647831212,0.0,0.0,0.0,0.0,0.0
146,0.0,27257.132660279985,10697.405407862721,0.0,0.0,0.0,0.0,0.0
147,0.0,27603.29098168511,10777.714819358916,0.0,0.0,0.0,0.0,0.0
148,0.0,27726.035924844706,10934.164691754606,0.0,0.0,0.0,0.0,0.0
149,0.0,28150.283373708557,11005.025151525186,0.0,0.0,0.0,0.0,0.0
150,0.0,28632.822285371116,11272.205480213514,0.0,0.0,0.0,0.0,0.0
151,0.0,28783.659554104503,11509.808796995467,0.0,0.0,0.0,0.0,0.0
152,0.0,28899.861420064834,11552.740010251347,0.0,0.0,0.0,0.0,0.0
153,0.0,29093.78494002046,11721.201466523544,0.0,0.0,0.0,0.0,0.0
154,0.0,29050.248398130672,11734.249114380253,0.0,0.0,0.0,0.0,0.0
155,0.0,29323.42362312628,11853.203937074015,0.0,0.0,0.0,0.0,0.0
156,0.0,29284.582114301284,11913.874006904482,0.0,0.0,0.0,0.0,0.0
157,0.0,29302.16172884396,11915.989869453299,0.0,0.0,0.0,0.0,0.0
158,0.0,29381.54024102211,11935.196861542814,0.0,0.0,0.0,0.0,0.0
159,0.0,29814.183122693128,11904.60162621886,0.0,0.0,0.0,0.0,0.0
160,0.0,30227.66645659747,12149.612282593956,0.0,0.0,0.0,0.0,0.0
161,0.0,30609.83957322113,12340.939660675818,0.0,0.0,0.0,0.0,0.0
162,0.0,30780.713821787678,12389.928583460338,0.0,0.0,0.0,0.0,0.0
163,0.0,31272.75051852411,12471.97421877735,0.0,0.0,0.0,0.0,0.0
164,0.0,31710.203600652723,12672.394123363356,0.0,0.0,0.0,0.0,0.0
165,0.0,31811.95702774904,12850.777481468689,0.0,0.0,0.0,0.0,0.0
166,0.0,32231.204476444545,12863.223364780675,0.0,0.0,0.0,0.0,0.0
167,0.0,32284.57927694937,12955.35782954612,0.0,0.0,0.0,0.0,0.0
168,0.0,32688.989337609695,13018.23784866455,0.0,0.0,0.0,0.0,0.0
169,0.0,33247.34874381622,12956.357381693933,0.0,0.0,0.0,0.0,0.0
170,0.0,33743.47795067897,13133.601785992569,0.0,0.0,0.0,0.0,0.0
171,0.0,34214.04432467258,13293.932067513084,0.0,0.0,0.0,0.0,0.0
172,0.0,34556.84602341008,13387.00707845371,0.0,0.0,0.0,0.0,0.0
173,0.0,35168.08996179975,13427.919370392508,0.0,0.0,0.0,0.0,0.0
174,0.0,35466.84955102626,13578.134289223026,0.0,0.0,0.0,0.0,0.0
175,0.0,35612.561624499845,13597.132169636718,0.0,0.0,0.0,0.0,0.0
176,0.0,36006.744059777775,13647.18384545794,0.0,0.0,0.0,0.0,0.0
177,0.0,36652.29005506807,13707.014330968794,0.0,0.0,0.0,0.0,0.0
178,0.0,37027.93401622848,13967.55959476053,0.0,0.0,0.0,0.0,0.0
179,0.0,37348.47767092679,14088.526031719457,0.0,0.0,0.0,0.0,0.0
180,0.0,37831.52686867405,14197.258000204212,0.0,0.0,0.0,0.0,0.0
181,0.0,38230.95101752595,14355.483869019636,0.0,0.0,0.0,0.0,0.0
182,0.0,38457.200475583086,14427.47825657474,0.0,0.0,0.0,0.0,0.0
183,0.0,38981.923558579714,14546.948961023983,0.0,0.0,0.0,0.0,0.0
184,0.0,39581.960824323614,14634.516304927647,0.0,0.0,0.0,0.0,0.0
185,0.0,39880.15935882526,14722.868160167925,0.0,0.0,0.0,0.0,0.0
186,0.0,40398.71871157292,14929.681982527774,0.0,0.0,0.0,0.0,0.0
187,0.0,41148.0006458036,15041.965849469176,0.0,0.0,0.0,0.0,0.0
188,0.0,41791.52521012461,15275.571435729002,0.0,0.0,0.0,0.0,0.0
189,0.0,41966.988491216776,15626.312237987924,0.0,0.0,0.0,0.0,0.0
190,0.0,42781.07986897086,15487.858294602429,0.0,0.0,0.0,0.0,0.0
191,0.0,43317.01206471746,15687.59199875917,0.0,0.0,0.0,0.0,0.0
192,0.0,43362.6664449572,15657.619646563886,0.0,0.0,0.0,0.0,0.0
193,0.0,43906.6172873738,15859.610458725223,0.0,0.0,0.0,0.0,0.0
194,0.0,43932.146520200695,16053.538863921425,0.0,0.0,0.0,0.0,0.0
195,0.0,44559.22648875436,15971.04140476545,0.0,0.0,0.0,0.0,0.0
196,0.0,45225.316539048996,16012.274506012756,0.0,0.0,0.0,0.0,0.0
197,0.0,45555.14911041501,16199.32145789071,0.0,0.0,0.0,0.0,0.0
198,0.0,46358.49708669758,16328.947315869735,0.0,0.0,0.0,0.0,0.0
199,0.0,46689.75047660255,16723.640383397436,0.0,0.0,0.0,0.0,0.0
200,0.0,47649.68132706829,16780.100942795078,0.0,0.0,0.0,0.0,0.0
201,0.0,48024.609212794094,17068.56997291687,0.0,0.0,0.0,0.0,0.0
202,0.0,48646.88317583139,17134.9070566711,0.0,0.0,0.0,0.0,0.0
203,0.0,48953.60705274088,17413.988708171313,0.0,0.0,0.0,0.0,0.0
204,0.0,49469.64850918722,17417.466717737498,0.0,0.0,0.0,0.0,0.0
205,0.0,49831.44402733991,17589.696364989642,0.0,0.0,0.0,0.0,0.0
206,0.0,50528.07394871792,17642.69478346495,0.0,0.0,0.0,0.0,0.0
207,0.0,51359.17836525174,17930.992848858074,0.0,0.0,0.0,0.0,0.0
208,0.0,52085.556443400295,17954.111569246616,0.0,0.0,0.0,0.0,0.0
209,0.0,53103.45155377404,17951.745238176103,0.0,0.0,0.0,0.0,0.0
210,0.0,53754.22681355566,18103.923848205075,0.0,0.0,0.0,0.0,0.0
211,0.0,54499.094349702325,18275.698706451894,0.0,0.0,0.0,0.0,0.0
212,0.0,54660.25998108412,18685.02948228643,0.0,0.0,0.0,0.0,0.0
213,0.0,55276.43337911288,18628.556937707148,0.0,0.0,0.0,0.0,0.0
214,0.0,55650.60988787709,18804.419359410425,0.0,0.0,0.0,0.0,0.0
215,0.0,56342.81179263018,18900.224489428176,0.0,0.0,0.0,0.0,0.0
216,0.0,56614.66513078413,19185.0873760585,0.0,0.0,0.0,0.0,0.0
217,0.0,57444.4773476707,19378.878122016795,0.0,0.0,0.0,0.0,0.0
218,0.0,58107.028907508626,19567.554216348766,0.0,0.0,0.0,0.0,0.0
219,0.0,58708.72723831932,19732.669614474635,0.0,0.0,0.0,0.0,0.0
220,0.0,59620.77483079268,20184.016378391094,0.0,0.0,0.0,0.0,0.0
221,0.0,60627.13541943967,20413.735063277138,0.0,0.0,0.0,0.0,0.0
222,0.0,61052.46564461604,20669.28315456352,0.0,0.0,0.0,0.0,0.0
223,0.0,62088.77819242059,20879.78041419876,0.0,0.0,0.0,0.0,0.0
224,0.0,62845.65097862593,21093.053155988826,0.0,0.0,0.0,0.0,0.0
225,0.0,63031.94755003397,21431.49768986088,0.0,0.0,0.0,0.0,0.0
226,0.0,64043.491805404854,21399.74029023894,0.0,0.0,0.0,0.0,0.0
227,0.0,64533.998581815984,21639.009017167118,0.0,0.0,0.0,0.0,0.0
228,0.0,65596.9695366023,21714.90647045495,0.0,0.0,0.0,0.0,0.0
229,0.0,66655.6210982546,22054.217110437137,0.0,0.0,0.0,0.0,0.0
230,0.0,67247.96314685006,22472.845256324756,0.0,0.0,0.0,0.0,0.0
231,0.0,67642.08086986956,22412.476474384363,0.0,0.0,0.0,0.0,0.0
232,0.0,68400.39639606209,22557.331726904307,0.0,0.0,0.0,0.0,0.0
233,0.0,69346.94297445589,22731.03123360958,0.0,0.0,0.0,0.0,0.0
234,0.0,69753.94573209446,23053.728371213034,0.0,0.0,0.0,0.0,0.0
235,0.0,69878.15292589512,23151.545925339244,0.0,0.0,0.0,0.0,0.0
236,0.0,70448.59940150043,23291.88288068723,0.0,0.0,0.0,0.0,0.0
237,0.0,70540.66764523696,23361.836697064053,0.0,0.0,0.0,0.0,0.0
238,0.0,71402.00094232515,23592.278652652603,0.0,0.0,0.0,0.0,0.0
239,0.0,72444.27944611854,23502.281322153332,0.0,0.0,0.0,0.0,0.0
240,0.0,73313.36874242855,24031.259731030834,0.0,0.0,0.0,0.0,0.0
241,0.0,74384.45443725032,24439.636595528165,0.0,0.0,0.0,0.0,0.0
242,0.0,75363.01748332974,24548.169451457372,0.0,0.0,0.0,0.0,0.0
243,0.0,75954.06187541319,24894.268482626605,0.0,0.0,0.0,0.0,0.0
244,0.0,76916.25017806768,24958.206775967876,0.0,0.0,0.0,0.0,0.0
245,0.0,77239.62707834381,25296.094863510625,0.0,0.0,0.0,0.0,0.0
246,0.0,77377.21957578229,25398.055746221107,0.0,0.0,0.0,0.0,0.0
247,0.0,78234.2381456312,25524.901791094686,0.0,0.0,0.0,0.0,0.0
248,0.0,79529.430270681,25671.936434810075,0.0,0.0,0.0,0.0,0.0
249,0.0,80377.30887382719,26208.968559171855,0.0,0.0,0.0,0.0,0.0
250,0.0,80667.81858643437,26453.285742406126,0.0,0.0,0.0,0.0,0.0
251,0.0,81750.4941548703,26544.98972697745,0.0,0.0,0.0,0.0,0.0
252,0.0,82550.88349079707,27114.207687864557,0.0,0.0,0.0,0.0,0.0
253,0.0,83057.44786641972,27159.538909811752,0.0,0.0,0.0,0.0,0.0
254,0.0,83515.9274354403,27081.088406339055,0.0,0.0,0.0,0.0,0.0
255,0.0,84171.05268500328,27152.32495810109,0.0,0.0,0.0,0.0,0.0
256,0.0,84490.51331701613,27338.46621444856,0.0,0.0,0.0,0.0,0.0
257,0.0,84382.70209882714,27538.052346368488,0.0,0.0,0.0,0.0,0.0
258,0.0,84702.86084986472,27753.945761984596,0.0,0.0,0.0,0.0,0.0
259,0.0,85060.20174040912,27836.558415989988,0.0,0.0,0.0,0.0,0.0
260,0.0,85468.74551799792,27953.8684039517,0.0,0.0,0.0,0.0,0.0
261,0.0,86636.3722258628,28253.016759900576,0.0,0.0,0.0,0.0,0.0
262,0.0,87925.36326978689,28922.338851210683,0.0,0.0,0.0,0.0,0.0
263,0.0,88290.82997949669,29252.670243563596,0.0,0.0,0.0,0.0,0.0
264,0.0,88647.30743837918,29496.20933548134,0.0,0.0,0.0,0.0,0.0
265,0.0,89364.67108663952,29620.78326107558,0.0,0.0,0.0,0.0,0.0
266,0.0,89470.15994868877,29868.801890013943,0.0,0.0,0.0,0.0,0.0
267,0.0,90395.50276246094,29775.845159260163,0.0,0.0,0.0,0.0,0.0
268,0.0,91605.5482298143,30238.293345021553,0.0,0.0,0.0,0.0,0.0
269,0.0,92697.3621728521,30371.039070736562,0.0,0.0,0.0,0.0,0.0
270,0.0,93791.96217580707,30838.73429901364,0.0,0.0,0.0,0.0,0.0
271,0.0,94660.281973644,31241.596851357433,0.0,0.0,0.0,0.0,0.0
272,0.0,95249.30820914873,31313.53167492428,0.0,0.0,0.0,0.0,0.0
273,0.0,94895.74296437042,31527.33365063519,0.0,0.0,0.0,0.0,0.0
274,0.0,95333.29708894639,31676.736566202922,0.0,0.0,0.0,0.0,0.0
275,0.0,94624.87555432148,31769.375758932125,0.0,0.0,0.0,0.0,0.0
276,0.0,93815.5443970745,31825.462572652374,0.0,0.0,0.0,0.0,0.0
277,0.0,93807.02548325573,31836.852337312328,0.0,0.0,0.0,0.0,0.0
278,0.0,94312.0138399776,31992.811674959336,0.0,0.0,0.0,0.0,0.0
279,0.0,93234.57946741019,32268.184706822187,0.0,0.0,0.0,0.0,0.0
280,0.0,93870.7418080237,32717.33661292147,0.0,0.0,0.0,0.0,0.0
281,0.0,94574.74413615033,33164.61197216745,0.0,0.0,0.0,0.0,0.0
282,0.0,95055.352795145,33741.75821090662,0.0,0.0,0.0,0.0,0.0
283,0.0,96573.7402062423,33920.247703452005,0.0,0.0,0.0,0.0,0.0
284,0.0,97091.52014901779,34611.88515724046,0.0,0.0,0.0,0.0,0.0
285,0.0,98573.85696217776,34880.89323060336,0.0,0.0,0.0,0.0,0.0
286,0.0,99032.03358994283,35571.63382283932,0.0,0.0,0.0,0.0,0.0
287,0.0,100041.29744141296,36116.20805704843,0.0,0.0,0.0,0.0,0.0
288,0.0,100805.88751312743,36428.17340899316,0.0,0.0,0.0,0.0,0.0
289,0.0,102353.84029265282,36860.8207300509,0.0,0.0,0.0,0.0,0.0
290,0.0,103927.00299037718,37452.269752251465,0.0,0.0,0.0,0.0,0.0
291,0.0,104820.01661999043,38311.70986955652,0.0,0.0,0.0,0.0,0.0
292,0.0,106634.38406948693,38695.513407417595,0.0,0.0,0.0,0.0,0.0
293,0.0,107599.78720888718,39085.61467124663,0.0,0.0,0.0,0.0,0.0
294,0.0,107955.9433879127,39096.01884846056,0.0,0.0,0.0,0.0,0.0
295,0.0,107369.74857377894,39351.5936413643,0.0,0.0,0.0,0.0,0.0
296,0.0,106161.20268141925,39336.61532104395,0.0,0.0,0.0,0.0,0.0
297,0.0,106354.53594220437,38894.380506817506,0.0,0.0,0.0,0.0,0.0
298,0.0,105907.10553608827,39276.111189872456,0.0,0.0,0.0,0.0,0.0
299,0.0,105398.45771577531,39234.47426160367,0.0,0.0,0.0,0.0,0.0
300,0.0,104987.84560401776,39498.47682518746,0.0,0.0,0.0,0.0,0.0
301,0.0,104718.10270335816,40013.09242019719,0.0,0.0,0.0,0.0,0.0
302,0.0,105686.54781689367,40040.33338256089,0.0,0.0,0.0,0.0,0.0
303,0.0,106902.93077930833,40473.34899379323,0.0,0.0,0.0,0.0,0.0
304,0.0,108085.513418162,41016.26720308424,0.0,0.0,0.0,0.0,0.0
305,0.0,109811.53637724079,41310.48789119622,0.0,0.0,0.0,0.0,0.0
306,0.0,110844.51962629105,41821.413978546436,0.0,0.0,0.0,0.0,0.0
307,0.0,111001.58455032881,42245.861903237295,0.0,0.0,0.0,0.0,0.0
308,0.0,112163.15822993673,42256.654718116595,0.0,0.0,0.0,0.0,0.0
309,0.0,112993.21830262295,42499.16273894782,0.0,0.0,0.0,0.0,0.0
310,0.0,112758.38441191532,42881.11416892457,0.0,0.0,0.0,0.0,0.0
311,0.0,114140.31586676207,42327.21506965441,0.0,0.0,0.0,0.0,0.0
312,0.0,115139.12401661345,43221.52038730948,0.0,0.0,0.0,0.0,0.0
313,0.0,115853.20963842036,43041.537713725,0.0,0.0,0.0,0.0,0.0
314,0.0,115871.31233418941,43170.95887366504,0.0,0.0,0.0,0.0,0.0
315,0.0,116956.94147977888,43228.515973354864,0.0,0.0,0.0,0.0,0.0
316,0.0,117770.18839035649,43885.21287274961,0.0,0.0,0.0,0.0,0.0
317,0.0,117702.14401421131,44163.51500548778,0.0,0.0,0.0,0.0,0.0
318,0.0,119210.82313379445,44126.022698982735,0.0,0.0,0.0,0.0,0.0
319,0.0,119148.9017308524,45038.093527066565,0.0,0.0,0.0,0.0,0.0
320,0.0,120708.87577369975,44936.94864200808,0.0,0.0,0.0,0.0,0.0
321,0.0,121954.97570286028,45201.373637356024,0.0,0.0,0.0,0.0,0.0
322,0.0,123670.5041840184,45684.99406838035,0.0,0.0,0.0,0.0,0.0
323,0.0,124667.4356504044,46310.946576085065,0.0,0.0,0.0,0.0,0.0
324,0.0,125950.69939553566,47116.394074720876,0.0,0.0,0.0,0.0,0.0
325,0.0,126737.86766592081,46827.392085657986,0.0,0.0,0.0,0.0,0.0
326,0.0,128435.080920358,46931.428950274996,0.0,0.0,0.0,0.0,0.0
327,0.0,129891.15268641806,47359.123001733955,0.0,0.0,0.0,0.0,0.0
328,0.0,130888.74020354764,47777.32785474942,0.0,0.0,0.0,0.0,0.0
329,0.0,132701.24660986906,48043.9910097573,0.0,0.0,0.0,0.0,0.0
330,0.0,133172.04570946164,48963.73187698919,0.0,0.0,0.0,0.0,0.0
331,0.0,133038.18991344894,48928.16598509387,0.0,0.0,0.0,0.0,0.0
332,0.0,134669.42889772932,48856.78158934016,0.0,0.0,0.0,0.0,0.0
333,0.0,136246.11339593527,49564.61497295692,0.0,0.0,0.0,0.0,0.0
334,0.0,136028.35685427926,50462.26231576235,0.0,0.0,0.0,0.0,0.0
335,0.0,136016.6241049689,50339.38249114832,0.0,0.0,0.0,0.0,0.0
336,0.0,136675.90650066992,50822.89383508838,0.0,0.0,0.0,0.0,0.0
337,0.0,136454.04682971616,51077.96371237122,0.0,0.0,0.0,0.0,0.0
338,0.0,137558.7417757081,51358.00472685389,0.0,0.0,0.0,0.0,0.0
339,0.0,138227.7467149229,52144.21340664686,0.0,0.0,0.0,0.0,0.0
340,0.0,139415.4959043524,52455.03241712878,0.0,0.0,0.0,0.0,0.0
341,0.0,140927.77328674804,53261.37047208808,0.0,0.0,0.0,0.0,0.0
342,0.0,141706.23289622602,53750.41670809416,0.0,0.0,0.0,0.0,0.0
343,0.0,141773.16512340162,54378.68108319533,0.0,0.0,0.0,0.0,0.0
344,0.0,140933.50538207046,54565.71393287599,0.0,0.0,0.0,0.0,0.0
345,0.0,142276.9328460257,54147.657429665574,0.0,0.0,0.0,0.0,0.0
346,0.0,140951.90452213775,55440.40821315986,0.0,0.0,0.0,0.0,0.0
347,0.0,141915.01145204713,54985.55933726235,0.0,0.0,0.0,0.0,0.0
348,0.0,143858.14880073853,55798.968016065846,0.0,0.0,0.0,0.0,0.0
349,0.0,143252.02095858674,56632.0426134044,0.0,0.0,0.0,0.0,0.0
350,0.0,143295.3171427949,57119.567709554285,0.0,0.0,0.0,0.0,0.0
351,0.0,143365.13931566244,58695.946979055676,0.0,0.0,0.0,0.0,0.0
352,0.0,144104.27571537107,58560.3894780657,0.0,0.0,0.0,0.0,0.0
353,0.0,145705.4088923686,59244.96404363884,0.0,0.0,0.0,0.0,0.0
354,0.0,144336.01834159542,60060.83510140515,0.0,0.0,0.0,0.0,0.0
355,0.0,144002.13364413008,59559.872441979285,0.0,0.0,0.0,0.0,0.0
356,0.0,143529.0674403155,60521.71290286543,0.0,0.0,0.0,0.0,0.0
357,0.0,143685.08103742186,60450.832342293244,0.0,0.0,0.0,0.0,0.0
358,0.0,143478.6203334109,60680.652355243816,0.0,0.0,0.0,0.0,0.0
359,0.0,143622.9056340526,61357.83381819982,0.0,0.0,0.0,0.0,0.0
360,0.0,143156.05566218134,62407.87723643563,0.0,0.0,0.0,0.0,0.0
361,0.0,144429.75587502337,62662.39412786859,0.0,0.0,0.0,0.0,0.0
362,0.0,144675.30394605888,62795.50166625267,0.0,0.0,0.0,0.0,0.0
363,0.0,143721.91358248406,64278.859318079165,0.0,0.0,0.0,0.0,0.0
364,0.0,144216.19910744403,64059.6757772966,0.0,0.0,0.0,0.0,0.0
365,0.0,145747.54023691625,64978.8981363731,0.0,0.0,0.0,0.0,0.0
366,0.0,144820.53660727406,65376.138685923775,0.0,0.0,0.0,0.0,0.0
367,0.0,146971.69727967665,65258.99616277352,0.0,0.0,0.0,0.0,0.0
368,0.0,148930.76943649186,66162.29803993808,0.0,0.0,0.0,0.0,0.0
369,0.0,149983.51133420202,66636.75045856494,0.0,0.0,0.0,0.0,0.0
370,0.0,152296.95264587097,68326.00303877497,0.0,0.0,0.0,0.0,0.0
371,0.0,155194.1631075359,68790.74873119153,0.0,0.0,0.0,0.0,0.0
372,0.0,156950.82508881608,70314.62623038657,0.0,0.0,0.0,0.0,0.0
373,0.0,160300.7406130579,71383.96426947761,0.0,0.0,0.0,0.0,0.0
374,0.0,160596.61915409318,71760.45557166469,0.0,0.0,0.0,0.0,0.0
375,0.0,162102.01528577422,71661.21048065035,0.0,0.0,0.0,0.0,0.0
376,0.0,163222.6175637541,72374.75364381389,0.0,0.0,0.0,0.0,0.0
377,0.0,162846.83110258894,73084.92214371388,0.0,0.0,0.0,0.0,0.0
378,0.0,165009.8524264639,72783.22410426986,0.0,0.0,0.0,0.0,0.0
379,0.0,163392.05385171718,73923.33076136265,0.0,0.0,0.0,0.0,0.0
380,0.0,163696.38963390203,74053.6916349683,0.0,0.0,0.0,0.0,0.0
381,0.0,162499.29532509198,75365.86830052007,0.0,0.0,0.0,0.0,0.0
382,0.0,162060.1097256381,74094.07516894766,0.0,0.0,0.0,0.0,0.0
383,0.0,163232.48984920388,73655.65346248465,0.0,0.0,0.0,0.0,0.0
384,0.0,165050.84147301555,74417.3591721736,0.0,0.0,0.0,0.0,0.0
385,0.0,166360.35459148514,74777.22092180357,0.0,0.0,0.0,0.0,0.0
386,0.0,168738.7267721017,74580.19368371068,0.0,0.0,0.0,0.0,0.0
387,0.0,169235.94580854967,76726.39083778822,0.0,0.0,0.0,0.0,0.0
388,0.0,172066.5063544735,76933.44646474755,0.0,0.0,0.0,0.0,0.0
389,0.0,173470.78340181598,77500.89035946353,0.0,0.0,0.0,0.0,0.0
390,0.0,174081.95912890052,77922.06245337232,0.0,0.0,0.0,0.0,0.0
391,0.0,176172.2478755479,78258.32050978047,0.0,0.0,0.0,0.0,0.0
392,0.0,177520.5608877182,79409.15356556105,0.0,0.0,0.0,0.0,0.0
393,0.0,179996.96618783992,79816.34658464018,0.0,0.0,0.0,0.0,0.0
394,0.0,180042.8301877013,81758.91076079568,0.0,0.0,0.0,0.0,0.0
395,0.0,182427.7575180273,81869.96952306684,0.0,0.0,0.0,0.0,0.0
396,0.0,183765.36229321407,83070.48401234737,0.0,0.0,0.0,0.0,0.0
397,0.0,183666.40131920244,83669.78188395519,0.0,0.0,0.0,0.0,0.0
398,0.0,186223.3697267208,83776.60838814943,0.0,0.0,0.0,0.0,0.0
399,0.0,186038.75660238139,84993.6913741569,0.0,0.0,0.0,0.0,0.0
400,0.0,186616.70367605184,85174.74081577834,0.0,0.0,0.0,0.0,0.0
401,0.0,187685.2566306444,85546.14768915212,0.0,0.0,0.0,0.0,0.0
402,0.0,188678.80089586863,85322.58850898244,0.0,0.0,0.0,0.0,0.0
403,0.0,190986.0402662192,85312.55870480226,0.0,0.0,0.0,0.0,0.0
404,0.0,192581.96500426263,87752.73949049576,0.0,0.0,0.0,0.0,0.0
405,0.0,195413.08356445568,88032.8307923057,0.0,0.0,0.0,0.0,0.0
406,0.0,197431.2036211745,89432.29479774692,0.0,0.0,0.0,0.0,0.0
407,0.0,199957.6683187574,89908.86174266509,0.0,0.0,0.0,0.0,0.0
408,0.0,201838.28725762988,90050.44883065067,0.0,0.0,0.0,0.0,0.0
409,0.0,202265.8222572431,90083.47691353034,0.0,0.0,0.0,0.0,0.0
410,0.0,200893.74553599049,90927.5514925452,0.0,0.0,0.0,0.0,0.0
411,0.0,201606.20078810642,91001.19733721578,0.0,0.0,0.0,0.0,0.0
412,0.0,201847.24925826205,90975.45014902724,0.0,0.0,0.0,0.0,0.0
413,0.0,204491.90312893278,90453.83165725406,0.0,0.0,0.0,0.0,0.0
414,0.0,208313.85577663378,91553.4109098691,0.0,0.0,0.0,0.0,0.0
415,0.0,210187.342711106,92973.14564468534,0.0,0.0,0.0,0.0,0.0
416,0.0,214520.06500451342,92649.60322561528,0.0,0.0,0.0,0.0,0.0
417,0.0,214705.21041195907,94654.67631374873,0.0,0.0,0.0,0.0,0.0
418,0.0,214982.89779137063,95661.17782627075,0.0,0.0,0.0,0.0,0.0
419,0.0,214929.23988174993,96041.88575767109,0.0,0.0,0.0,0.0,0.0
420,0.0,215545.99999237634,95495.86775135892,0.0,0.0,0.0,0.0,0.0
421,0.0,213773.36345289985,96086.10607876373,0.0,0.0,0.0,0.0,0.0
422,0.0,215763.56889149552,96446.180638254,0.0,0.0,0.0,0.0,0.0
423,0.0,216512.8214341737,97409.93744474059,0.0,0.0,0.0,0.0,0.0
424,0.0,217929.79864048568,97468.45740421154,0.0,0.0,0.0,0.0,0.0
425,0.0,219922.47146756315,99212.43229114964,0.0,0.0,0.0,0.0,0.0
426,0.0,219561.15377464512,101947.36834600747,0.0,0.0,0.0,0.0,0.0
427,0.0,220793.64983140441,103034.76368300478,0.0,0.0,0.0,0.0,0.0
428,0.0,222450.42032064433,104187.71211545523,0.0,0.0,0.0,0.0,0.0
429,0.0,222980.65567765682,105099.81433563554,0.0,0.0,0.0,0.0,0.0
430,0.0,222397.33680456787,105747.6416271472,0.0,0.0,0.0,0.0,0.0
431,0.0,224768.78544973893,105085.27730724709,0.0,0.0,0.0,0.0,0.0
432,0.0,227396.54197499127,106622.3791535532,0.0,0.0,0.0,0.0,0.0
433,0.0,227785.3911474657,108137.22153947326,0.0,0.0,0.0,0.0,0.0
434,0.0,228875.04643362577,109214.56382200345,0.0,0.0,0.0,0.0,0.0
435,0.0,229676.5102638997,109896.92242183344,0.0,0.0,0.0,0.0,0.0
436,0.0,230181.83307912457,109386.66266235021,0.0,0.0,0.0,0.0,0.0
437,0.0,233548.44387948536,109351.67782344624,0.0,0.0,0.0,0.0,0.0
438,0.0,236889.09464388862,111005.89296757996,0.0,0.0,0.0,0.0,0.0
439,0.0,238337.73327547708,111963.2717356266,0.0,0.0,0.0,0.0,0.0
440,0.0,242756.6448086623,113280.89116711884,0.0,0.0,0.0,0.0,0.0
441,0.0,244883.04637326024,113908.16760160803,0.0,0.0,0.0,0.0,0.0
442,0.0,246347.67460724156,115093.44815138735,0.0,0.0,0.0,0.0,0.0
443,0.0,249977.48492198437,115821.52705929813,0.0,0.0,0.0,0.0,0.0
444,0.0,255656.7588541746,116612.69368568888,0.0,0.0,0.0,0.0,0.0
445,0.0,259857.09720731952,118030.09722335805,0.0,0.0,0.0,0.0,0.0
446,0.0,264161.0697823936,119145.24499024537,0.0,0.0,0.0,0.0,0.0
447,0.0,266978.76866958773,121071.1006898491,0.0,0.0,0.0,0.0,0.0
448,0.0,272196.9572403567,123025.95075521438,0.0,0.0,0.0,0.0,0.0
449,0.0,272328.9902044709,125733.0670882618,0.0,0.0,0.0,0.0,0.0
450,0.0,273862.6574210144,125629.61582885296,0.0,0.0,0.0,0.0,0.0
451,0.0,277079.9783959383,127083.85921014685,0.0,0.0,0.0,0.0,0.0
452,0.0,277218.98934285407,127443.53415992136,0.0,0.0,0.0,0.0,0.0
453,0.0,280859.2411310842,126592.56502312253,0.0,0.0,0.0,0.0,0.0
454,0.0,280261.80324677785,127375.09484733485,0.0,0.0,0.0,0.0,0.0
455,0.0,279633.8611610163,128255.60924434669,0.0,0.0,0.0,0.0,0.0
456,0.0,281030.25449760497,128317.66338781446,0.0,0.0,0.0,0.0,0.0
457,0.0,287383.4723915686,127069.86764471131,0.0,0.0,0.0,0.0,0.0
458,0.0,288518.9517119749,128999.28593712456,0.0,0.0,0.0,0.0,0.0
459,0.0,291557.38309592055,128484.81094363234,0.0,0.0,0.0,0.0,0.0
460,0.0,294632.7164526215,130299.79475505606,0.0,0.0,0.0,0.0,0.0
461,0.0,294133.8109418257,131041.76413909809,0.0,0.0,0.0,0.0,0.0
462,0.0,293878.735580602,131158.50326855277,0.0,0.0,0.0,0.0,0.0
463,0.0,293714.71249948273,132583.38375880595,0.0,0.0,0.0,0.0,0.0
464,0.0,292902.0258472464,133444.18973823832,0.0,0.0,0.0,0.0,0.0
465,0.0,296003.3795914813,132630.1457701232,0.0,0.0,0.0,0.0,0.0
466,0.0,300519.08901130455,134144.26909306346,0.0,0.0,0.0,0.0,0.0
467,0.0,299063.561624781,138591.6326577597,0.0,0.0,0.0,0.0,0.0
468,0.0,303040.2413072955,138611.79450693904,0.0,0.0,0.0,0.0,0.0
469,0.0,305359.6745455237,141065.9712268041,0.0,0.0,0.0,0.0,0.0
470,0.0,307813.2206508833,142058.6736823358,0.0,0.0,0.0,0.0,0.0
471,0.0,312731.92395277886,144639.12576302688,0.0,0.0,0.0,0.0,0.0
472,0.0,312525.46829925844,147625.9066812857,0.0,0.0,0.0,0.0,0.0
473,0.0,314435.9664286019,147211.7067737077,0.0,0.0,0.0,0.0,0.0
474,0.0,314580.71345911216,149548.69067397356,0.0,0.0,0.0,0.0,0.0
475,0.0,319533.30407382734,149761.37064262724,0.0,0.0,0.0,0.0,0.0
476,0.0,324567.6194285792,152684.69350425582,0.0,0.0,0.0,0.0,0.0
477,0.0,328221.59406355437,155515.04444600383,0.0,0.0,0.0,0.0,0.0
478,0.0,332810.6816366995,155618.25531789707,0.0,0.0,0.0,0.0,0.0
479,0.0,336750.22298175807,158311.2719860941,0.0,0.0,0.0,0.0,0.0
480,0.0,340199.63706380746,162438.24630761406,0.0,0.0,0.0,0.0,0.0
481,0.0,339218.4013829735,164597.03393694438,0.0,0.0,0.0,0.0,0.0
482,0.0,345349.36776093853,164263.06218104585,0.0,0.0,0.0,0.0,0.0
483,0.0,349245.20184247097,167788.9252855913,0.0,0.0,0.0,0.0,0.0
484,0.0,352740.9103206567,167892.69819272496,0.0,0.0,0.0,0.0,0.0
485,0.0,355923.0879095335,168550.6902494417,0.0,0.0,0.0,0.0,0.0
486,0.0,361209.3398709106,172157.97282041237,0.0,0.0,0.0,0.0,0.0
487,0.0,367775.7792098342,172798.03914841686,0.0,0.0,0.0,0.0,0.0
488,0.0,372007.8883788576,174484.01641258813,0.0,0.0,0.0,0.0,0.0
489,0.0,377535.7478371462,176268.81095965108,0.0,0.0,0.0,0.0,0.0
490,0.0,381074.7961358647,176018.1796768659,0.0,0.0,0.0,0.0,0.0
491,0.0,381775.61725307547,176862.93842254241,0.0,0.0,0.0,0.0,0.0
492,0.0,384700.96600328886,180713.64600325376,0.0,0.0,0.0,0.0,0.0
493,0.0,388940.80982024653,181631.65804029035,0.0,0.0,0.0,0.0,0.0
494,0.0,392322.2964439851,180125.66825229462,0.0,0.0,0.0,0.0,0.0
495,0.0,398925.3550443292,182630.1913070831,0.0,0.0,0.0,0.0,0.0
496,0.0,399756.1454535076,186738.27378364568,0.0,0.0,0.0,0.0,0.0
497,0.0,406262.85711158457,186118.54910695768,0.0,0.0,0.0,0.0,0.0
498,0.0,406682.02191776555,189271.4565786665,0.0,0.0,0.0,0.0,0.0
499,0.0,411395.9218407767,188239.15935885182,0.0,0.0,0.0,0.0,0.0
500,0.0,416481.2542737557,189406.8555338237,0.0,0.0,0.0,0.0,0.0
501,0.0,416196.015856988,191392.03562745627,0.0,0.0,0.0,0.0,0.0
502,0.0,421001.77312751935,191386.51840501477,0.0,0.0,0.0,0.0,0.0
503,0.0,426831.4830657587,194229.4000483539,0.0,0.0,0.0,0.0,0.0
504,0.0,430697.59392542613,195048.5720504001,0.0,0.0,0.0,0.0,0.0
505,0.0,431191.7750969972,196610.63062886582,0.0,0.0,0.0,0.0,0.0
506,0.0,433915.16997749626,199096.2462716156,0.0,0.0,0.0,0.0,0.0
507,0.0,440246.40115175495,199734.88001547294,0.0,0.0,0.0,0.0,0.0
508,0.0,443745.85063776077,202132.04231147948,0.0,0.0,0.0,0.0,0.0
509,0.0,447684.7237287012,203340.9406594529,0.0,0.0,0.0,0.0,0.0
510,0.0,453650.92219108535,205131.51963013396,0.0,0.0,0.0,0.0,0.0
511,0.0,459772.5891874507,207579.21034978871,0.0,0.0,0.0,0.0,0.0
512,0.0,461728.7389724564,210974.4382743459,0.0,0.0,0.0,0.0,0.0
513,0.0,467572.634179647,211893.6753714576,0.0,0.0,0.0,0.0,0.0
514,0.0,471161.1668755238,213877.59203021444,0.0,0.0,0.0,0.0,0.0
515,0.0,479050.40762428043,213758.6001755674,0.0,0.0,0.0,0.0,0.0
516,0.0,486089.9624648671,215962.82963005782,0.0,0.0,0.0,0.0,0.0
517,0.0,492513.15365869616,217845.1609943404,0.0,0.0,0.0,0.0,0.0
518,0.0,494938.98231242184,222391.79817968953,0.0,0.0,0.0,0.0,0.0
519,0.0,496612.52219293016,225247.08603140365,0.0,0.0,0.0,0.0,0.0
520,0.0,501850.80311030586,225575.4921712267,0.0,0.0,0.0,0.0,0.0
521,0.0,504103.30400714435,227527.2661215531,0.0,0.0,0.0,0.0,0.0
522,0.0,509309.7543251169,229856.94344826927,0.0,0.0,0.0,0.0,0.0
523,0.0,515157.7050453496,230289.12739829678,0.0,0.0,0.0,0.0,0.0
524,0.0,517094.6563695593,232582.16517015742,0.0,0.0,0.0,0.0,0.0
525,0.0,518777.9031995876,231976.68042672417,0.0,0.0,0.0,0.0,0.0
526,0.0,516035.3818586314,234394.74600987136,0.0,0.0,0.0,0.0,0.0
527,0.0,518254.3363084388,233647.6316870278,0.0,0.0,0.0,0.0,0.0
528,0.0,523979.1961399281,234486.6705440965,0.0,0.0,0.0,0.0,0.0
529,0.0,524680.6095816894,237557.56267265888,0.0,0.0,0.0,0.0,0.0
530,0.0,534658.4888785789,236846.61106454828,0.0,0.0,0.0,0.0,0.0
531,0.0,537442.9594048114,239585.18945441674,0.0,0.0,0.0,0.0,0.0
532,0.0,539495.012961667,239636.6770573703,0.0,0.0,0.0,0.0,0.0
533,0.0,543600.7944665923,241459.29026051163,0.0,0.0,0.0,0.0,0.0
534,0.0,541073.834777874,243500.81455610978,0.0,0.0,0.0,0.0,0.0
535,0.0,546699.6206377405,241456.9710989035,0.0,0.0,0.0,0.0,0.0
536,0.0,549981.1186183142,244465.46389145238,0.0,0.0,0.0,0.0,0.0
537,0.0,545266.3310129938,247205.39476141657,0.0,0.0,0.0,0.0,0.0
538,0.0,540027.2234185166,247439.66856225184,0.0,0.0,0.0,0.0,0.0
539,0.0,541485.4719651504,246599.16149720355,0.0,0.0,0.0,0.0,0.0
540,0.0,542678.5355442059,247854.06033390603,0.0,0.0,0.0,0.0,0.0
541,0.0,542339.8550632242,248214.73756324782,0.0,0.0,0.0,0.0,0.0
542,0.0,548026.6181425895,250286.4962255206,0.0,0.0,0.0,0.0,0.0
543,0.0,555178.9435571602,253442.38278842045,0.0,0.0,0.0,0.0,0.0
544,0.0,556072.1395115888,258304.58162665076,0.0,0.0,0.0,0.0,0.0
545,0.0,561196.8948326829,260377.8766597219,0.0,0.0,0.0,0.0,0.0
546,0.0,568076.4647248888,262419.29372360563,0.0,0.0,0.0,0.0,0.0
547,0.0,567422.3528335186,265505.3097669224,0.0,0.0,0.0,0.0,0.0
548,0.0,580507.4658467514,266146.7393822885,0.0,0.0,0.0,0.0,0.0
549,0.0,586355.5857948491,275114.815703852,0.0,0.0,0.0,0.0,0.0
550,0.0,600222.7239964993,272923.97802385426,0.0,0.0,0.0,0.0,0.0
551,0.0,608581.2972045462,276918.4880530374,0.0,0.0,0.0,0.0,0.0
552,0.0,609496.1063969395,281385.4251919569,0.0,0.0,0.0,0.0,0.0
553,0.0,621232.2037527428,279516.4313316592,0.0,0.0,0.0,0.0,0.0
554,0.0,619974.4302914839,284776.0027202371,0.0,0.0,0.0,0.0,0.0
555,0.0,630129.565697759,283536.44731284265,0.0,0.0,0.0,0.0,0.0
556,0.0,641189.1771123382,288817.2795449176,0.0,0.0,0.0,0.0,0.0
557,0.0,639604.5944089313,291223.29672084143,0.0,0.0,0.0,0.0,0.0
558,0.0,644987.8035823124,288358.89536470047,0.0,0.0,0.0,0.0,0.0
559,0.0,647337.1665989175,293076.81884480483,0.0,0.0,0.0,0.0,0.0
560,0.0,652007.7177924709,293868.18535296666,0.0,0.0,0.0,0.0,0.0
561,0.0,655718.4464539544,299745.10617952736,0.0,0.0,0.0,0.0,0.0
562,0.0,666021.1115314943,302212.49547220225,0.0,0.0,0.0,0.0,0.0
563,0.0,665799.5838980564,308310.31500319875,0.0,0.0,0.0,0.0,0.0
564,0.0,676567.956438908,309901.3145354893,0.0,0.0,0.0,0.0,0.0
565,0.0,689708.5728570187,312329.69805299374,0.0,0.0,0.0,0.0,0.0
566,0.0,695048.1006973911,314899.918373106,0.0,0.0,0.0,0.0,0.0
567,0.0,708873.3844516869,316730.23183423706,0.0,0.0,0.0,0.0,0.0
568,0.0,711409.1088178521,320585.6873946952,0.0,0.0,0.0,0.0,0.0
569,0.0,715289.203105101,321631.4743978737,0.0,0.0,0.0,0.0,0.0
570,0.0,723889.7898325123,322967.13140915113,0.0,0.0,0.0,0.0,0.0
571,0.0,729219.7535646704,322507.9244243708,0.0,0.0,0.0,0.0,0.0
572,0.0,739798.2987292341,323365.15814457426,0.0,0.0,0.0,0.0,0.0
573,0.0,751230.3877300876,328258.5514455073,0.0,0.0,0.0,0.0,0.0
574,0.0,752661.6288074631,331627.3426020632,0.0,0.0,0.0,0.0,0.0
575,0.0,754546.4593945686,330939.7041204685,0.0,0.0,0.0,0.0,0.0
576,0.0,767141.7759659146,329884.41788317234,0.0,0.0,0.0,0.0,0.0
577,0.0,759757.4819941606,336331.1784866906,0.0,0.0,0.0,0.0,0.0
578,0.0,755416.5973913115,337329.7118767974,0.0,0.0,0.0,0.0,0.0
579,0.0,761056.5782569161,336677.9570285619,0.0,0.0,0.0,0.0,0.0
580,0.0,761307.8241887867,339715.8877267455,0.0,0.0,0.0,0.0,0.0
581,0.0,771114.8792951871,341432.6241401877,0.0,0.0,0.0,0.0,0.0
582,0.0,779458.0882755801,347499.91204000957,0.0,0.0,0.0,0.0,0.0
583,0.0,782351.8035998029,353949.9193453122,0.0,0.0,0.0,0.0,0.0
584,0.0,795218.1305840036,356973.85936753766,0.0,0.0,0.0,0.0,0.0
585,0.0,805134.2932698098,364156.2195100074,0.0,0.0,0.0,0.0,0.0
586,0.0,815177.13291985,367281.956289924,0.0,0.0,0.0,0.0,0.0
587,0.0,830155.969182668,371595.2997484832,0.0,0.0,0.0,0.0,0.0
588,0.0,835867.1666038508,380492.02392805554,0.0,0.0,0.0,0.0,0.0
589,0.0,848160.4556435114,384613.80017996905,0.0,0.0,0.0,0.0,0.0
590,0.0,864781.8264159142,390981.1186360227,0.0,0.0,0.0,0.0,0.0
591,0.0,883387.097825547,395504.05350677593,0.0,0.0,0.0,0.0,0.0
592,0.0,900000.1875021021,399986.2283219659,0.0,0.0,0.0,0.0,0.0
593,0.0,909060.8272532459,406852.94296626037,0.0,0.0,0.0,0.0,0.0
594,0.0,910364.3804323366,406861.50983379176,0.0,0.0,0.0,0.0,0.0
595,0.0,911067.6392851063,404631.307920096,0.0,0.0,0.0,0.0,0.0
596,0.0,919383.8765661957,405024.0480747352,0.0,0.0,0.0,0.0,0.0
597,0.0,907632.2740264015,408254.5946982229,0.0,0.0,0.0,0.0,0.0
598,0.0,911342.2824086807,406845.92052634055,0.0,0.0,0.0,0.0,0.0
599,0.0,922293.3036071712,406484.9904061614,0.0,0.0,0.0,0.0,0.0
600,0.0,921888.8303595867,414727.8744591748,0.0,0.0,0.0,0.0,0.0
601,0.0,930385.2051291134,419368.3292567493,0.0,0.0,0.0,0.0,0.0
602,0.0,941371.6727169474,427105.7023982257,0.0,0.0,0.0,0.0,0.0
603,0.0,957465.0595657027,429805.730922923,0.0,0.0,0.0,0.0,0.0
604,0.0,969178.8109560986,434655.788950749,0.0,0.0,0.0,0.0,0.0
605,0.0,993762.3403488005,438174.7692694664,0.0,0.0,0.0,0.0,0.0
606,0.0,1001238.9822388262,449091.22240743414,0.0,0.0,0.0,0.0,0.0
607,0.0,1005187.517291762,448974.6468078004,0.0,0.0,0.0,0.0,0.0
608,0.0,1023020.9471978795,449818.2702356089,0.0,0.0,0.0,0.0,0.0
609,0.0,1032519.6213682324,455856.75979527103,0.0,0.0,0.0,0.0,0.0
610,0.0,1035754.8139619703,454113.99269819097,0.0,0.0,0.0,0.0,0.0
611,0.0,1049234.6100549812,449898.49078685336,0.0,0.0,0.0,0.0,0.0
612,0.0,1055091.0128374114,452956.0367988192,0.0,0.0,0.0,0.0,0.0
613,0.0,1061051.2720575817,454727.10622102884,0.0,0.0,0.0,0.0,0.0
614,0.0,1055116.1071889624,458782.2902589853,0.0,0.0,0.0,0.0,0.0
615,0.0,1048906.1936973634,459494.81947241165,0.0,0.0,0.0,0.0,0.0
616,0.0,1053844.1800590786,458251.9003902746,0.0,0.0,0.0,0.0,0.0
617,0.0,1041681.9966021724,464512.1501486351,0.0,0.0,0.0,0.0,0.0
618,0.0,1049641.3782138112,462938.07492906845,0.0,0.0,0.0,0.0,0.0
619,0.0,1044228.3355871647,471488.6047516287,0.0,0.0,0.0,0.0,0.0
620,0.0,1048128.5017933815,468386.5814428238,0.0,0.0,0.0,0.0,0.0
621,0.0,1054410.3201759146,474878.1630552836,0.0,0.0,0.0,0.0,0.0
622,0.0,1066621.9859776318,480438.85066653544,0.0,0.0,0.0,0.0,0.0
623,0.0,1065045.9842741755,492624.20887044875,0.0,0.0,0.0,0.0,0.0
624,0.0,1078527.92009172,492630.8154479803,0.0,0.0,0.0,0.0,0.0
625,0.0,1091228.2278943453,500529.0468902365,0.0,0.0,0.0,0.0,0.0
626,0.0,1110163.9237739951,510983.24474639073,0.0,0.0,0.0,0.0,0.0
627,0.0,1111298.8315787641,524434.2895060522,0.0,0.0,0.0,0.0,0.0
628,0.0,1132817.8882188294,532534.5360699762,0.0,0.0,0.0,0.0,0.0
629,0.0,1136242.2413477523,558795.2225201129,0.0,0.0,0.0,0.0,0.0
630,0.0,1149595.0398013478,558553.9551365224,0.0,0.0,0.0,0.0,0.0
631,0.0,1159827.2668360765,562742.8948072239,0.0,0.0,0.0,0.0,0.0
632,0.0,1178916.6075485582,569308.9519937332,0.0,0.0,0.0,0.0,0.0
633,0.0,1184850.4000907722,569325.8753854145,0.0,0.0,0.0,0.0,0.0
634,0.0,1182877.1549250423,575331.5992999764,0.0,0.0,0.0,0.0,0.0
635,0.0,1196641.8171154778,571741.3327022196,0.0,0.0,0.0,0.0,0.0
636,0.0,1204209.1334127658,571100.3964146744,0.0,0.0,0.0,0.0,0.0
637,0.0,1188817.0162395784,582153.2119773932,0.0,0.0,0.0,0.0,0.0
638,0.0,1194093.9071228434,578368.6302102308,0.0,0.0,0.0,0.0,0.0
639,0.0,1202111.8024016193,587882.4426384367,0.0,0.0,0.0,0.0,0.0
640,0.0,1197788.7555274847,590208.9187422426,0.0,0.0,0.0,0.0,0.0
641,0.0,1195901.3372962126,586976.2743435234,0.0,0.0,0.0,0.0,0.0
642,0.0,1201520.3938177163,594783.707811065,0.0,0.0,0.0,0.0,0.0
643,0.0,1214806.2121817002,600777.7813206794,0.0,0.0,0.0,0.0,0.0
644,0.0,1231047.7162144594,600870.2363324525,0.0,0.0,0.0,0.0,0.0
645,0.0,1254565.637892216,610032.9737066298,0.0,0.0,0.0,0.0,0.0
646,0.0,1262525.1290117102,619122.894769013,0.0,0.0,0.0,0.0,0.0
647,0.0,1252278.9912796486,622961.8472794687,0.0,0.0,0.0,0.0,0.0
648,0.0,1261359.1099266757,625551.0626049392,0.0,0.0,0.0,0.0,0.0
649,0.0,1282395.980831958,626847.6540879103,0.0,0.0,0.0,0.0,0.0
650,0.0,1296011.5708443667,634445.6367067771,0.0,0.0,0.0,0.0,0.0
651,0.0,1314377.3468206304,643431.8072170108,0.0,0.0,0.0,0.0,0.0
652,0.0,1321891.0071646231,646552.7255644074,0.0,0.0,0.0,0.0,0.0
653,0.0,1331497.6857327768,657793.1582331229,0.0,0.0,0.0,0.0,0.0
654,0.0,1326244.9276365591,662935.0377185417,0.0,0.0,0.0,0.0,0.0
655,0.0,1346299.4254099773,660012.7338508222,0.0,0.0,0.0,0.0,0.0
656,0.0,1349200.2776333687,671576.5401936213,0.0,0.0,0.0,0.0,0.0
657,0.0,1343802.3996050372,675230.8931859971,0.0,0.0,0.0,0.0,0.0
658,0.0,1353044.1533976588,673308.741319725,0.0,0.0,0.0,0.0,0.0
659,0.0,1343213.9141366817,677219.7748040948,0.0,0.0,0.0,0.0,0.0
660,0.0,1337431.7660926622,681567.881382178,0.0,0.0,0.0,0.0,0.0
661,0.0,1340844.027385418,684645.3009755559,0.0,0.0,0.0,0.0,0.0
662,0.0,1327742.4256072552,692374.2859643847,0.0,0.0,0.0,0.0,0.0
663,0.0,1348241.2965312435,689453.7724635522,0.0,0.0,0.0,0.0,0.0
664,0.0,1369423.0936316142,691646.1715946493,0.0,0.0,0.0,0.0,0.0
665,0.0,1386891.4375461398,694058.3235452955,0.0,0.0,0.0,0.0,0.0
666,0.0,1419017.0849362672,700584.7889700456,0.0,0.0,0.0,0.0,0.0
667,0.0,1416794.8218814458,719201.7555988313,0.0,0.0,0.0,0.0,0.0
668,0.0,1424101.4384716104,716077.9812500721,0.0,0.0,0.0,0.0,0.0
669,0.0,1428205.8915059944,725036.755178766,0.0,0.0,0.0,0.0,0.0
670,0.0,1442046.932255407,713554.5718810551,0.0,0.0,0.0,0.0,0.0
671,0.0,1461937.7084836988,721515.6224103646,0.0,0.0,0.0,0.0,0.0
672,0.0,1464048.6545142308,725278.970480434,0.0,0.0,0.0,0.0,0.0
673,0.0,1460880.2473029632,722897.4204859926,0.0,0.0,0.0,0.0,0.0
674,0.0,1463624.1209911436,724608.6839545072,0.0,0.0,0.0,0.0,0.0
675,0.0,1455632.74136643,725993.9040677026,0.0,0.0,0.0,0.0,0.0
676,0.0,1465995.0041588643,718276.4062910529,0.0,0.0,0.0,0.0,0.0
677,0.0,1461548.2083745813,718874.1646485743,0.0,0.0,0.0,0.0,0.0
678,0.0,1483265.4156988359,730096.2764269823,0.0,0.0,0.0,0.0,0.0
679,0.0,1462780.3964117179,749047.0376930218,0.0,0.0,0.0,0.0,0.0
680,0.0,1471476.8161684242,741458.5113716399,0.0,0.0,0.0,0.0,0.0
681,0.0,1480007.8424472334,748960.281547227,0.0,0.0,0.0,0.0,0.0
682,0.0,1470526.1455470426,746717.8938907865,0.0,0.0,0.0,0.0,0.0
683,0.0,1467328.973526266,743204.2522570576,0.0,0.0,0.0,0.0,0.0
684,0.0,1466244.7034638776,754627.5743749794,0.0,0.0,0.0,0.0,0.0
685,0.0,1477415.5137751782,751166.616532877,0.0,0.0,0.0,0.0,0.0
686,0.0,1518535.6893545848,747633.410972029,0.0,0.0,0.0,0.0,0.0
687,0.0,1519265.5637031791,770244.8939734283,0.0,0.0,0.0,0.0,0.0
688,0.0,1534332.7103640523,771731.204259795,0.0,0.0,0.0,0.0,0.0
689,0.0,1540966.6019262734,784262.489521492,0.0,0.0,0.0,0.0,0.0
690,0.0,1549983.3967625021,779254.8966167741,0.0,0.0,0.0,0.0,0.0
691,0.0,1554501.5326582838,787183.6562043917,0.0,0.0,0.0,0.0,0.0
692,0.0,1549415.173487575,788153.244659861,0.0,0.0,0.0,0.0,0.0
693,0.0,1538299.2920767304,784276.4436914655,0.0,0.0,0.0,0.0,0.0
694,0.0,1550175.2247124321,780738.7764497498,0.0,0.0,0.0,0.0,0.0
695,0.0,1530615.7935779658,791601.319080457,0.0,0.0,0.0,0.0,0.0
696,0.0,1548913.7941920767,785594.3534673137,0.0,0.0,0.0,0.0,0.0
697,0.0,1536359.7450918392,803762.3709479574,0.0,0.0,0.0,0.0,0.0
698,0.0,1527317.990997126,795581.6382208882,0.0,0.0,0.0,0.0,0.0
699,0.0,1519167.0080993958,790341.8035665813,0.0,0.0,0.0,0.0,0.0
700,0.0,1509377.6038382521,796408.11351972,0.0,0.0,0.0,0.0,0.0
701,0.0,1513205.8149406847,801757.6813320793,0.0,0.0,0.0,0.0,0.0
702,0.0,1514505.6716390406,813819.2553483978,0.0,0.0,0.0,0.0,0.0
703,0.0,1533816.8836146896,812960.8475506778,0.0,0.0,0.0,0.0,0.0
704,0.0,1549345.1301333904,820938.1068480402,0.0,0.0,0.0,0.0,0.0
705,0.0,1564793.7595728273,826161.6218394359,0.0,0.0,0.0,0.0,0.0
706,0.0,1579592.5062956437,852668.4406752224,0.0,0.0,0.0,0.0,0.0
707,0.0,1569081.8156323717,875307.0492446092,0.0,0.0,0.0,0.0,0.0
708,0.0,1581633.5539457249,868311.3476949447,0.0,0.0,0.0,0.0,0.0
709,0.0,1618620.0075448179,873971.1917036854,0.0,0.0,0.0,0.0,0.0
710,0.0,1647639.0166379085,881393.7842245159,0.0,0.0,0.0,0.0,0.0
711,0.0,1661707.6051365142,899036.4578150634,0.0,0.0,0.0,0.0,0.0
712,0.0,1686168.1473893593,907824.6799516829,0.0,0.0,0.0,0.0,0.0
713,0.0,1700625.2043063168,915933.6975279289,0.0,0.0,0.0,0.0,0.0
714,0.0,1741760.7801575656,916870.5744630744,0.0,0.0,0.0,0.0,0.0
715,0.0,1732615.7937883039,933950.7312423284,0.0,0.0,0.0,0.0,0.0
716,0.0,1743285.1318095385,928829.9088576725,0.0,0.0,0.0,0.0,0.0
717,0.0,1749304.5349992046,950480.8380320435,0.0,0.0,0.0,0.0,0.0
718,0.0,1755323.664012946,956797.4749155163,0.0,0.0,0.0,0.0,0.0
719,0.0,1739909.9300258576,951779.8688369954,0.0,0.0,0.0,0.0,0.0
720,0.0,1759093.2420712863,942492.1646317147,0.0,0.0,0.0,0.0,0.0
721,0.0,1775982.374833623,959724.3496057591,0.0,0.0,0.0,0.0,0.0
722,0.0,1771257.7574325036,963284.128884931,0.0,0.0,0.0,0.0,0.0
723,0.0,1806570.8461406587,962972.4160113651,0.0,0.0,0.0,0.0,0.0
724,0.0,1827401.0048942056,987364.5285719198,0.0,0.0,0.0,0.0,0.0
725,0.0,1845521.2335966572,988624.1007201901,0.0,0.0,0.0,0.0,0.0
726,0.0,1883526.2826107857,1002663.6344093233,0.0,0.0,0.0,0.0,0.0
727,0.0,1908870.5272394419,1022160.9648460776,0.0,0.0,0.0,0.0,0.0
728,0.0,1932043.9828071538,1039236.1426463024,0.0,0.0,0.0,0.0,0.0
729,0.0,1944066.1240916182,1046576.8101448298,0.0,0.0,0.0,0.0,0.0
730,0.0,1975618.8253633163,1047620.2798463525,0.0,0.0,0.0,0.0,0.0
731,0.0,1987729.469201343,1066385.4129229572,0.0,0.0,0.0,0.0,0.0
732,0.0,2007657.6283436709,1084318.7790969952,0.0,0.0,0.0,0.0,0.0
733,0.0,2016691.92956978,1084428.5247076824,0.0,0.0,0.0,0.0,0.0
734,0.0,2051614.1975630121,1099742.2716084125,0.0,0.0,0.0,0.0,0.0
735,0.0,2052058.924985148,1101307.017624991,0.0,0.0,0.0,0.0,0.0
736,0.0,2062661.6446199606,1092424.8719991397,0.0,0.0,0.0,0.0,0.0
737,0.0,2096544.181266667,1095746.8537678218,0.0,0.0,0.0,0.0,0.0
738,0.0,2110568.253910691,1098947.4181075646,0.0,0.0,0.0,0.0,0.0
739,0.0,2112987.9604128827,1099215.8318546098,0.0,0.0,0.0,0.0,0.0
740,0.0,2136517.3894307865,1102299.1704760443,0.0,0.0,0.0,0.0,0.0
741,0.0,2148363.241884735,1114326.3613386166,0.0,0.0,0.0,0.0,0.0
742,0.0,2151873.852481999,1110261.2235559048,0.0,0.0,0.0,0.0,0.0
743,0.0,2160366.228476878,1119540.7640624845,0.0,0.0,0.0,0.0,0.0
744,0.0,2173590.0052860435,1121908.4657235525,0.0,0.0,0.0,0.0,0.0
745,0.0,2178679.8492909833,1128284.1370390172,0.0,0.0,0.0,0.0,0.0
746,0.0,2202731.772241608,1148116.1836280788,0.0,0.0,0.0,0.0,0.0
747,0.0,2210246.0826906688,1172280.378009982,0.0,0.0,0.0,0.0,0.0
748,0.0,2219874.4646365317,1186606.4935268702,0.0,0.0,0.0,0.0,0.0
749,0.0,2253306.438075817,1200066.08416285,0.0,0.0,0.0,0.0,0.0
750,0.0,2265364.081143211,1222898.5329876284,0.0,0.0,0.0,0.0,0.0
751,0.0,2297608.831250221,1227389.941749754,0.0,0.0,0.0,0.0,0.0
752,0.0,2322847.1117860726,1269580.0655099137,0.0,0.0,0.0,0.0,0.0
753,0.0,2320616.9592120904,1285892.144511932,0.0,0.0,0.0,0.0,0.0
754,0.0,2351852.581367911,1309926.2181507875,0.0,0.0,0.0,0.0,0.0
755,0.0,2343000.501444205,1323277.4494403983,0.0,0.0,0.0,0.0,0.0
756,0.0,2375870.143274176,1314065.7906457568,0.0,0.0,0.0,0.0,0.0
757,0.0,2385407.018213203,1337001.3319384654,0.0,0.0,0.0,0.0,0.0
758,0.0,2406735.783012107,1350226.1971573944,0.0,0.0,0.0,0.0,0.0
759,0.0,2403211.007270053,1361753.7079701696,0.0,0.0,0.0,0.0,0.0
760,0.0,2434615.6166638993,1365649.7163350775,0.0,0.0,0.0,0.0,0.0
761,0.0,2440603.7043936406,1360523.7067798488,0.0,0.0,0.0,0.0,0.0
762,0.0,2434461.8837129693,1363022.3231380668,0.0,0.0,0.0,0.0,0.0
763,0.0,2466159.268287946,1360852.293295225,0.0,0.0,0.0,0.0,0.0
764,0.0,2491936.8718159813,1368193.2631667035,0.0,0.0,0.0,0.0,0.0
765,0.0,2501434.4811472553,1372683.0383137488,0.0,0.0,0.0,0.0,0.0
766,0.0,2513799.6589190583,1378469.1519548998,0.0,0.0,0.0,0.0,0.0
767,0.0,2523700.981346163,1402665.5983332046,0.0,0.0,0.0,0.0,0.0
768,0.0,2563346.600215633,1410688.662665438,0.0,0.0,0.0,0.0,0.0
769,0.0,2579008.430229241,1422940.916132543,0.0,0.0,0.0,0.0,0.0
770,0.0,2588266.9419007087,1425262.4213875697,0.0,0.0,0.0,0.0,0.0
771,0.0,2621976.706319611,1443832.6868703936,0.0,0.0,0.0,0.0,0.0
772,0.0,2648042.927251674,1467847.0601278904,0.0,0.0,0.0,0.0,0.0
773,0.0,2662486.7665541633,1462417.7292465803,0.0,0.0,0.0,0.0,0.0
774,0.0,2679832.421313858,1477774.6048014944,0.0,0.0,0.0,0.0,0.0
775,0.0,2697546.8428175086,1489474.8938525626,0.0,0.0,0.0,0.0,0.0
776,0.0,2697163.7145224013,1492166.6847647745,0.0,0.0,0.0,0.0,0.0
777,0.0,2710854.1894991053,1507306.3735000333,0.0,0.0,0.0,0.0,0.0
778,0.0,2710223.9185606013,1524495.2136735527,0.0,0.0,0.0,0.0,0.0
779,0.0,2722367.739109017,1546851.966365403,0.0,0.0,0.0,0.0,0.0
780,0.0,2764117.563826522,1547897.0091775784,0.0,0.0,0.0,0.0,0.0
781,0.0,2754137.3684149417,1565134.6869289584,0.0,0.0,0.0,0.0,0.0
782,0.0,2727042.497698779,1540454.142077017,0.0,0.0,0.0,0.0,0.0
783,0.0,2796230.4732480166,1536611.4965064342,0.0,0.0,0.0,0.0,0.0
784,0.0,2799275.6768644606,1589119.2808656404,0.0,0.0,0.0,0.0,0.0
785,0.0,2852506.3497963757,1565328.7447479067,0.0,0.0,0.0,0.0,0.0
786,0.0,2872817.419372225,1595793.474712159,0.0,0.0,0.0,0.0,0.0
787,0.0,2847220.610809203,1596473.4014588986,0.0,0.0,0.0,0.0,0.0
788,0.0,2896681.2617237233,1594936.1371362365,0.0,0.0,0.0,0.0,0.0
789,0.0,2922356.800692103,1631034.0314257618,0.0,0.0,0.0,0.0,0.0
790,0.0,2957746.6731365453,1636532.145726787,0.0,0.0,0.0,0.0,0.0
791,0.0,2999291.9177268087,1671196.0843096275,0.0,0.0,0.0,0.0,0.0
792,0.0,3056604.0564438337,1716341.5808166894,0.0,0.0,0.0,0.0,0.0
793,0.0,3064644.02833378,1752733.4084734428,0.0,0.0,0.0,0.0,0.0
794,0.0,3133977.836987453,1759101.085363082,0.0,0.0,0.0,0.0,0.0
795,0.0,3173908.5159435817,1816667.4057954715,0.0,0.0,0.0,0.0,0.0
796,0.0,3234233.9049702706,1817688.3400179285,0.0,0.0,0.0,0.0,0.0
797,0.0,3254442.462458775,1831645.458809364,0.0,0.0,0.0,0.0,0.0
798,0.0,3339857.602385317,1842990.7508133003,0.0,0.0,0.0,0.0,0.0
799,0.0,3355544.0881237215,1861457.3685255116,0.0,0.0,0.0,0.0,0.0
800,0.0,3409390.258490301,1865419.2401299055,0.0,0.0,0.0,0.0,0.0
801,0.0,3454789.197581313,1883996.732397463,0.0,0.0,0.0,0.0,0.0
802,0.0,3448735.114874325,1897473.6447179804,0.0,0.0,0.0,0.0,0.0
803,0.0,3529473.5853738724,1867279.5812209595,0.0,0.0,0.0,0.0,0.0
804,0.0,3488419.2105903914,1913960.9866330964,0.0,0.0,0.0,0.0,0.0
805,0.0,3480714.7445719442,1905603.439594331,0.0,0.0,0.0,0.0,0.0
806,0.0,3455953.695956665,1941052.6453953926,0.0,0.0,0.0,0.0,0.0
807,0.0,3408338.8126953878,1935865.4527095507,0.0,0.0,0.0,0.0,0.0
808,0.0,3449312.7040697155,1912780.7556303723,0.0,0.0,0.0,0.0,0.0
809,0.0,3402654.9743819553,1952939.074874431,0.0,0.0,0.0,0.0,0.0
810,0.0,3407803.0811062655,1936859.9108940507,0.0,0.0,0.0,0.0,0.0
811,0.0,3418697.1331163193,1958259.7857123439,0.0,0.0,0.0,0.0,0.0
812,0.0,3411595.078833552,1973123.1935580394,0.0,0.0,0.0,0.0,0.0
813,0.0,3427577.8131989487,1979869.455242911,0.0,0.0,0.0,0.0,0.0
814,0.0,3438953.308812854,1984145.6393253163,0.0,0.0,0.0,0.0,0.0
815,0.0,3471069.538015885,2003418.1765370204,0.0,0.0,0.0,0.0,0.0
816,0.0,3514079.6305799135,2031382.8386858301,0.0,0.0,0.0,0.0,0.0
817,0.0,3516296.5332342945,2055404.2285300856,0.0,0.0,0.0,0.0,0.0
818,0.0,3571027.8972613392,2054630.1986207361,0.0,0.0,0.0,0.0,0.0
819,0.0,3591095.5375964358,2097156.147452723,0.0,0.0,0.0,0.0,0.0
820,0.0,3621763.816277877,2127028.285061267,0.0,0.0,0.0,0.0,0.0
821,0.0,3681803.3571085064,2132027.303166969,0.0,0.0,0.0,0.0,0.0
822,0.0,3694360.153507312,2145351.392897498,0.0,0.0,0.0,0.0,0.0
823,0.0,3811488.43530239,2132793.8980819606,0.0,0.0,0.0,0.0,0.0
824,0.0,3784367.355802287,2173229.6017727735,0.0,0.0,0.0,0.0,0.0
825,0.0,3781566.1726808674,2181416.4460805766,0.0,0.0,0.0,0.0,0.0
826,0.0,3824634.8226384916,2169753.2212934108,0.0,0.0,0.0,0.0,0.0
827,0.0,3764861.6187107405,2190985.778490735,0.0,0.0,0.0,0.0,0.0
828,0.0,3854280.448931383,2158792.240266641,0.0,0.0,0.0,0.0,0.0
829,0.0,3856504.7059767,2229569.146973404,0.0,0.0,0.0,0.0,0.0
830,0.0,3909725.7701131594,2198784.2075835424,0.0,0.0,0.0,0.0,0.0
831,0.0,3970589.480308592,2240951.629281491,0.0,0.0,0.0,0.0,0.0
832,0.0,4019333.0707795443,2262722.6667231508,0.0,0.0,0.0,0.0,0.0
833,0.0,4086891.6351033677,2260688.3866608148,0.0,0.0,0.0,0.0,0.0
834,0.0,4148880.6900236025,2298421.6655924865,0.0,0.0,0.0,0.0,0.0
835,0.0,4182559.107776334,2317795.101103362,0.0,0.0,0.0,0.0,0.0
836,0.0,4198464.464238643,2335310.5791009236,0.0,0.0,0.0,0.0,0.0
837,0.0,4202990.328767767,2362056.628950866,0.0,0.0,0.0,0.0,0.0
838,0.0,4247003.379289664,2331309.800235529,0.0,0.0,0.0,0.0,0.0
839,0.0,4302826.9310507625,2346122.965040757,0.0,0.0,0.0,0.0,0.0
840,0.0,4309478.652382248,2386832.5060527367,0.0,0.0,0.0,0.0,0.0
841,0.0,4382373.504513945,2387595.0579216266,0.0,0.0,0.0,0.0,0.0
842,0.0,4367523.180004326,2390331.561429296,0.0,0.0,0.0,0.0,0.0
843,0.0,4406517.557541177,2389788.9681019164,0.0,0.0,0.0,0.0,0.0
844,0.0,4337243.384187731,2423669.0778181306,0.0,0.0,0.0,0.0,0.0
845,0.0,4352652.241167053,2385835.237416169,0.0,0.0,0.0,0.0,0.0
846,0.0,4355942.78522796,2410205.2991644195,0.0,0.0,0.0,0.0,0.0
847,0.0,4292583.663776624,2423521.031795592,0.0,0.0,0.0,0.0,0.0
848,0.0,4284782.333148168,2405845.7106789406,0.0,0.0,0.0,0.0,0.0
849,0.0,4248477.2630371535,2427943.456197117,0.0,0.0,0.0,0.0,0.0
850,0.0,4237936.4439099245,2390814.4214752284,0.0,0.0,0.0,0.0,0.0
851,0.0,4208245.328283634,2397287.8718474703,0.0,0.0,0.0,0.0,0.0
852,0.0,4251895.909754131,2405388.50018007,0.0,0.0,0.0,0.0,0.0
853,0.0,4297188.591370868,2408758.9537573922,0.0,0.0,0.0,0.0,0.0
854,0.0,4313687.086117104,2479963.4057160234,0.0,0.0,0.0,0.0,0.0
855,0.0,4333485.637499044,2502179.1411074814,0.0,0.0,0.0,0.0,0.0
856,0.0,4449276.070240821,2484215.293566404,0.0,0.0,0.0,0.0,0.0
857,0.0,4566703.305820838,2525863.8834325876,0.0,0.0,0.0,0.0,0.0
858,0.0,4603248.6535600545,2592854.0124241137,0.0,0.0,0.0,0.0,0.0
859,0.0,4731189.683793101,2608256.3890325227,0.0,0.0,0.0,0.0,0.0
860,0.0,4800931.45731684,2679671.166538998,0.0,0.0,0.0,0.0,0.0
861,0.0,4937019.0074212,2692013.381262724,0.0,0.0,0.0,0.0,0.0
862,0.0,4965580.489040769,2746045.1234891727,0.0,0.0,0.0,0.0,0.0
863,0.0,5111871.297671982,2745851.728224397,0.0,0.0,0.0,0.0,0.0
864,0.0,5099841.364307536,2787679.169103165,0.0,0.0,0.0,0.0,0.0
865,0.0,5093085.35220686,2794178.879781024,0.0,0.0,0.0,0.0,0.0
866,0.0,5181678.717582542,2787425.0820185724,0.0,0.0,0.0,0.0,0.0
867,0.0,5149750.589569026,2790898.1960231294,0.0,0.0,0.0,0.0,0.0
868,0.0,5192617.659415421,2763886.846611304,0.0,0.0,0.0,0.0,0.0
869,0.0,5175780.518413463,2806114.9545081067,0.0,0.0,0.0,0.0,0.0
870,0.0,5146524.776747536,2785466.416279938,0.0,0.0,0.0,0.0,0.0
871,0.0,5227199.355401683,2746552.8044715617,0.0,0.0,0.0,0.0,0.0
872,0.0,5195245.143364823,2806643.7022183505,0.0,0.0,0.0,0.0,0.0
873,0.0,5223719.57300976,2767111.6967447707,0.0,0.0,0.0,0.0,0.0
874,0.0,5256896.250639971,2830278.9131061384,0.0,0.0,0.0,0.0,0.0
875,0.0,5224080.804345712,2830199.668782592,0.0,0.0,0.0,0.0,0.0
876,0.0,5246210.436802702,2789077.0455136304,0.0,0.0,0.0,0.0,0.0
877,0.0,5227341.761314629,2828660.5993163856,0.0,0.0,0.0,0.0,0.0
878,0.0,5225040.81866254,2804169.435017328,0.0,0.0,0.0,0.0,0.0
879,0.0,5211247.538775161,2839657.7197609027,0.0,0.0,0.0,0.0,0.0
880,0.0,5228705.004912753,2887161.752033424,0.0,0.0,0.0,0.0,0.0
881,0.0,5398049.941844019,2868900.494015302,0.0,0.0,0.0,0.0,0.0
882,0.0,5447173.63437458,2950353.82998168,0.0,0.0,0.0,0.0,0.0
883,0.0,5599290.732989003,2978881.5403663483,0.0,0.0,0.0,0.0,0.0
884,0.0,5570865.575197095,3036711.136768113,0.0,0.0,0.0,0.0,0.0
885,0.0,5625620.29055754,3033607.545090533,0.0,0.0,0.0,0.0,0.0
886,0.0,5647598.365920196,3081199.6544769867,0.0,0.0,0.0,0.0,0.0
887,0.0,5617833.355354903,3072348.7893373137,0.0,0.0,0.0,0.0,0.0
888,0.0,5752504.409029986,3072348.9060243974,0.0,0.0,0.0,0.0,0.0
889,0.0,5777917.891026421,3129304.2651517396,0.0,0.0,0.0,0.0,0.0
890,0.0,5813456.377311465,3133639.6304521733,0.0,0.0,0.0,0.0,0.0
891,0.0,5907755.145352088,3170271.3583826004,0.0,0.0,0.0,0.0,0.0
892,0.0,5967355.211054097,3237259.2789614173,0.0,0.0,0.0,0.0,0.0
893,0.0,6046585.990978153,3257177.572823281,0.0,0.0,0.0,0.0,0.0
894,0.0,6175188.6503820745,3276397.172702434,0.0,0.0,0.0,0.0,0.0
895,0.0,6237912.601183571,3310270.230788941,0.0,0.0,0.0,0.0,0.0
896,0.0,6387780.071535194,3354261.819048636,0.0,0.0,0.0,0.0,0.0
897,0.0,6323866.179652325,3416770.0870225704,0.0,0.0,0.0,0.0,0.0
898,0.0,6336855.332159387,3385916.2333481805,0.0,0.0,0.0,0.0,0.0
899,0.0,6429223.327724297,3394204.4350242144,0.0,0.0,0.0,0.0,0.0
900,0.0,6471080.83633356,3434432.062691859,0.0,0.0,0.0,0.0,0.0
901,0.0,6534571.201505873,3458347.430953498,0.0,0.0,0.0,0.0,0.0
902,0.0,6669607.1545156,3485592.14355189,0.0,0.0,0.0,0.0,0.0
903,0.0,6681314.630867616,3544263.2562624966,0.0,0.0,0.0,0.0,0.0
904,0.0,6644697.76765363,3576261.572087244,0.0,0.0,0.0,0.0,0.0
905,0.0,6668302.977681047,3588322.8537315084,0.0,0.0,0.0,0.0,0.0
906,0.0,6726740.192726451,3603373.3360042884,0.0,0.0,0.0,0.0,0.0
907,0.0,6658679.650650525,3644252.5568391224,0.0,0.0,0.0,0.0,0.0
908,0.0,6797134.0526179345,3618427.8329473576,0.0,0.0,0.0,0.0,0.0
909,0.0,6897511.07550668,3663850.8501434717,0.0,0.0,0.0,0.0,0.0
910,0.0,6956169.597442587,3722025.101547621,0.0,0.0,0.0,0.0,0.0
911,0.0,7125007.808107434,3735192.440908048,0.0,0.0,0.0,0.0,0.0
912,0.0,7226101.884266629,3796694.8582767304,0.0,0.0,0.0,0.0,0.0
913,0.0,7343311.9939929275,3796216.5218365462,0.0,0.0,0.0,0.0,0.0
914,0.0,7453464.365215796,3906022.094433361,0.0,0.0,0.0,0.0,0.0
915,0.0,7574873.314058682,3971788.2203239864,0.0,0.0,0.0,0.0,0.0
916,0.0,7699042.698427965,3998538.267230187,0.0,0.0,0.0,0.0,0.0
917,0.0,7677661.545268387,4047351.8827937962,0.0,0.0,0.0,0.0,0.0
918,0.0,7730883.26203571,4021890.156061421,0.0,0.0,0.0,0.0,0.0
919,0.0,7801013.179963513,4059801.404817801,0.0,0.0,0.0,0.0,0.0
920,0.0,7874815.570252868,4147506.343009439,0.0,0.0,0.0,0.0,0.0
921,0.0,7901605.63374417,4151098.0021444047,0.0,0.0,0.0,0.0,0.0
922,0.0,7997268.179755593,4216462.746885283,0.0,0.0,0.0,0.0,0.0
923,0.0,8132054.879136097,4252003.080414463,0.0,0.0,0.0,0.0,0.0
924,0.0,8152642.380173531,4330197.298075605,0.0,0.0,0.0,0.0,0.0
925,0.0,8173412.187540157,4349973.394943402,0.0,0.0,0.0,0.0,0.0
926,0.0,8262137.845812053,4343273.902399236,0.0,0.0,0.0,0.0,0.0
927,0.0,8176943.466223035,4389370.354724056,0.0,0.0,0.0,0.0,0.0
928,0.0,8179230.871020864,4338750.107047712,0.0,0.0,0.0,0.0,0.0
929,0.0,8197943.662259984,4365505.720260103,0.0,0.0,0.0,0.0,0.0
930,0.0,8152222.042634342,4337476.886336742,0.0,0.0,0.0,0.0,0.0
931,0.0,8065128.676126419,4354849.523321669,0.0,0.0,0.0,0.0,0.0
932,0.0,8165800.145578465,4333881.026980774,0.0,0.0,0.0,0.0,0.0
933,0.0,8097435.687206256,4424063.644615512,0.0,0.0,0.0,0.0,0.0
934,0.0,8240986.406877358,4374125.790107871,0.0,0.0,0.0,0.0,0.0
935,0.0,8329869.578191196,4535462.316049383,0.0,0.0,0.0,0.0,0.0
936,0.0,8412587.26430344,4608251.891364948,0.0,0.0,0.0,0.0,0.0
937,0.0,8418581.515284006,4666552.156527291,0.0,0.0,0.0,0.0,0.0
938,0.0,8557157.279545823,4690347.783637309,0.0,0.0,0.0,0.0,0.0
939,0.0,8742984.263298325,4710746.695972699,0.0,0.0,0.0,0.0,0.0
940,0.0,8795245.688830633,4828965.962761423,0.0,0.0,0.0,0.0,0.0
941,0.0,9047722.941327108,4802343.439824961,0.0,0.0,0.0,0.0,0.0
942,0.0,9189873.19057916,4871093.844225605,0.0,0.0,0.0,0.0,0.0
943,0.0,9390674.223806506,4908746.341207499,0.0,0.0,0.0,0.0,0.0
944,0.0,9531496.835954167,5033822.453733216,0.0,0.0,0.0,0.0,0.0
945,0.0,9594847.497394657,5046632.001829858,0.0,0.0,0.0,0.0,0.0
946,0.0,9595110.508007234,5117866.79581281,0.0,0.0,0.0,0.0,0.0
947,0.0,9420093.047731597,5142914.376426629,0.0,0.0,0.0,0.0,0.0
948,0.0,9462837.186467575,5099585.231573004,0.0,0.0,0.0,0.0,0.0
949,0.0,9460903.186422816,5130495.596226584,0.0,0.0,0.0,0.0,0.0
950,0.0,9381099.037183942,5109321.017910901,0.0,0.0,0.0,0.0,0.0
951,0.0,9411568.34598543,5139641.006499613,0.0,0.0,0.0,0.0,0.0
952,0.0,9491914.766971909,5107433.661330433,0.0,0.0,0.0,0.0,0.0
953,0.0,9454525.614699215,5169720.5082767615,0.0,0.0,0.0,0.0,0.0
954,0.0,9450052.330334168,5200114.736458845,0.0,0.0,0.0,0.0,0.0
955,0.0,9549221.08854046,5209105.574396062,0.0,0.0,0.0,0.0,0.0
956,0.0,9435878.624121739,5281666.904273407,0.0,0.0,0.0,0.0,0.0
957,0.0,9331948.983857928,5236963.159753262,0.0,0.0,0.0,0.0,0.0
958,0.0,9353308.95392124,5213785.098090534,0.0,0.0,0.0,0.0,0.0
959,0.0,9446766.791412953,5228360.671731096,0.0,0.0,0.0,0.0,0.0
960,0.0,9419741.475012505,5290533.340862626,0.0,0.0,0.0,0.0,0.0
961,0.0,9568288.607471758,5335829.108614589,0.0,0.0,0.0,0.0,0.0
962,0.0,9687803.90767145,5450785.016299332,0.0,0.0,0.0,0.0,0.0
963,0.0,9817775.257749753,5491302.107197714,0.0,0.0,0.0,0.0,0.0
964,0.0,1.0012555873879848E7,5535893.6784984525,0.0,0.0,0.0,0.0,0.0
965,0.0,1.0039502991468342E7,5685385.810745815,0.0,0.0,0.0,0.0,0.0
966,0.0,1.0177139841348037E7,5707869.8559608925,0.0,0.0,0.0,0.0,0.0
967,0.0,1.0122102121249774E7,5778473.824766446,0.0,0.0,0.0,0.0,0.0
968,0.0,1.0053041464278953E7,5753207.295336689,0.0,0.0,0.0,0.0,0.0
969,0.0,1.0090730083466427E7,5708509.312758086,0.0,0.0,0.0,0.0,0.0
970,0.0,9962857.60002483,5757692.260894716,0.0,0.0,0.0,0.0,0.0
971,0.0,1.0074291956312586E7,5695106.365385122,0.0,0.0,0.0,0.0,0.0
972,0.0,1.0258663049176922E7,5734773.877604082,0.0,0.0,0.0,0.0,0.0
973,0.0,1.026541905368205E7,5766655.902950183,0.0,0.0,0.0,0.0,0.0
974,0.0,1.051857224798484E7,5748662.341492951,0.0,0.0,0.0,0.0,0.0
975,0.0,1.0584900672641657E7,5885759.430569224,0.0,0.0,0.0,0.0,0.0
976,0.0,1.0570042766282693E7,5897212.0491764145,0.0,0.0,0.0,0.0,0.0
977,0.0,1.0581914061866408E7,5903047.515641969,0.0,0.0,0.0,0.0,0.0
978,0.0,1.0648341910177467E7,5859818.426716984,0.0,0.0,0.0,0.0,0.0
979,0.0,1.057093504745587E7,5869323.191670551,0.0,0.0,0.0,0.0,0.0
980,0.0,1.0529142205082435E7,5772864.931699114,0.0,0.0,0.0,0.0,0.0
981,0.0,1.045418323325533E7,5735954.251065291,0.0,0.0,0.0,0.0,0.0
982,0.0,1.0507588586224992E7,5715851.858203199,0.0,0.0,0.0,0.0,0.0
983,0.0,1.0557698415667845E7,5710843.53571957,0.0,0.0,0.0,0.0,0.0
984,0.0,1.070818422217846E7,5714625.682859971,0.0,0.0,0.0,0.0,0.0
985,0.0,1.0714402095636955E7,5814085.206419449,0.0,0.0,0.0,0.0,0.0
986,0.0,1.08889631001709E7,5831975.873998606,0.0,0.0,0.0,0.0,0.0
987,0.0,1.0829340013166733E7,5925228.495421296,0.0,0.0,0.0,0.0,0.0
988,0.0,1.0930669362743206E7,5901863.91702106,0.0,0.0,0.0,0.0,0.0
989,0.0,1.106883954333699E7,5947510.246931627,0.0,0.0,0.0,0.0,0.0
990,0.0,1.1101157647304328E7,6003687.996201774,0.0,0.0,0.0,0.0,0.0
991,0.0,1.12904875500676E7,6031230.645660908,0.0,0.0,0.0,0.0,0.0
992,0.0,1.1607278686805362E7,6068701.615969385,0.0,0.0,0.0,0.0,0.0
993,0.0,1.1545286073856007E7,6216547.323471864,0.0,0.0,0.0,0.0,0.0
994,0.0,1.178409715490793E7,6252277.937573027,0.0,0.0,0.0,0.0,0.0
995,0.0,1.192608990597105E7,6377845.93102394,0.0,0.0,0.0,0.0,0.0
996,0.0,1.2090230096140444E7,6385725.418816907,0.0,0.0,0.0,0.0,0.0
997,0.0,1.234054855445203E7,6532708.427964786,0.0,0.0,0.0,0.0,0.0
998,0.0,1.2286195428154103E7,6692442.373966321,0.0,0.0,0.0,0.0,0.0
999,0.0,1.2464350392800573E7,6640327.40662419,0.0,0.0,0.0,0.0,0.0
1000,0.0,1.2529778462000383E7,6661805.068567351,0.0,0.0,0.0,0.0,0.0
