1,0.0,1100.9548875885039,433.00319295084967,0.0,0.0,0.0,0.0,0.0
2,0.0,1102.9863106293685,452.42674550420304,0.0,0.0,0.0,0.0,0.0
3,0.0,1109.5702845162527,446.2450942987297,0.0,0.0,0.0,0.0,0.0
4,0.0,1103.257252734169,448.5910245752146,0.0,0.0,0.0,0.0,0.0
5,0.0,1104.3753664492303,437.0016300297663,0.0,0.0,0.0,0.0,0.0
6,0.0,1130.179536233887,434.5232619479644,0.0,0.0,0.0,0.0,0.0
7,0.0,1168.109245461319,442.50859290277475,0.0,0.0,0.0,0.0,0.0
8,0.0,1181.2811771910233,453.50757496421835,0.0,0.0,0.0,0.0,0.0
9,0.0,1220.0527461111612,450.38477594572237,0.0,0.0,0.0,0.0,0.0
10,0.0,1262.1027721832286,452.3036565813371,0.0,0.0,0.0,0.0,0.0
11,0.0,1282.753391745888,452.53492048087446,0.0,0.0,0.0,0.0,0.0
12,0.0,1302.2717059111046,446.1884175948353,0.0,0.0,0.0,0.0,0.0
13,0.0,1300.886435375297,442.11479107505517,0.0,0.0,0.0,0.0,0.0
14,0.0,1322.5842838603403,443.72139368589825,0.0,0.0,0.0,0.0,0.0
15,0.0,1330.5539051096591,435.8324715692225,0.0,0.0,0.0,0.0,0.0
16,0.0,1308.7013693990905,437.12769895174,0.0,0.0,0.0,0.0,0.0
17,0.0,1284.484025014694,426.6639694522674,0.0,0.0,0.0,0.0,0.0
18,0.0,1295.501033593675,420.98380040967857,0.0,0.0,0.0,0.0,0.0
19,0.0,1288.2216043804544,429.99570529441866,0.0,0.0,0.0,0.0,0.0
20,0.0,1274.2466865143047,421.8269582318649,0.0,0.0,0.0,0.0,0.0
21,0.0,1276.993152161521,424.58711116135345,0.0,0.0,0.0,0.0,0.0
22,0.0,1258.1232605480568,441.3321991174063,0.0,0.0,0.0,0.0,0.0
23,0.0,1247.9354727239072,443.2771863009584,0.0,0.0,0.0,0.0,0.0
24,0.0,1253.017857593813,438.4822994352941,0.0,0.0,0.0,0.0,0.0
25,0.0,1219.1124223999045,425.2244261552971,0.0,0.0,0.0,0.0,0.0
26,0.0,1228.999182691895,425.45578981788617,0.0,0.0,0.0,0.0,0.0
27,0.0,1300.1729144476683,438.5059198086657,0.0,0.0,0.0,0.0,0.0
28,0.0,1323.1875216953,447.08524790662966,0.0,0.0,0.0,0.0,0.0
29,0.0,1349.5385860254223,451.61170545723724,0.0,0.0,0.0,0.0,0.0
30,0.0,1351.0035270725812,454.60570277669143,0.0,0.0,0.0,0.0,0.0
31,0.0,1381.0342818456904,456.3454168448009,0.0,0.0,0.0,0.0,0.0
32,0.0,1385.8958766231592,457.0647795661429,0.0,0.0,0.0,0.0,0.0
33,0.0,1406.2194073544717,453.6856122999987,0.0,0.0,0.0,0.0,0.0
34,0.0,1462.8187177275527,442.5394506526234,0.0,0.0,0.0,0.0,0.0
35,0.0,1471.719981193096,451.4748004781735,0.0,0.0,0.0,0.0,0.0
36,0.0,1443.1764636886037,447.124050129381,0.0,0.0,0.0,0.0,0.0
37,0.0,1448.6704585480284,448.059656471199,0.0,0.0,0.0,0.0,0.0
38,0.0,1406.766057412962,462.93810026663,0.0,0.0,0.0,0.0,0.0
39,0.0,1399.0795795678316,462.20303870589197,0.0,0.0,0.0,0.0,0.0
40,0.0,1391.9643553845267,458.83134114342414,0.0,0.0,0.0,0.0,0.0
41,0.0,1379.002634295504,454.3109247391964,0.0,0.0,0.0,0.0,0.0
42,0.0,1351.2113154685517,451.8087546955511,0.0,0.0,0.0,0.0,0.0
43,0.0,1391.6256297569885,453.11606394096015,0.0,0.0,0.0,0.0,0.0
44,0.0,1380.2325490527637,463.6804892640018,0.0,0.0,0.0,0.0,0.0
45,0.0,1322.8366241412923,457.67872018137297,0.0,0.0,0.0,0.0,0.0
46,0.0,1348.1771760765678,442.5968156826541,0.0,0.0,0.0,0.0,0.0
47,0.0,1377.116536541722,469.3710387523537,0.0,0.0,0.0,0.0,0.0
48,0.0,1374.920151949511,472.999648540445,0.0,0.0,0.0,0.0,0.0
49,0.0,1414.3533097623974,473.14920478893623,0.0,0.0,0.0,0.0,0.0
50,0.0,1419.8924824380283,488.79313168242646,0.0,0.0,0.0,0.0,0.0
51,0.0,1371.3374947232455,484.01186569622206,0.0,0.0,0.0,0.0,0.0
52,0.0,1366.3113887052198,481.2084483776108,0.0,0.0,0.0,0.0,0.0
53,0.0,1365.584343247572,511.5096997414564,0.0,0.0,0.0,0.0,0.0
54,0.0,1346.936251643851,505.09219093289846,0.0,0.0,0.0,0.0,0.0
55,0.0,1332.3128090799805,493.34333309841185,0.0,0.0,0.0,0.0,0.0
56,0.0,1250.8789760133486,475.4210997778822,0.0,0.0,0.0,0.0,0.0
57,0.0,1254.873605567273,473.468671997326,0.0,0.0,0.0,0.0,0.0
58,0.0,1208.208766334659,490.41094827517344,0.0,0.0,0.0,0.0,0.0
59,0.0,1194.2661407703229,478.53368041378695,0.0,0.0,0.0,0.0,0.0
60,0.0,1203.8082034885908,474.40892531026145,0.0,0.0,0.0,0.0,0.0
61,0.0,1133.2764453785062,495.2889041820466,0.0,0.0,0.0,0.0,0.0
62,0.0,1142.6762935465936,477.4178388416597,0.0,0.0,0.0,0.0,0.0
63,0.0,1190.112926826769,487.82861814065285,0.0,0.0,0.0,0.0,0.0
64,0.0,1173.810484452372,511.24464086934546,0.0,0.0,0.0,0.0,0.0
65,0.0,1133.7261118635838,516.9100456121561,0.0,0.0,0.0,0.0,0.0
66,0.0,1165.9803929390023,512.0177732369459,0.0,0.0,0.0,0.0,0.0
67,0.0,1182.0991619647518,537.3976526150631,0.0,0.0,0.0,0.0,0.0
68,0.0,1184.5840181817948,536.992934958418,0.0,0.0,0.0,0.0,0.0
69,0.0,1263.4733569197426,529.5735331828333,0.0,0.0,0.0,0.0,0.0
70,0.0,1237.6743421027713,555.4115189402714,0.0,0.0,0.0,0.0,0.0
71,0.0,1182.993401109241,549.6465585475395,0.0,0.0,0.0,0.0,0.0
72,0.0,1219.4433015106488,529.7243928373147,0.0,0.0,0.0,0.0,0.0
73,0.0,1223.3069660383715,561.0564359630071,0.0,0.0,0.0,0.0,0.0
74,0.0,1211.3491135676325,550.7047506795466,0.0,0.0,0.0,0.0,0.0
75,0.0,1208.8704080739185,539.0832006339333,0.0,0.0,0.0,0.0,0.0
76,0.0,1134.1342854423733,532.3073924445843,0.0,0.0,0.0,0.0,0.0
77,0.0,1143.4606522094375,509.96700607872054,0.0,0.0,0.0,0.0,0.0
78,0.0,1122.7684027045932,536.0474447330515,0.0,0.0,0.0,0.0,0.0
79,0.0,1112.8872409546664,530.0706373338146,0.0,0.0,0.0,0.0,0.0
80,0.0,1073.383110994198,526.81422104684,0.0,0.0,0.0,0.0,0.0
81,0.0,1080.7874411972873,524.8423717074859,0.0,0.0,0.0,0.0,0.0
82,0.0,1089.8222892047522,534.2627802151159,0.0,0.0,0.0,0.0,0.0
83,0.0,1142.2532803136858,548.70235478082,0.0,0.0,0.0,0.0,0.0
84,0.0,1127.1545281385183,551.8010709529835,0.0,0.0,0.0,0.0,0.0
85,0.0,1163.060137001674,549.2858411084039,0.0,0.0,0.0,0.0,0.0
86,0.0,1208.5981978394814,559.6420596682156,0.0,0.0,0.0,0.0,0.0
87,0.0,1254.127695953867,563.4065244365322,0.0,0.0,0.0,0.0,0.0
88,0.0,1276.2253587005048,585.6058219691087,0.0,0.0,0.0,0.0,0.0
89,0.0,1323.5197406015834,573.285142973195,0.0,0.0,0.0,0.0,0.0
90,0.0,1326.52058883762,604.7978147174709,0.0,0.0,0.0,0.0,0.0
91,0.0,1293.6843667701348,593.2035449795744,0.0,0.0,0.0,0.0,0.0
92,0.0,1335.4266333337816,575.9133099289264,0.0,0.0,0.0,0.0,0.0
93,0.0,1343.2438714886894,611.7891691688891,0.0,0.0,0.0,0.0,0.0
94,0.0,1286.8092186206977,615.9771199146736,0.0,0.0,0.0,0.0,0.0
95,0.0,1289.295049676597,608.618990257522,0.0,0.0,0.0,0.0,0.0
96,0.0,1234.5128438639704,607.1170606815341,0.0,0.0,0.0,0.0,0.0
97,0.0,1185.440350505878,594.7016982175708,0.0,0.0,0.0,0.0,0.0
98,0.0,1225.025511299377,568.5483679932393,0.0,0.0,0.0,0.0,0.0
99,0.0,1199.7847637648445,602.3111188436804,0.0,0.0,0.0,0.0,0.0
100,0.0,1182.1810910909794,626.2417200525921,0.0,0.0,0.0,0.0,0.0
101,0.0,1146.250593390988,611.4135190891167,0.0,0.0,0.0,0.0,0.0
102,0.0,1232.152273421778,585.2589634153625,0.0,0.0,0.0,0.0,0.0
103,0.0,1278.4700386758489,611.6520254890652,0.0,0.0,0.0,0.0,0.0
104,0.0,1309.0917362518967,611.0549257894579,0.0,0.0,0.0,0.0,0.0
105,0.0,1416.8440783158887,597.5873503399981,0.0,0.0,0.0,0.0,0.0
106,0.0,1449.4001627770886,664.8641129353268,0.0,0.0,0.0,0.0,0.0
107,0.0,1477.8497648673451,658.720752098066,0.0,0.0,0.0,0.0,0.0
108,0.0,1446.8624454347982,683.8051803440153,0.0,0.0,0.0,0.0,0.0
109,0.0,1469.7748355380843,677.0260507161477,0.0,0.0,0.0,0.0,0.0
110,0.0,1445.435353486138,697.2698017289322,0.0,0.0,0.0,0.0,0.0
111,0.0,1429.2700212230575,657.3542264526868,0.0,0.0,0.0,0.0,0.0
112,0.0,1476.3868769750345,690.0868727671204,0.0,0.0,0.0,0.0,0.0
113,0.0,1485.2033306769679,727.95778703103,0.0,0.0,0.0,0.0,0.0
114,0.0,1490.2040617092323,715.2210926286117,0.0,0.0,0.0,0.0,0.0
115,0.0,1528.5723022272475,706.0671946121008,0.0,0.0,0.0,0.0,0.0
116,0.0,1462.4415804706657,708.7697703905307,0.0,0.0,0.0,0.0,0.0
117,0.0,1409.6517134075973,662.053155932145,0.0,0.0,0.0,0.0,0.0
118,0.0,1414.2368565989761,674.2908944285138,0.0,0.0,0.0,0.0,0.0
119,0.0,1332.2851392375542,670.878983946723,0.0,0.0,0.0,0.0,0.0
120,0.0,1359.1223277040958,665.0680029247728,0.0,0.0,0.0,0.0,0.0
121,0.0,1341.407833212538,683.3363608475636,0.0,0.0,0.0,0.0,0.0
122,0.0,1373.885512229143,654.7807437082405,0.0,0.0,0.0,0.0,0.0
123,0.0,1302.1119174259327,665.1806859676337,0.0,0.0,0.0,0.0,0.0
124,0.0,1359.4503830531874,615.6586604903429,0.0,0.0,0.0,0.0,0.0
125,0.0,1429.3358141937088,657.5787287095746,0.0,0.0,0.0,0.0,0.0
126,0.0,1374.2395299457824,721.8499996789735,0.0,0.0,0.0,0.0,0.0
127,0.0,1453.5065626370836,675.9564012051125,0.0,0.0,0.0,0.0,0.0
128,0.0,1455.1514416587163,709.9332832442157,0.0,0.0,0.0,0.0,0.0
129,0.0,1481.1176134672432,702.34714661676,0.0,0.0,0.0,0.0,0.0
130,0.0,1496.846304214588,718.6556419542303,0.0,0.0,0.0,0.0,0.0
131,0.0,1496.3716380217077,695.1356761572375,0.0,0.0,0.0,0.0,0.0
132,0.0,1568.2692883204252,690.6560998700756,0.0,0.0,0.0,0.0,0.0
133,0.0,1591.58642392651,730.4148367942298,0.0,0.0,0.0,0.0,0.0
134,0.0,1688.6875605802022,715.8539520327887,0.0,0.0,0.0,0.0,0.0
135,0.0,1689.5044566410563,744.7233645932204,0.0,0.0,0.0,0.0,0.0
136,0.0,1686.10123308143,719.1589505773615,0.0,0.0,0.0,0.0,0.0
137,0.0,1672.6008203008603,742.9021806687513,0.0,0.0,0.0,0.0,0.0
138,0.0,1723.0305780988533,754.7086056056811,0.0,0.0,0.0,0.0,0.0
139,0.0,1628.5665611881373,797.2478242615008,0.0,0.0,0.0,0.0,0.0
140,0.0,1661.693351611415,747.9154656778363,0.0,0.0,0.0,0.0,0.0
141,0.0,1594.2751766609476,786.8947571457511,0.0,0.0,0.0,0.0,0.0
142,0.0,1618.982605758102,748.6336403921409,0.0,0.0,0.0,0.0,0.0
143,0.0,1587.8362271167157,764.1168607083072,0.0,0.0,0.0,0.0,0.0
144,0.0,1656.6379770356334,723.031766276807,0.0,0.0,0.0,0.0,0.0
145,0.0,1760.4442928962258,783.2153322386617,0.0,0.0,0.0,0.0,0.0
146,0.0,1736.2406801773966,800.157813690658,0.0,0.0,0.0,0.0,0.0
147,0.0,1672.665378276193,783.4809838214522,0.0,0.0,0.0,0.0,0.0
148,0.0,1747.899037668525,785.8918154734478,0.0,0.0,0.0,0.0,0.0
149,0.0,1802.3647646515954,834.1226727456349,0.0,0.0,0.0,0.0,0.0
150,0.0,1753.7288224457268,857.2895908724773,0.0,0.0,0.0,0.0,0.0
151,0.0,1805.771106481085,848.8544806896665,0.0,0.0,0.0,0.0,0.0
152,0.0,1869.031817831273,890.784596248478,0.0,0.0,0.0,0.0,0.0
153,0.0,1944.3360692553804,898.0572428569083,0.0,0.0,0.0,0.0,0.0
154,0.0,2023.01065945438,895.6818889220996,0.0,0.0,0.0,0.0,0.0
155,0.0,2014.5614712710826,912.6213740891584,0.0,0.0,0.0,0.0,0.0
156,0.0,2044.2407860405785,879.6305731776777,0.0,0.0,0.0,0.0,0.0
157,0.0,2049.416249334351,896.0438625568822,0.0,0.0,0.0,0.0,0.0
158,0.0,2142.467228619625,892.5152042854145,0.0,0.0,0.0,0.0,0.0
159,0.0,2002.2090774864591,942.9881649359208,0.0,0.0,0.0,0.0,0.0
160,0.0,2005.1200182945374,916.0932406801443,0.0,0.0,0.0,0.0,0.0
161,0.0,1923.9267139784004,951.0166452718458,0.0,0.0,0.0,0.0,0.0
162,0.0,2044.775670752848,921.2354462579132,0.0,0.0,0.0,0.0,0.0
163,0.0,1928.4335801884233,967.2486133063071,0.0,0.0,0.0,0.0,0.0
164,0.0,1983.3532297070649,927.6144378566488,0.0,0.0,0.0,0.0,0.0
165,0.0,2049.44200447916,987.0796926992754,0.0,0.0,0.0,0.0,0.0
166,0.0,2021.4320709321669,1005.2214111377675,0.0,0.0,0.0,0.0,0.0
167,0.0,2137.0409719432637,966.3573913005382,0.0,0.0,0.0,0.0,0.0
168,0.0,2221.913013782537,1015.2612670265995,0.0,0.0,0.0,0.0,0.0
169,0.0,2293.54072377739,1047.718310591167,0.0,0.0,0.0,0.0,0.0
170,0.0,2309.7260804718912,1068.5442334847357,0.0,0.0,0.0,0.0,0.0
171,0.0,2391.505499231465,1042.9855368081573,0.0,0.0,0.0,0.0,0.0
172,0.0,2498.501310578393,1040.678406513781,0.0,0.0,0.0,0.0,0.0
173,0.0,2625.0726279342944,1086.518917114368,0.0,0.0,0.0,0.0,0.0
174,0.0,2718.358625431986,1127.862715479701,0.0,0.0,0.0,0.0,0.0
175,0.0,2717.738866195691,1115.1174149133587,0.0,0.0,0.0,0.0,0.0
176,0.0,2690.4821056442584,1077.5562296856995,0.0,0.0,0.0,0.0,0.0
177,0.0,2804.332405554665,1134.5259122576313,0.0,0.0,0.0,0.0,0.0
178,0.0,2856.405853546577,1154.7607490670205,0.0,0.0,0.0,0.0,0.0
179,0.0,2816.6813839345195,1147.9930493661923,0.0,0.0,0.0,0.0,0.0
180,0.0,2947.1897504428866,1134.216538824494,0.0,0.0,0.0,0.0,0.0
181,0.0,2831.5109905238714,1148.4453766238557,0.0,0.0,0.0,0.0,0.0
182,0.0,2884.1985341748323,1165.2073699768584,0.0,0.0,0.0,0.0,0.0
183,0.0,2822.235880361218,1144.0457155713145,0.0,0.0,0.0,0.0,0.0
184,0.0,2863.0548320382063,1117.4494478155436,0.0,0.0,0.0,0.0,0.0
185,0.0,2899.3984772650283,1141.7122981100656,0.0,0.0,0.0,0.0,0.0
186,0.0,2851.8011068544774,1214.936580462726,0.0,0.0,0.0,0.0,0.0
187,0.0,2962.579502426599,1183.9890110512774,0.0,0.0,0.0,0.0,0.0
188,0.0,2990.763280667776,1212.9444170108084,0.0,0.0,0.0,0.0,0.0
189,0.0,3060.176347145014,1229.9166608042192,0.0,0.0,0.0,0.0,0.0
190,0.0,2993.3394001271463,1238.9885247675202,0.0,0.0,0.0,0.0,0.0
191,0.0,3125.112882437433,1221.1281264756265,0.0,0.0,0.0,0.0,0.0
192,0.0,3106.89863932538,1254.8495224932049,0.0,0.0,0.0,0.0,0.0
193,0.0,3207.5385949641995,1248.7795774198241,0.0,0.0,0.0,0.0,0.0
194,0.0,3256.8364073589883,1283.6808784292502,0.0,0.0,0.0,0.0,0.0
195,0.0,3245.3704361004875,1246.5687825441155,0.0,0.0,0.0,0.0,0.0
196,0.0,3215.1726424188514,1225.974913462876,0.0,0.0,0.0,0.0,0.0
197,0.0,3306.0078319853824,1227.9806070286265,0.0,0.0,0.0,0.0,0.0
198,0.0,3393.6448731429173,1287.5892786469133,0.0,0.0,0.0,0.0,0.0
199,0.0,3298.5070879197265,1294.8344114522415,0.0,0.0,0.0,0.0,0.0
200,0.0,3429.1661344890085,1265.6049329287575,0.0,0.0,0.0,0.0,0.0
201,0.0,3284.262324545708,1347.2681742151085,0.0,0.0,0.0,0.0,0.0
202,0.0,3261.2822139531613,1313.9368652715214,0.0,0.0,0.0,0.0,0.0
203,0.0,3108.802590272954,1320.8481421808267,0.0,0.0,0.0,0.0,0.0
204,0.0,3282.640592336132,1258.6212834698854,0.0,0.0,0.0,0.0,0.0
205,0.0,3268.0249551087372,1375.1298775025348,0.0,0.0,0.0,0.0,0.0
206,0.0,3483.513141024247,1328.974761225349,0.0,0.0,0.0,0.0,0.0
207,0.0,3516.070050833785,1419.8894030674512,0.0,0.0,0.0,0.0,0.0
208,0.0,3623.2236635918557,1411.0349249674844,0.0,0.0,0.0,0.0,0.0
209,0.0,3768.8810120532066,1464.4015792805164,0.0,0.0,0.0,0.0,0.0
210,0.0,3678.9223739660797,1487.378638223445,0.0,0.0,0.0,0.0,0.0
211,0.0,3760.417550997742,1475.698640208178,0.0,0.0,0.0,0.0,0.0
212,0.0,3747.725840032905,1497.9524364181134,0.0,0.0,0.0,0.0,0.0
213,0.0,3892.252692098328,1487.056765353474,0.0,0.0,0.0,0.0,0.0
214,0.0,3945.324562755694,1544.829967014019,0.0,0.0,0.0,0.0,0.0
215,0.0,3947.1333485070813,1517.205112560771,0.0,0.0,0.0,0.0,0.0
216,0.0,3946.2934200201744,1495.0942060946477,0.0,0.0,0.0,0.0,0.0
217,0.0,3892.950174732832,1500.0697212460434,0.0,0.0,0.0,0.0,0.0
218,0.0,4091.421862709874,1518.5656164073773,0.0,0.0,0.0,0.0,0.0
219,0.0,3996.8436160439273,1572.1302972666672,0.0,0.0,0.0,0.0,0.0
220,0.0,4245.3946091918615,1500.9104057016373,0.0,0.0,0.0,0.0,0.0
221,0.0,4173.426747343944,1579.5546838556897,0.0,0.0,0.0,0.0,0.0
222,0.0,4092.1775301155485,1559.159920395916,0.0,0.0,0.0,0.0,0.0
223,0.0,3962.7593941691102,1580.2616429733268,0.0,0.0,0.0,0.0,0.0
224,0.0,4096.232551364234,1515.589691193348,0.0,0.0,0.0,0.0,0.0
225,0.0,4099.445411146506,1607.4674059414954,0.0,0.0,0.0,0.0,0.0
226,0.0,4214.158012503615,1644.8801095612832,0.0,0.0,0.0,0.0,0.0
227,0.0,4172.662157498313,1682.0341017083222,0.0,0.0,0.0,0.0,0.0
228,0.0,4250.546704357635,1711.01663485466,0.0,0.0,0.0,0.0,0.0
229,0.0,4288.27623201161,1703.9344034284254,0.0,0.0,0.0,0.0,0.0
230,0.0,4476.34363622987,1684.6469089654831,0.0,0.0,0.0,0.0,0.0
231,0.0,4603.924234794255,1757.2178464050016,0.0,0.0,0.0,0.0,0.0
232,0.0,4680.379320999752,1792.8711067769875,0.0,0.0,0.0,0.0,0.0
233,0.0,4953.416554459701,1818.749648144309,0.0,0.0,0.0,0.0,0.0
234,0.0,4891.436925845137,1876.8588185624865,0.0,0.0,0.0,0.0,0.0
235,0.0,5128.059779785881,1861.4662835090005,0.0,0.0,0.0,0.0,0.0
236,0.0,5018.795248401544,1889.5507374253057,0.0,0.0,0.0,0.0,0.0
237,0.0,4849.954580827284,1829.2137622597281,0.0,0.0,0.0,0.0,0.0
238,0.0,5166.523902885954,1876.1681736042958,0.0,0.0,0.0,0.0,0.0
239,0.0,5150.4902425365935,1944.585880066645,0.0,0.0,0.0,0.0,0.0
240,0.0,5438.7697474961815,1948.1229865804828,0.0,0.0,0.0,0.0,0.0
241,0.0,5310.841546619169,1970.4810841340156,0.0,0.0,0.0,0.0,0.0
242,0.0,5100.101501905217,1971.3051196195586,0.0,0.0,0.0,0.0,0.0
243,0.0,5266.312160773225,1917.4549462821392,0.0,0.0,0.0,0.0,0.0
244,0.0,5224.742024951176,2022.6930138479204,0.0,0.0,0.0,0.0,0.0
245,0.0,5162.478456826309,1935.0917630784934,0.0,0.0,0.0,0.0,0.0
246,0.0,5569.965174368215,1872.7908467253335,0.0,0.0,0.0,0.0,0.0
247,0.0,5428.273962523076,2106.3025807555646,0.0,0.0,0.0,0.0,0.0
248,0.0,5559.442455546246,2064.3230607000896,0.0,0.0,0.0,0.0,0.0
249,0.0,5714.5023652832015,2135.528297246756,0.0,0.0,0.0,0.0,0.0
250,0.0,5878.756772754816,2173.401734113745,0.0,0.0,0.0,0.0,0.0
251,0.0,6087.68083036301,2151.8184092033557,0.0,0.0,0.0,0.0,0.0
252,0.0,6007.40302741261,2140.014645908287,0.0,0.0,0.0,0.0,0.0
253,0.0,6190.107168477041,2153.545273437319,0.0,0.0,0.0,0.0,0.0
254,0.0,6237.859609738887,2194.3961316725085,0.0,0.0,0.0,0.0,0.0
255,0.0,6471.711368626724,2189.956862633336,0.0,0.0,0.0,0.0,0.0
256,0.0,6267.621258678799,2236.8028134713963,0.0,0.0,0.0,0.0,0.0
257,0.0,6049.523655144774,2175.4909903615367,0.0,0.0,0.0,0.0,0.0
258,0.0,6446.91073608729,2206.3458067433303,0.0,0.0,0.0,0.0,0.0
259,0.0,5935.270809400642,2303.3672140204458,0.0,0.0,0.0,0.0,0.0
260,0.0,5927.4166838475785,2197.3674891324786,0.0,0.0,0.0,0.0,0.0
261,0.0,5852.361619869194,2320.0183164156433,0.0,0.0,0.0,0.0,0.0
262,0.0,5693.168835455142,2243.2430286887693,0.0,0.0,0.0,0.0,0.0
263,0.0,5951.637100295325,2172.8491298167924,0.0,0.0,0.0,0.0,0.0
264,0.0,6081.7356357378385,2257.639504412383,0.0,0.0,0.0,0.0,0.0
265,0.0,6015.459071172057,2231.729320495084,0.0,0.0,0.0,0.0,0.0
266,0.0,5855.736027451073,2286.819317044803,0.0,0.0,0.0,0.0,0.0
267,0.0,5960.435449593696,2244.4462444075893,0.0,0.0,0.0,0.0,0.0
268,0.0,6095.267973921844,2253.545726759082,0.0,0.0,0.0,0.0,0.0
269,0.0,6211.483785177637,2358.471156682907,0.0,0.0,0.0,0.0,0.0
270,0.0,6376.02847950573,2364.042994166339,0.0,0.0,0.0,0.0,0.0
271,0.0,6707.284808527464,2388.4728320641475,0.0,0.0,0.0,0.0,0.0
272,0.0,6697.059334941799,2508.347081971428,0.0,0.0,0.0,0.0,0.0
273,0.0,6765.062608099028,2530.8594606744964,0.0,0.0,0.0,0.0,0.0
274,0.0,6762.102573354578,2511.726420696498,0.0,0.0,0.0,0.0,0.0
275,0.0,7066.5256219456605,2503.0083796806807,0.0,0.0,0.0,0.0,0.0
276,0.0,6768.335129160091,2582.7184774754114,0.0,0.0,0.0,0.0,0.0
277,0.0,6488.902282798028,2518.550432596473,0.0,0.0,0.0,0.0,0.0
278,0.0,6824.916183978095,2623.6115788207303,0.0,0.0,0.0,0.0,0.0
279,0.0,6387.786494245707,2650.558936396293,0.0,0.0,0.0,0.0,0.0
280,0.0,6378.733664248887,2520.4140146415425,0.0,0.0,0.0,0.0,0.0
281,0.0,6220.989256385076,2642.320441816099,0.0,0.0,0.0,0.0,0.0
282,0.0,6222.097757189297,2552.6973267005337,0.0,0.0,0.0,0.0,0.0
283,0.0,6389.536102667041,2610.748510099782,0.0,0.0,0.0,0.0,0.0
284,0.0,6476.037633676726,2682.081652347799,0.0,0.0,0.0,0.0,0.0
285,0.0,5917.616521148241,2636.6169363026434,0.0,0.0,0.0,0.0,0.0
286,0.0,5858.328591074974,2482.2386041708105,0.0,0.0,0.0,0.0,0.0
287,0.0,6030.911014699391,2665.0558684492835,0.0,0.0,0.0,0.0,0.0
288,0.0,5742.9740687746125,2672.536758002398,0.0,0.0,0.0,0.0,0.0
289,0.0,5948.0991399151935,2623.546219339134,0.0,0.0,0.0,0.0,0.0
290,0.0,5747.611265896563,2689.864987745027,0.0,0.0,0.0,0.0,0.0
291,0.0,5920.670927878689,2624.187647897249,0.0,0.0,0.0,0.0,0.0
292,0.0,5970.432524680209,2764.3886179672904,0.0,0.0,0.0,0.0,0.0
293,0.0,6099.243667799539,2746.266018937217,0.0,0.0,0.0,0.0,0.0
294,0.0,5617.2584511767145,2740.48898190659,0.0,0.0,0.0,0.0,0.0
295,0.0,5686.987340836373,2670.1098261290417,0.0,0.0,0.0,0.0,0.0
296,0.0,5364.946101086022,2655.615141434256,0.0,0.0,0.0,0.0,0.0
297,0.0,5093.347135589584,2535.60556967403,0.0,0.0,0.0,0.0,0.0
298,0.0,5548.344147488823,2470.190786882095,0.0,0.0,0.0,0.0,0.0
299,0.0,5171.785342070345,2704.257161379709,0.0,0.0,0.0,0.0,0.0
300,0.0,5180.458842526371,2564.056790746847,0.0,0.0,0.0,0.0,0.0
301,0.0,5325.362492052498,2670.744607063763,0.0,0.0,0.0,0.0,0.0
302,0.0,5527.787699914791,2752.4373175932033,0.0,0.0,0.0,0.0,0.0
303,0.0,5726.150699524761,2840.2234795359,0.0,0.0,0.0,0.0,0.0
304,0.0,5924.007948627086,2900.9879058965594,0.0,0.0,0.0,0.0,0.0
305,0.0,5586.693677599843,2868.283082223379,0.0,0.0,0.0,0.0,0.0
306,0.0,5919.50025853727,2809.0696749366607,0.0,0.0,0.0,0.0,0.0
307,0.0,6079.3553297055005,3158.9555015501574,0.0,0.0,0.0,0.0,0.0
308,0.0,5700.186533355363,3187.649334280416,0.0,0.0,0.0,0.0,0.0
309,0.0,5879.50774519506,2914.605511955072,0.0,0.0,0.0,0.0,0.0
310,0.0,5531.892125847155,3016.2474397224364,0.0,0.0,0.0,0.0,0.0
311,0.0,5927.3435286295135,2891.613063464874,0.0,0.0,0.0,0.0,0.0
312,0.0,5734.972982996338,3191.669256440223,0.0,0.0,0.0,0.0,0.0
313,0.0,5579.736209012647,3105.6025334758015,0.0,0.0,0.0,0.0,0.0
314,0.0,6105.812957223544,2955.4766080654786,0.0,0.0,0.0,0.0,0.0
315,0.0,6355.78049865924,3284.7558486908615,0.0,0.0,0.0,0.0,0.0
316,0.0,6340.632630046907,3375.570594846798,0.0,0.0,0.0,0.0,0.0
317,0.0,6338.028106684761,3256.016559068062,0.0,0.0,0.0,0.0,0.0
318,0.0,6263.348167373922,3297.5181238183995,0.0,0.0,0.0,0.0,0.0
319,0.0,5930.326921266831,3361.62541838357,0.0,0.0,0.0,0.0,0.0
320,0.0,6201.392216899128,3212.061970868618,0.0,0.0,0.0,0.0,0.0
321,0.0,6334.306858163492,3354.6202011917585,0.0,0.0,0.0,0.0,0.0
322,0.0,6764.056515450021,3324.3728115378835,0.0,0.0,0.0,0.0,0.0
323,0.0,6956.2871763895655,3474.9420908324687,0.0,0.0,0.0,0.0,0.0
324,0.0,7409.929403635945,3585.9709890575236,0.0,0.0,0.0,0.0,0.0
325,0.0,6828.935272046794,3641.1123516468942,0.0,0.0,0.0,0.0,0.0
326,0.0,6591.217956146603,3603.9654739362686,0.0,0.0,0.0,0.0,0.0
327,0.0,6887.009056759117,3733.53500559604,0.0,0.0,0.0,0.0,0.0
328,0.0,6557.8172442793775,3728.7730766258383,0.0,0.0,0.0,0.0,0.0
329,0.0,6358.155320821165,3638.2153189715827,0.0,0.0,0.0,0.0,0.0
330,0.0,6272.946170623302,3517.1386510952866,0.0,0.0,0.0,0.0,0.0
331,0.0,6429.5506127808785,3441.4910909953624,0.0,0.0,0.0,0.0,0.0
332,0.0,6400.376887837526,3557.6205793110994,0.0,0.0,0.0,0.0,0.0
333,0.0,6581.9888016140485,3516.0956714432273,0.0,0.0,0.0,0.0,0.0
334,0.0,6695.240847252062,3640.860761358067,0.0,0.0,0.0,0.0,0.0
335,0.0,7006.279097043503,3681.227215191339,0.0,0.0,0.0,0.0,0.0
336,0.0,7155.060309895058,3800.089182779954,0.0,0.0,0.0,0.0,0.0
337,0.0,6974.263740975446,3730.9893011185864,0.0,0.0,0.0,0.0,0.0
338,0.0,7084.630160021426,3695.3214051030086,0.0,0.0,0.0,0.0,0.0
339,0.0,6877.461080199015,3874.1846701675263,0.0,0.0,0.0,0.0,0.0
340,0.0,7313.295769690263,3633.5009223596867,0.0,0.0,0.0,0.0,0.0
341,0.0,7381.915659039612,3842.8959097384,0.0,0.0,0.0,0.0,0.0
342,0.0,7949.2423018107,3925.001214699451,0.0,0.0,0.0,0.0,0.0
343,0.0,8356.82112648108,4220.722895825716,0.0,0.0,0.0,0.0,0.0
344,0.0,8781.374596883012,4247.463970226547,0.0,0.0,0.0,0.0,0.0
345,0.0,8246.327271403285,4295.629865943565,0.0,0.0,0.0,0.0,0.0
346,0.0,8525.864998497836,4121.072722019907,0.0,0.0,0.0,0.0,0.0
347,0.0,8863.622374125382,4286.519005368277,0.0,0.0,0.0,0.0,0.0
348,0.0,8638.451577819636,4277.170704128983,0.0,0.0,0.0,0.0,0.0
349,0.0,8713.525382229262,4294.871149764843,0.0,0.0,0.0,0.0,0.0
350,0.0,8583.511405508634,4211.252077286565,0.0,0.0,0.0,0.0,0.0
351,0.0,8602.927782778554,4168.397757502472,0.0,0.0,0.0,0.0,0.0
352,0.0,8292.896269996636,4056.1199997110425,0.0,0.0,0.0,0.0,0.0
353,0.0,8195.03549217944,3910.7715501134685,0.0,0.0,0.0,0.0,0.0
354,0.0,8159.435787611698,3776.667785979353,0.0,0.0,0.0,0.0,0.0
355,0.0,8987.33563248905,3681.950099925792,0.0,0.0,0.0,0.0,0.0
356,0.0,8789.194410432088,4146.664355315946,0.0,0.0,0.0,0.0,0.0
357,0.0,8927.053589709623,4130.012691163012,0.0,0.0,0.0,0.0,0.0
358,0.0,9080.43813805981,4325.721850265412,0.0,0.0,0.0,0.0,0.0
359,0.0,8967.394820892245,4210.3411523128325,0.0,0.0,0.0,0.0,0.0
360,0.0,9409.40749104371,4107.544558712648,0.0,0.0,0.0,0.0,0.0
361,0.0,9463.874758540547,4487.409762543789,0.0,0.0,0.0,0.0,0.0
362,0.0,9926.664005754921,4436.266956967207,0.0,0.0,0.0,0.0,0.0
363,0.0,10597.303971972953,4579.986261682147,0.0,0.0,0.0,0.0,0.0
364,0.0,9438.79706474276,4563.589031905305,0.0,0.0,0.0,0.0,0.0
365,0.0,9264.409783682504,4526.376691875397,0.0,0.0,0.0,0.0,0.0
366,0.0,9475.250097213098,4663.0875979852735,0.0,0.0,0.0,0.0,0.0
367,0.0,9793.907505008501,4717.397636333358,0.0,0.0,0.0,0.0,0.0
368,0.0,9820.52591595431,4731.468414891359,0.0,0.0,0.0,0.0,0.0
369,0.0,10025.688474592685,4599.712796649918,0.0,0.0,0.0,0.0,0.0
370,0.0,10095.92767490371,4634.448627186593,0.0,0.0,0.0,0.0,0.0
371,0.0,10369.98183722357,4759.688704775124,0.0,0.0,0.0,0.0,0.0
372,0.0,9739.865660799085,4773.580952766259,0.0,0.0,0.0,0.0,0.0
373,0.0,9599.121219002658,4648.6141445016265,0.0,0.0,0.0,0.0,0.0
374,0.0,9413.302064446836,4578.215937200375,0.0,0.0,0.0,0.0,0.0
375,0.0,10407.086039504917,4483.33463085586,0.0,0.0,0.0,0.0,0.0
376,0.0,9855.119735312266,4951.400370417821,0.0,0.0,0.0,0.0,0.0
377,0.0,10144.472888185228,4879.949913794112,0.0,0.0,0.0,0.0,0.0
378,0.0,10449.41521129613,5084.389490226527,0.0,0.0,0.0,0.0,0.0
379,0.0,10345.290961440976,5087.7764140725285,0.0,0.0,0.0,0.0,0.0
380,0.0,11067.69291694527,4952.807186775456,0.0,0.0,0.0,0.0,0.0
381,0.0,10857.195198474152,5113.185020837894,0.0,0.0,0.0,0.0,0.0
382,0.0,10067.44107436588,5060.27729809762,0.0,0.0,0.0,0.0,0.0
383,0.0,10270.682342675644,4894.449196072929,0.0,0.0,0.0,0.0,0.0
384,0.0,9489.103045001364,5142.800123229715,0.0,0.0,0.0,0.0,0.0
385,0.0,9412.254654245538,4797.668969197537,0.0,0.0,0.0,0.0,0.0
386,0.0,9795.047891126425,4829.205606573206,0.0,0.0,0.0,0.0,0.0
387,0.0,10369.289905811325,4966.242000466797,0.0,0.0,0.0,0.0,0.0
388,0.0,9903.83482249808,5123.651264027468,0.0,0.0,0.0,0.0,0.0
389,0.0,10712.990461465231,4808.7867482807105,0.0,0.0,0.0,0.0,0.0
390,0.0,10992.80184321237,5102.291726784652,0.0,0.0,0.0,0.0,0.0
391,0.0,10968.161911400266,5204.83396649829,0.0,0.0,0.0,0.0,0.0
392,0.0,11568.088004929437,5082.367872087286,0.0,0.0,0.0,0.0,0.0
393,0.0,11097.178168970488,5404.457249346035,0.0,0.0,0.0,0.0,0.0
394,0.0,11113.928266274685,5238.497600500572,0.0,0.0,0.0,0.0,0.0
395,0.0,11694.593275837418,5413.66772998064,0.0,0.0,0.0,0.0,0.0
396,0.0,11839.17752049652,5625.745693497011,0.0,0.0,0.0,0.0,0.0
397,0.0,12173.843172419283,5561.059094700069,0.0,0.0,0.0,0.0,0.0
398,0.0,12486.128061087145,5530.051077319418,0.0,0.0,0.0,0.0,0.0
399,0.0,12416.165683551913,5772.285783328606,0.0,0.0,0.0,0.0,0.0
400,0.0,13148.108160064323,5679.988032838776,0.0,0.0,0.0,0.0,0.0
401,0.0,12710.088590483736,6050.59613072846,0.0,0.0,0.0,0.0,0.0
402,0.0,11335.117813174362,5631.040064297116,0.0,0.0,0.0,0.0,0.0
403,0.0,9964.839648554664,5416.109526612923,0.0,0.0,0.0,0.0,0.0
404,0.0,10213.005909367273,5028.523797853846,0.0,0.0,0.0,0.0,0.0
405,0.0,10265.05070992279,5471.9794090410005,0.0,0.0,0.0,0.0,0.0
406,0.0,10728.466010289696,5424.565931712469,0.0,0.0,0.0,0.0,0.0
407,0.0,11347.790230782595,5601.514394531528,0.0,0.0,0.0,0.0,0.0
408,0.0,11141.663592612815,5946.141430036067,0.0,0.0,0.0,0.0,0.0
409,0.0,11855.763299310447,5919.062557306498,0.0,0.0,0.0,0.0,0.0
410,0.0,11780.023061250617,6299.3690151835835,0.0,0.0,0.0,0.0,0.0
411,0.0,11601.673750093296,6133.247368273631,0.0,0.0,0.0,0.0,0.0
412,0.0,12275.066313537236,6044.88504045553,0.0,0.0,0.0,0.0,0.0
413,0.0,11941.699172875213,6133.2174033310475,0.0,0.0,0.0,0.0,0.0
414,0.0,11890.81796875808,6086.57796974234,0.0,0.0,0.0,0.0,0.0
415,0.0,12857.914340314923,6107.671787539631,0.0,0.0,0.0,0.0,0.0
416,0.0,12664.053951500331,6553.254610456479,0.0,0.0,0.0,0.0,0.0
417,0.0,12497.663724216989,6404.148327880252,0.0,0.0,0.0,0.0,0.0
418,0.0,13199.334652026073,6422.236879867514,0.0,0.0,0.0,0.0,0.0
419,0.0,13109.279505453998,6672.827905298642,0.0,0.0,0.0,0.0,0.0
420,0.0,12765.67004830558,6756.476143932778,0.0,0.0,0.0,0.0,0.0
421,0.0,13129.655092835945,6500.8667286133505,0.0,0.0,0.0,0.0,0.0
422,0.0,11965.105219547615,6679.315957745766,0.0,0.0,0.0,0.0,0.0
423,0.0,11171.365740741036,6090.9929921492585,0.0,0.0,0.0,0.0,0.0
424,0.0,11387.593280235016,6365.37208756206,0.0,0.0,0.0,0.0,0.0
425,0.0,11399.36769484854,6354.867344740216,0.0,0.0,0.0,0.0,0.0
426,0.0,12521.55753037828,6201.894734148578,0.0,0.0,0.0,0.0,0.0
427,0.0,12621.252486100413,6854.783354653536,0.0,0.0,0.0,0.0,0.0
428,0.0,12754.273273416944,6846.880176913985,0.0,0.0,0.0,0.0,0.0
429,0.0,12901.81468744102,6981.5649734549515,0.0,0.0,0.0,0.0,0.0
430,0.0,12794.40351381172,6984.43139934004,0.0,0.0,0.0,0.0,0.0
431,0.0,12676.462348902272,6780.658203209315,0.0,0.0,0.0,0.0,0.0
432,0.0,12017.74006253437,6546.280068597656,0.0,0.0,0.0,0.0,0.0
433,0.0,12685.153611015747,6192.200541455176,0.0,0.0,0.0,0.0,0.0
434,0.0,13060.244733319847,6890.4001575973325,0.0,0.0,0.0,0.0,0.0
435,0.0,13383.770504462751,7052.918249923761,0.0,0.0,0.0,0.0,0.0
436,0.0,12993.548201203783,7169.230891100695,0.0,0.0,0.0,0.0,0.0
437,0.0,13644.953444395693,6934.835060639758,0.0,0.0,0.0,0.0,0.0
438,0.0,13550.58823077473,7491.679661896849,0.0,0.0,0.0,0.0,0.0
439,0.0,14294.354587530765,7359.696993646086,0.0,0.0,0.0,0.0,0.0
440,0.0,14574.421456041247,7669.10032229313,0.0,0.0,0.0,0.0,0.0
441,0.0,14532.890412425766,7749.550370617237,0.0,0.0,0.0,0.0,0.0
442,0.0,14020.1687540492,7496.228429414668,0.0,0.0,0.0,0.0,0.0
443,0.0,13106.351519779842,7041.756616307225,0.0,0.0,0.0,0.0,0.0
444,0.0,13737.161428714748,6792.912629567645,0.0,0.0,0.0,0.0,0.0
445,0.0,13543.64149173289,7293.6405671382545,0.0,0.0,0.0,0.0,0.0
446,0.0,14291.476161535129,6907.460925924782,0.0,0.0,0.0,0.0,0.0
447,0.0,15259.350909685812,7596.160884046154,0.0,0.0,0.0,0.0,0.0
448,0.0,15361.900041656407,8244.289397121052,0.0,0.0,0.0,0.0,0.0
449,0.0,16004.71484254119,8099.40483497183,0.0,0.0,0.0,0.0,0.0
450,0.0,16369.422040018304,8536.655877014577,0.0,0.0,0.0,0.0,0.0
451,0.0,16445.558235532444,8566.263652301433,0.0,0.0,0.0,0.0,0.0
452,0.0,16394.441730584702,8393.364157997446,0.0,0.0,0.0,0.0,0.0
453,0.0,16851.885027601613,8264.702973763606,0.0,0.0,0.0,0.0,0.0
454,0.0,16484.68717393232,8873.853835959311,0.0,0.0,0.0,0.0,0.0
455,0.0,16538.387732324107,9134.3442084464,0.0,0.0,0.0,0.0,0.0
456,0.0,16697.26489645782,9100.602129951701,0.0,0.0,0.0,0.0,0.0
457,0.0,17101.385272878397,8925.384241314847,0.0,0.0,0.0,0.0,0.0
458,0.0,17506.575845007294,8894.734964202135,0.0,0.0,0.0,0.0,0.0
459,0.0,18508.696919490805,8952.461602972777,0.0,0.0,0.0,0.0,0.0
460,0.0,18533.84174939746,9334.564410671737,0.0,0.0,0.0,0.0,0.0
461,0.0,19115.76365985728,9392.357678777245,0.0,0.0,0.0,0.0,0.0
462,0.0,18910.383497012135,9156.078592692904,0.0,0.0,0.0,0.0,0.0
463,0.0,17939.113230556777,8842.684344237337,0.0,0.0,0.0,0.0,0.0
464,0.0,18446.654334963307,8640.323412846934,0.0,0.0,0.0,0.0,0.0
465,0.0,17623.366588873563,8949.455180731877,0.0,0.0,0.0,0.0,0.0
466,0.0,17864.03450290334,8877.973929518339,0.0,0.0,0.0,0.0,0.0
467,0.0,19416.603796021715,9132.081471614889,0.0,0.0,0.0,0.0,0.0
468,0.0,19931.679367750687,9903.13726952688,0.0,0.0,0.0,0.0,0.0
469,0.0,19862.492158281304,9702.935153054888,0.0,0.0,0.0,0.0,0.0
470,0.0,20406.250363023144,9465.139534761782,0.0,0.0,0.0,0.0,0.0
471,0.0,19262.983681593072,9637.008123713384,0.0,0.0,0.0,0.0,0.0
472,0.0,19824.554836629373,9271.535799872807,0.0,0.0,0.0,0.0,0.0
473,0.0,20171.904450989507,9834.202242710193,0.0,0.0,0.0,0.0,0.0
474,0.0,20397.511596033495,10156.922750396028,0.0,0.0,0.0,0.0,0.0
475,0.0,21667.71152933191,9881.578468798245,0.0,0.0,0.0,0.0,0.0
476,0.0,21454.86330650719,10493.84496140986,0.0,0.0,0.0,0.0,0.0
477,0.0,22950.483300025582,10236.94037744932,0.0,0.0,0.0,0.0,0.0
478,0.0,23406.6192667594,10891.711774197074,0.0,0.0,0.0,0.0,0.0
479,0.0,24639.35752542344,11080.893829235807,0.0,0.0,0.0,0.0,0.0
480,0.0,25069.270360380564,11528.500404786733,0.0,0.0,0.0,0.0,0.0
481,0.0,23762.58256457499,11392.074263206696,0.0,0.0,0.0,0.0,0.0
482,0.0,23152.520842763115,10989.481561511584,0.0,0.0,0.0,0.0,0.0
483,0.0,21147.041405243566,10810.599622514414,0.0,0.0,0.0,0.0,0.0
484,0.0,20952.26486937186,10644.540196332584,0.0,0.0,0.0,0.0,0.0
485,0.0,18981.288769149516,10474.16926482517,0.0,0.0,0.0,0.0,0.0
486,0.0,18739.637782992548,9582.725611845373,0.0,0.0,0.0,0.0,0.0
487,0.0,20993.05823443382,9762.852834845156,0.0,0.0,0.0,0.0,0.0
488,0.0,20951.62381491226,11300.112333049154,0.0,0.0,0.0,0.0,0.0
489,0.0,21628.603882484753,10839.534373061708,0.0,0.0,0.0,0.0,0.0
490,0.0,22328.178370342506,11034.600949336342,0.0,0.0,0.0,0.0,0.0
491,0.0,22494.172321524253,10966.282522899002,0.0,0.0,0.0,0.0,0.0
492,0.0,22373.923471995568,11361.786638833324,0.0,0.0,0.0,0.0,0.0
493,0.0,23951.13702263286,11215.004280040333,0.0,0.0,0.0,0.0,0.0
494,0.0,23324.167749255474,12134.859398366978,0.0,0.0,0.0,0.0,0.0
495,0.0,24937.135085896974,11707.035564411755,0.0,0.0,0.0,0.0,0.0
496,0.0,25870.902314604096,12610.636213289508,0.0,0.0,0.0,0.0,0.0
497,0.0,27031.803464559296,12665.998278895653,0.0,0.0,0.0,0.0,0.0
498,0.0,25754.122362122318,12855.032266554956,0.0,0.0,0.0,0.0,0.0
499,0.0,27593.34504636326,12780.767274090551,0.0,0.0,0.0,0.0,0.0
500,0.0,28411.376951955106,13495.615981974353,0.0,0.0,0.0,0.0,0.0
501,0.0,26814.488381342446,13431.166214816254,0.0,0.0,0.0,0.0,0.0
502,0.0,27184.548589674556,12913.566191522053,0.0,0.0,0.0,0.0,0.0
503,0.0,25656.324979109915,12874.012086533357,0.0,0.0,0.0,0.0,0.0
504,0.0,25589.479502510017,11769.574954896496,0.0,0.0,0.0,0.0,0.0
505,0.0,24815.807853117458,12089.73703524859,0.0,0.0,0.0,0.0,0.0
506,0.0,22995.589640847826,11361.922599117099,0.0,0.0,0.0,0.0,0.0
507,0.0,18740.32734831524,11144.725170730337,0.0,0.0,0.0,0.0,0.0
508,0.0,18837.215140358112,10281.685793441022,0.0,0.0,0.0,0.0,0.0
509,0.0,19256.936941712556,10836.469216626941,0.0,0.0,0.0,0.0,0.0
510,0.0,18469.028705147248,10729.523339946538,0.0,0.0,0.0,0.0,0.0
511,0.0,20505.955442083075,10447.508000664166,0.0,0.0,0.0,0.0,0.0
512,0.0,21474.086197331246,11966.882038453195,0.0,0.0,0.0,0.0,0.0
513,0.0,21979.759899985667,12167.419715018132,0.0,0.0,0.0,0.0,0.0
514,0.0,22622.929768684236,12866.829486916044,0.0,0.0,0.0,0.0,0.0
515,0.0,23577.666615750615,13117.611457568077,0.0,0.0,0.0,0.0,0.0
516,0.0,24159.198392924696,13413.737018235552,0.0,0.0,0.0,0.0,0.0
517,0.0,25132.729452824617,13870.55368409821,0.0,0.0,0.0,0.0,0.0
518,0.0,24850.703707146746,14267.17719195067,0.0,0.0,0.0,0.0,0.0
519,0.0,26236.3130689816,14195.497900526601,0.0,0.0,0.0,0.0,0.0
520,0.0,26333.288581023535,14883.816005557981,0.0,0.0,0.0,0.0,0.0
521,0.0,25524.386638961496,14873.0809963659,0.0,0.0,0.0,0.0,0.0
522,0.0,26227.01132571559,14663.608291403549,0.0,0.0,0.0,0.0,0.0
523,0.0,25469.580793567133,14981.17784261899,0.0,0.0,0.0,0.0,0.0
524,0.0,24775.201632968103,14507.934442165262,0.0,0.0,0.0,0.0,0.0
525,0.0,25489.47824854094,14225.508293674253,0.0,0.0,0.0,0.0,0.0
526,0.0,23553.338759553215,14183.028837458969,0.0,0.0,0.0,0.0,0.0
527,0.0,21633.44782641579,13233.303423260839,0.0,0.0,0.0,0.0,0.0
528,0.0,23057.65331270647,13050.10574429834,0.0,0.0,0.0,0.0,0.0
529,0.0,22384.83030573714,14446.661702770252,0.0,0.0,0.0,0.0,0.0
530,0.0,20573.59125778707,13933.615535802646,0.0,0.0,0.0,0.0,0.0
531,0.0,22869.808762943623,13251.7826086314,0.0,0.0,0.0,0.0,0.0
532,0.0,23358.75856759354,15106.571398342137,0.0,0.0,0.0,0.0,0.0
533,0.0,24036.90660416014,14775.05114431559,0.0,0.0,0.0,0.0,0.0
534,0.0,26602.425142713648,14960.662351763067,0.0,0.0,0.0,0.0,0.0
535,0.0,25800.08772173266,16144.181766540494,0.0,0.0,0.0,0.0,0.0
536,0.0,28603.699175928123,15571.700406237329,0.0,0.0,0.0,0.0,0.0
537,0.0,29540.741092206616,16952.89437919372,0.0,0.0,0.0,0.0,0.0
538,0.0,30153.501444770267,16923.225405659323,0.0,0.0,0.0,0.0,0.0
539,0.0,32956.065563156895,16753.60324139916,0.0,0.0,0.0,0.0,0.0
540,0.0,33216.59207764709,17841.138057181666,0.0,0.0,0.0,0.0,0.0
541,0.0,33296.95446944912,17484.044009699373,0.0,0.0,0.0,0.0,0.0
542,0.0,33624.46693041748,17676.111216003268,0.0,0.0,0.0,0.0,0.0
543,0.0,33868.800377315834,17051.614342645164,0.0,0.0,0.0,0.0,0.0
544,0.0,34458.221284490595,16803.393738446193,0.0,0.0,0.0,0.0,0.0
545,0.0,35244.43111742293,17207.60646900322,0.0,0.0,0.0,0.0,0.0
546,0.0,33223.71087572287,16827.773238906168,0.0,0.0,0.0,0.0,0.0
547,0.0,30828.19450548874,16124.801822658537,0.0,0.0,0.0,0.0,0.0
548,0.0,32178.134199676744,14869.947797931367,0.0,0.0,0.0,0.0,0.0
549,0.0,32616.35409540305,16474.664399190846,0.0,0.0,0.0,0.0,0.0
550,0.0,29413.24339130287,16248.109666589666,0.0,0.0,0.0,0.0,0.0
551,0.0,31659.297115980044,16206.811847910012,0.0,0.0,0.0,0.0,0.0
552,0.0,31970.313290642265,17691.346583057268,0.0,0.0,0.0,0.0,0.0
553,0.0,31447.775915015278,17182.83608781425,0.0,0.0,0.0,0.0,0.0
554,0.0,34045.35862176351,16659.132802689033,0.0,0.0,0.0,0.0,0.0
555,0.0,30457.98682448274,17869.098161737602,0.0,0.0,0.0,0.0,0.0
556,0.0,32659.3436568034,17412.933191354143,0.0,0.0,0.0,0.0,0.0
557,0.0,34205.75789131118,19209.753152222427,0.0,0.0,0.0,0.0,0.0
558,0.0,34125.926092621485,19206.72265683796,0.0,0.0,0.0,0.0,0.0
559,0.0,36436.7285820391,18565.59648132919,0.0,0.0,0.0,0.0,0.0
560,0.0,37438.84838882379,19547.91925159843,0.0,0.0,0.0,0.0,0.0
561,0.0,37557.36971022806,19691.678543373364,0.0,0.0,0.0,0.0,0.0
562,0.0,40071.584915245556,19153.661666377076,0.0,0.0,0.0,0.0,0.0
563,0.0,41804.389912369814,20609.94198757729,0.0,0.0,0.0,0.0,0.0
564,0.0,40231.76872670817,20253.964481965922,0.0,0.0,0.0,0.0,0.0
565,0.0,42440.464188236474,20316.245178022953,0.0,0.0,0.0,0.0,0.0
566,0.0,40368.425600420116,20692.997534092043,0.0,0.0,0.0,0.0,0.0
567,0.0,38440.94659328069,19695.17617299641,0.0,0.0,0.0,0.0,0.0
568,0.0,41759.551651676884,19831.06856910787,0.0,0.0,0.0,0.0,0.0
569,0.0,41722.80510469423,21583.075861376008,0.0,0.0,0.0,0.0,0.0
570,0.0,35279.15871080054,20589.59487332762,0.0,0.0,0.0,0.0,0.0
571,0.0,35882.08680446674,19713.774085632467,0.0,0.0,0.0,0.0,0.0
572,0.0,37105.32276681456,20736.724642881014,0.0,0.0,0.0,0.0,0.0
573,0.0,34993.69021068546,21043.76003744157,0.0,0.0,0.0,0.0,0.0
574,0.0,38531.48343818282,20081.912773310145,0.0,0.0,0.0,0.0,0.0
575,0.0,38796.620332461716,21921.297222409532,0.0,0.0,0.0,0.0,0.0
576,0.0,40991.221122640214,21972.27903893785,0.0,0.0,0.0,0.0,0.0
577,0.0,43258.8634686817,23206.668598687316,0.0,0.0,0.0,0.0,0.0
578,0.0,43894.98497687543,23650.948161020853,0.0,0.0,0.0,0.0,0.0
579,0.0,46631.759700570765,23527.661291092467,0.0,0.0,0.0,0.0,0.0
580,0.0,48508.40694883336,23959.013264569116,0.0,0.0,0.0,0.0,0.0
581,0.0,49154.41852589,24119.347837278125,0.0,0.0,0.0,0.0,0.0
582,0.0,51679.892502921175,23788.79196358301,0.0,0.0,0.0,0.0,0.0
583,0.0,51615.85548728315,24646.566887416917,0.0,0.0,0.0,0.0,0.0
584,0.0,48599.40058835584,24018.307238195306,0.0,0.0,0.0,0.0,0.0
585,0.0,51673.36326388599,23680.257035567985,0.0,0.0,0.0,0.0,0.0
586,0.0,50891.42115318932,25315.09661558638,0.0,0.0,0.0,0.0,0.0
587,0.0,49210.570068225636,24348.659121242403,0.0,0.0,0.0,0.0,0.0
588,0.0,52150.70587774317,23622.186854783922,0.0,0.0,0.0,0.0,0.0
589,0.0,52913.696276984105,24852.041583454433,0.0,0.0,0.0,0.0,0.0
590,0.0,48538.961405764225,24641.418679792972,0.0,0.0,0.0,0.0,0.0
591,0.0,50990.21257072741,23748.333260573523,0.0,0.0,0.0,0.0,0.0
592,0.0,52815.63130213855,26337.254895435108,0.0,0.0,0.0,0.0,0.0
593,0.0,48731.99867469857,25376.765360525576,0.0,0.0,0.0,0.0,0.0
594,0.0,51080.622234967814,24491.805804002313,0.0,0.0,0.0,0.0,0.0
595,0.0,51703.5544946702,26383.525675185825,0.0,0.0,0.0,0.0,0.0
596,0.0,53678.915836092514,25658.597934535435,0.0,0.0,0.0,0.0,0.0
597,0.0,57488.65120682594,27093.923527007057,0.0,0.0,0.0,0.0,0.0
598,0.0,55611.66304919519,27515.14131535775,0.0,0.0,0.0,0.0,0.0
599,0.0,54466.210245750066,27453.375864354482,0.0,0.0,0.0,0.0,0.0
600,0.0,58487.24705080608,26818.49769746679,0.0,0.0,0.0,0.0,0.0
601,0.0,57398.054766702924,28265.13550366963,0.0,0.0,0.0,0.0,0.0
602,0.0,60706.79946747342,27908.73185225233,0.0,0.0,0.0,0.0,0.0
603,0.0,63858.079934743924,29089.141557020022,0.0,0.0,0.0,0.0,0.0
604,0.0,59063.38041682774,28642.004328111736,0.0,0.0,0.0,0.0,0.0
605,0.0,61184.00391948455,28435.931688891993,0.0,0.0,0.0,0.0,0.0
606,0.0,61461.771711383335,29154.611854482908,0.0,0.0,0.0,0.0,0.0
607,0.0,60772.55357055871,28322.007701784016,0.0,0.0,0.0,0.0,0.0
608,0.0,61760.478800388904,27815.910537515014,0.0,0.0,0.0,0.0,0.0
609,0.0,61953.82770591366,27591.051923856838,0.0,0.0,0.0,0.0,0.0
610,0.0,58078.053156770475,27676.89313411481,0.0,0.0,0.0,0.0,0.0
611,0.0,61362.58699647542,27382.36706081638,0.0,0.0,0.0,0.0,0.0
612,0.0,58260.456877677505,29511.72252802622,0.0,0.0,0.0,0.0,0.0
613,0.0,55853.15126469545,27424.15571650573,0.0,0.0,0.0,0.0,0.0
614,0.0,56514.847469371445,25548.466322931294,0.0,0.0,0.0,0.0,0.0
615,0.0,59837.36544837283,27137.686439608136,0.0,0.0,0.0,0.0,0.0
616,0.0,57433.22658601014,28879.26328212624,0.0,0.0,0.0,0.0,0.0
617,0.0,62531.56009969736,27894.11582302483,0.0,0.0,0.0,0.0,0.0
618,0.0,62777.29829058819,31274.441955639424,0.0,0.0,0.0,0.0,0.0
619,0.0,61556.415129217865,30525.928442671775,0.0,0.0,0.0,0.0,0.0
620,0.0,68094.11768324794,29443.54432535934,0.0,0.0,0.0,0.0,0.0
621,0.0,60311.033859059426,32414.69911168062,0.0,0.0,0.0,0.0,0.0
622,0.0,60771.65016334359,31196.743206877047,0.0,0.0,0.0,0.0,0.0
623,0.0,63931.0386748494,30981.27661003152,0.0,0.0,0.0,0.0,0.0
624,0.0,59398.419296728294,32136.665101516042,0.0,0.0,0.0,0.0,0.0
625,0.0,61236.05376947549,30992.933886616724,0.0,0.0,0.0,0.0,0.0
626,0.0,62483.7816997827,32842.743890637066,0.0,0.0,0.0,0.0,0.0
627,0.0,61159.8650650504,32529.73927271913,0.0,0.0,0.0,0.0,0.0
628,0.0,64328.07205517025,31537.80971148287,0.0,0.0,0.0,0.0,0.0
629,0.0,63628.25025255176,32211.225197924177,0.0,0.0,0.0,0.0,0.0
630,0.0,56811.837154025096,31835.94225062748,0.0,0.0,0.0,0.0,0.0
631,0.0,63279.97011291971,29834.710090554443,0.0,0.0,0.0,0.0,0.0
632,0.0,60004.21415361264,33788.87623292031,0.0,0.0,0.0,0.0,0.0
633,0.0,59561.04841862583,31666.598829327995,0.0,0.0,0.0,0.0,0.0
634,0.0,60455.612862123446,31080.29496352037,0.0,0.0,0.0,0.0,0.0
635,0.0,66273.23075408895,31051.94348469647,0.0,0.0,0.0,0.0,0.0
636,0.0,64264.03482581809,34529.66429507524,0.0,0.0,0.0,0.0,0.0
637,0.0,69531.3272768011,33785.36995624026,0.0,0.0,0.0,0.0,0.0
638,0.0,71546.71746240687,36637.83864976003,0.0,0.0,0.0,0.0,0.0
639,0.0,68198.34180842443,36818.55034350114,0.0,0.0,0.0,0.0,0.0
640,0.0,71293.52827652244,36564.21190441544,0.0,0.0,0.0,0.0,0.0
641,0.0,66974.61920870235,37527.313335639774,0.0,0.0,0.0,0.0,0.0
642,0.0,68485.35624954785,35563.753890399916,0.0,0.0,0.0,0.0,0.0
643,0.0,73973.60848414488,36609.47714496275,0.0,0.0,0.0,0.0,0.0
644,0.0,65151.124022958276,38468.17836803673,0.0,0.0,0.0,0.0,0.0
645,0.0,67140.14999573916,37046.234811294766,0.0,0.0,0.0,0.0,0.0
646,0.0,67518.94777009067,38967.699732284505,0.0,0.0,0.0,0.0,0.0
647,0.0,57647.91702180978,36727.155148371014,0.0,0.0,0.0,0.0,0.0
648,0.0,65415.62574551281,33702.110163808,0.0,0.0,0.0,0.0,0.0
649,0.0,64470.69895364089,39468.12518662976,0.0,0.0,0.0,0.0,0.0
650,0.0,57470.065925916664,36837.790796178815,0.0,0.0,0.0,0.0,0.0
651,0.0,63943.52643142116,34121.1175288975,0.0,0.0,0.0,0.0,0.0
652,0.0,65268.827772348675,38121.55617450225,0.0,0.0,0.0,0.0,0.0
653,0.0,61379.441760971305,38580.36398327772,0.0,0.0,0.0,0.0,0.0
654,0.0,65727.6950507841,37500.83311723051,0.0,0.0,0.0,0.0,0.0
655,0.0,70010.83053185325,40909.33518555841,0.0,0.0,0.0,0.0,0.0
656,0.0,69567.14380488172,42065.90369733471,0.0,0.0,0.0,0.0,0.0
657,0.0,72444.566250827,41386.98422402941,0.0,0.0,0.0,0.0,0.0
658,0.0,78496.05425072169,42720.610439073906,0.0,0.0,0.0,0.0,0.0
659,0.0,74299.34724912066,44939.15747381781,0.0,0.0,0.0,0.0,0.0
660,0.0,74144.88597542833,43246.23034630423,0.0,0.0,0.0,0.0,0.0
661,0.0,75331.94142754601,41863.28531520681,0.0,0.0,0.0,0.0,0.0
662,0.0,74176.72226463948,40675.822745477635,0.0,0.0,0.0,0.0,0.0
663,0.0,77703.39207199035,41065.30636821553,0.0,0.0,0.0,0.0,0.0
664,0.0,76787.07114865072,43577.67966502445,0.0,0.0,0.0,0.0,0.0
665,0.0,82834.15715843326,40742.334581414194,0.0,0.0,0.0,0.0,0.0
666,0.0,84785.47906991561,44304.53570508923,0.0,0.0,0.0,0.0,0.0
667,0.0,72652.56651346844,44456.74190339717,0.0,0.0,0.0,0.0,0.0
668,0.0,82952.04448942113,41522.587555911,0.0,0.0,0.0,0.0,0.0
669,0.0,75238.17821335026,47890.660703465095,0.0,0.0,0.0,0.0,0.0
670,0.0,69339.4672118214,44510.04651831975,0.0,0.0,0.0,0.0,0.0
671,0.0,79105.27677618153,40979.649349912645,0.0,0.0,0.0,0.0,0.0
672,0.0,78682.60669094161,47059.26550630762,0.0,0.0,0.0,0.0,0.0
673,0.0,74125.09949825288,45739.89091825365,0.0,0.0,0.0,0.0,0.0
674,0.0,78962.08976477875,43593.03760411358,0.0,0.0,0.0,0.0,0.0
675,0.0,87404.03457825082,46391.806832069364,0.0,0.0,0.0,0.0,0.0
676,0.0,89342.88948935147,50374.7187090748,0.0,0.0,0.0,0.0,0.0
677,0.0,91138.47015507468,50119.71487821852,0.0,0.0,0.0,0.0,0.0
678,0.0,95174.71552332974,51278.03073984882,0.0,0.0,0.0,0.0,0.0
679,0.0,92717.90314718315,51744.21242725166,0.0,0.0,0.0,0.0,0.0
680,0.0,92547.03636423191,50703.347724564774,0.0,0.0,0.0,0.0,0.0
681,0.0,92712.12498164494,50144.86718421223,0.0,0.0,0.0,0.0,0.0
682,0.0,89562.10762546811,49166.99787490927,0.0,0.0,0.0,0.0,0.0
683,0.0,92567.65305833121,47631.49384490887,0.0,0.0,0.0,0.0,0.0
684,0.0,92219.48209823777,49878.807512467734,0.0,0.0,0.0,0.0,0.0
685,0.0,96911.87450169455,48057.632023841754,0.0,0.0,0.0,0.0,0.0
686,0.0,104227.94820002475,51525.36283675511,0.0,0.0,0.0,0.0,0.0
687,0.0,93389.29246640598,54045.92221406716,0.0,0.0,0.0,0.0,0.0
688,0.0,103205.70042091148,52088.05399946725,0.0,0.0,0.0,0.0,0.0
689,0.0,102068.88834769538,57039.17789179451,0.0,0.0,0.0,0.0,0.0
690,0.0,93771.53383307501,54739.89634609475,0.0,0.0,0.0,0.0,0.0
691,0.0,106347.21288687497,52737.937868708475,0.0,0.0,0.0,0.0,0.0
692,0.0,101626.26984802046,60089.91975917668,0.0,0.0,0.0,0.0,0.0
693,0.0,95417.30806927028,55050.49464507028,0.0,0.0,0.0,0.0,0.0
694,0.0,103338.23501069036,53351.298977522405,0.0,0.0,0.0,0.0,0.0
695,0.0,103081.0766573365,58392.816968944455,0.0,0.0,0.0,0.0,0.0
696,0.0,107701.88247108742,58186.87449753923,0.0,0.0,0.0,0.0,0.0
697,0.0,112419.33201744453,60137.77078022343,0.0,0.0,0.0,0.0,0.0
698,0.0,113255.14128881335,60124.16623694931,0.0,0.0,0.0,0.0,0.0
699,0.0,109371.70581434054,59935.24693546556,0.0,0.0,0.0,0.0,0.0
700,0.0,116644.54090118926,60182.591307612616,0.0,0.0,0.0,0.0,0.0
701,0.0,110370.95645500546,62522.64879334245,0.0,0.0,0.0,0.0,0.0
702,0.0,101718.06493665483,59007.490739324865,0.0,0.0,0.0,0.0,0.0
703,0.0,108258.73578809848,55186.84678516667,0.0,0.0,0.0,0.0,0.0
704,0.0,104419.58221661829,59916.533688150375,0.0,0.0,0.0,0.0,0.0
705,0.0,112515.68820390788,56604.80314000537,0.0,0.0,0.0,0.0,0.0
706,0.0,115224.5978113994,62119.43449271769,0.0,0.0,0.0,0.0,0.0
707,0.0,103076.79287659508,60977.71102729412,0.0,0.0,0.0,0.0,0.0
708,0.0,111797.8240128971,57853.1191615844,0.0,0.0,0.0,0.0,0.0
709,0.0,112877.78785089812,62459.15010742968,0.0,0.0,0.0,0.0,0.0
710,0.0,108736.61455343782,60585.116937177765,0.0,0.0,0.0,0.0,0.0
711,0.0,122486.9067370929,59913.487784424935,0.0,0.0,0.0,0.0,0.0
712,0.0,121049.25838293335,68023.99181717244,0.0,0.0,0.0,0.0,0.0
713,0.0,113766.98237354525,65884.50530030172,0.0,0.0,0.0,0.0,0.0
714,0.0,123403.70132143128,63114.97636905517,0.0,0.0,0.0,0.0,0.0
715,0.0,124873.45601782353,66338.72866465397,0.0,0.0,0.0,0.0,0.0
716,0.0,128938.87048476518,66121.65015088046,0.0,0.0,0.0,0.0,0.0
717,0.0,138893.71908830944,65483.27115817316,0.0,0.0,0.0,0.0,0.0
718,0.0,138926.7745749833,68156.8810050987,0.0,0.0,0.0,0.0,0.0
719,0.0,139261.59010624894,67471.82538640291,0.0,0.0,0.0,0.0,0.0
720,0.0,150260.2282734914,67782.56090354241,0.0,0.0,0.0,0.0,0.0
721,0.0,144111.8129497227,71458.11445971258,0.0,0.0,0.0,0.0,0.0
722,0.0,142962.7451536955,68218.07053137456,0.0,0.0,0.0,0.0,0.0
723,0.0,148554.22004632384,66620.36843423209,0.0,0.0,0.0,0.0,0.0
724,0.0,143093.51185572465,68174.76387253332,0.0,0.0,0.0,0.0,0.0
725,0.0,145837.8265357426,68422.80392009218,0.0,0.0,0.0,0.0,0.0
726,0.0,146614.25852060918,70909.38395350442,0.0,0.0,0.0,0.0,0.0
727,0.0,134843.04177660405,69374.0218888262,0.0,0.0,0.0,0.0,0.0
728,0.0,144304.76948389178,64924.443380255536,0.0,0.0,0.0,0.0,0.0
729,0.0,134000.24380454278,71444.31673813619,0.0,0.0,0.0,0.0,0.0
730,0.0,125752.60098400508,65867.30601150062,0.0,0.0,0.0,0.0,0.0
731,0.0,143576.20201575503,67359.74341751778,0.0,0.0,0.0,0.0,0.0
732,0.0,132833.68439582287,76509.10222282473,0.0,0.0,0.0,0.0,0.0
733,0.0,132908.4188637804,72185.02266082664,0.0,0.0,0.0,0.0,0.0
734,0.0,147010.20653664976,74106.2802527781,0.0,0.0,0.0,0.0,0.0
735,0.0,147474.39199909358,81987.78805734334,0.0,0.0,0.0,0.0,0.0
736,0.0,135406.3479988174,79698.34928423396,0.0,0.0,0.0,0.0,0.0
737,0.0,138289.44415241294,75496.71079617456,0.0,0.0,0.0,0.0,0.0
738,0.0,138661.5847063084,76717.20485148189,0.0,0.0,0.0,0.0,0.0
739,0.0,146168.3788237931,75648.02817573253,0.0,0.0,0.0,0.0,0.0
740,0.0,159446.925241544,78241.8673793588,0.0,0.0,0.0,0.0,0.0
741,0.0,156607.81440932356,83338.05352105055,0.0,0.0,0.0,0.0,0.0
742,0.0,160124.91122667424,81078.87634807173,0.0,0.0,0.0,0.0,0.0
743,0.0,167135.3153150448,81830.84638621868,0.0,0.0,0.0,0.0,0.0
744,0.0,161822.48092777646,81452.66878542259,0.0,0.0,0.0,0.0,0.0
745,0.0,175476.6943019622,81891.78328722165,0.0,0.0,0.0,0.0,0.0
746,0.0,174230.8608393162,87133.73547262704,0.0,0.0,0.0,0.0,0.0
747,0.0,163562.6971971153,82828.3057254412,0.0,0.0,0.0,0.0,0.0
748,0.0,172937.24358757745,82423.501328572,0.0,0.0,0.0,0.0,0.0
749,0.0,154087.56572078684,85228.36237974037,0.0,0.0,0.0,0.0,0.0
750,0.0,148485.6662293097,75519.95571343043,0.0,0.0,0.0,0.0,0.0
751,0.0,168792.22284370495,75457.69506629652,0.0,0.0,0.0,0.0,0.0
752,0.0,145088.39976107472,87242.8956715854,0.0,0.0,0.0,0.0,0.0
753,0.0,149828.33374727904,81209.61981363547,0.0,0.0,0.0,0.0,0.0
754,0.0,158333.85335247658,85253.57742057877,0.0,0.0,0.0,0.0,0.0
755,0.0,148027.29926301248,86728.29740443581,0.0,0.0,0.0,0.0,0.0
756,0.0,147902.08965470927,82226.36884287896,0.0,0.0,0.0,0.0,0.0
757,0.0,155362.4317790565,82912.63161940282,0.0,0.0,0.0,0.0,0.0
758,0.0,154840.72248109218,87691.30784840415,0.0,0.0,0.0,0.0,0.0
759,0.0,161065.68081245865,87859.31282109575,0.0,0.0,0.0,0.0,0.0
760,0.0,167916.81840991988,91688.70468071935,0.0,0.0,0.0,0.0,0.0
761,0.0,159658.7778245993,92129.66755892828,0.0,0.0,0.0,0.0,0.0
762,0.0,170111.4605372041,91297.46388205551,0.0,0.0,0.0,0.0,0.0
763,0.0,176333.55603135005,97316.12877181718,0.0,0.0,0.0,0.0,0.0
764,0.0,169102.19256871857,95044.80240592049,0.0,0.0,0.0,0.0,0.0
765,0.0,182219.6817556994,91483.28004416724,0.0,0.0,0.0,0.0,0.0
766,0.0,160595.45957580523,97189.00744111187,0.0,0.0,0.0,0.0,0.0
767,0.0,157519.90000343783,90700.76549467834,0.0,0.0,0.0,0.0,0.0
768,0.0,170682.3520349356,91951.75346561924,0.0,0.0,0.0,0.0,0.0
769,0.0,153172.88587232193,96671.43750508566,0.0,0.0,0.0,0.0,0.0
770,0.0,154960.067237687,86701.27235183504,0.0,0.0,0.0,0.0,0.0
771,0.0,162887.51284386104,90247.55406468998,0.0,0.0,0.0,0.0,0.0
772,0.0,148737.55811167345,94348.81739152134,0.0,0.0,0.0,0.0,0.0
773,0.0,157623.53045078,90488.68046893524,0.0,0.0,0.0,0.0,0.0
774,0.0,172214.18836030178,99202.92988093464,0.0,0.0,0.0,0.0,0.0
775,0.0,157297.00795698812,105206.90295523677,0.0,0.0,0.0,0.0,0.0
776,0.0,170634.3654376426,94831.91676569427,0.0,0.0,0.0,0.0,0.0
777,0.0,180616.97174047117,103253.53993823033,0.0,0.0,0.0,0.0,0.0
778,0.0,162872.03857564303,104906.45962196465,0.0,0.0,0.0,0.0,0.0
779,0.0,179118.03991763789,97121.81148317637,0.0,0.0,0.0,0.0,0.0
780,0.0,183336.40020391217,109675.16235638798,0.0,0.0,0.0,0.0,0.0
781,0.0,183486.07354715987,109752.15295088824,0.0,0.0,0.0,0.0,0.0
782,0.0,197016.43676182904,107913.31822164488,0.0,0.0,0.0,0.0,0.0
783,0.0,207633.95920368927,114776.04614254754,0.0,0.0,0.0,0.0,0.0
784,0.0,202927.37250058426,114204.36690494957,0.0,0.0,0.0,0.0,0.0
785,0.0,218640.4899846726,110390.52164193876,0.0,0.0,0.0,0.0,0.0
786,0.0,209987.36046460067,120517.13345660863,0.0,0.0,0.0,0.0,0.0
787,0.0,213088.44585438195,113010.3794599966,0.0,0.0,0.0,0.0,0.0
788,0.0,210555.3941062219,114573.80483309641,0.0,0.0,0.0,0.0,0.0
789,0.0,205287.87558605286,110198.00747224592,0.0,0.0,0.0,0.0,0.0
790,0.0,201078.02410058765,104232.45382192839,0.0,0.0,0.0,0.0,0.0
791,0.0,219418.30485689998,104557.41690143249,0.0,0.0,0.0,0.0,0.0
792,0.0,182781.27715929394,113539.27096993463,0.0,0.0,0.0,0.0,0.0
793,0.0,173483.62444696776,107818.62730015445,0.0,0.0,0.0,0.0,0.0
794,0.0,183962.51243352995,108734.08438753219,0.0,0.0,0.0,0.0,0.0
795,0.0,167321.39120588556,109615.595818911,0.0,0.0,0.0,0.0,0.0
796,0.0,178223.97635733132,105657.47467876016,0.0,0.0,0.0,0.0,0.0
797,0.0,184454.6627775554,115755.94019068335,0.0,0.0,0.0,0.0,0.0
798,0.0,162643.52112946735,115304.56729720936,0.0,0.0,0.0,0.0,0.0
799,0.0,192983.96209015534,106119.8938774338,0.0,0.0,0.0,0.0,0.0
800,0.0,201207.05448970874,128028.49393291862,0.0,0.0,0.0,0.0,0.0
801,0.0,185577.34966490927,127279.7648403683,0.0,0.0,0.0,0.0,0.0
802,0.0,207200.55153494867,120814.24639653129,0.0,0.0,0.0,0.0,0.0
803,0.0,213109.59582886405,131989.11452758405,0.0,0.0,0.0,0.0,0.0
804,0.0,218806.10844663417,128067.70821503838,0.0,0.0,0.0,0.0,0.0
805,0.0,237047.47711492,130830.09470017816,0.0,0.0,0.0,0.0,0.0
806,0.0,243583.4404394321,138111.23742498277,0.0,0.0,0.0,0.0,0.0
807,0.0,249417.10655658672,132802.7110227711,0.0,0.0,0.0,0.0,0.0
808,0.0,253916.84390388394,136595.17714623178,0.0,0.0,0.0,0.0,0.0
809,0.0,251311.65878715416,136126.64998395255,0.0,0.0,0.0,0.0,0.0
810,0.0,247485.01244866228,133297.91765948065,0.0,0.0,0.0,0.0,0.0
811,0.0,268418.1907759017,130974.49176494071,0.0,0.0,0.0,0.0,0.0
812,0.0,237267.3645983016,142352.61298186134,0.0,0.0,0.0,0.0,0.0
813,0.0,259116.30359504008,123927.38798866067,0.0,0.0,0.0,0.0,0.0
814,0.0,260879.10259130425,138314.51649774908,0.0,0.0,0.0,0.0,0.0
815,0.0,234415.26839759765,135120.87977076898,0.0,0.0,0.0,0.0,0.0
816,0.0,249241.34901727785,133497.84533215038,0.0,0.0,0.0,0.0,0.0
817,0.0,234243.60129677132,145576.75500557796,0.0,0.0,0.0,0.0,0.0
818,0.0,215632.65588251417,135254.77306355958,0.0,0.0,0.0,0.0,0.0
819,0.0,247216.95681331833,124690.98176442245,0.0,0.0,0.0,0.0,0.0
820,0.0,234817.97630865616,143658.00307967069,0.0,0.0,0.0,0.0,0.0
821,0.0,218796.87411787795,138957.75102874523,0.0,0.0,0.0,0.0,0.0
822,0.0,204908.97902944495,128320.68472883366,0.0,0.0,0.0,0.0,0.0
823,0.0,224991.3038757983,131281.18712507846,0.0,0.0,0.0,0.0,0.0
824,0.0,239642.8601497364,142571.33911093365,0.0,0.0,0.0,0.0,0.0
825,0.0,253373.53804405508,150809.38368901573,0.0,0.0,0.0,0.0,0.0
826,0.0,269956.9239051476,155424.082387253,0.0,0.0,0.0,0.0,0.0
827,0.0,274694.80848101166,157912.16974696697,0.0,0.0,0.0,0.0,0.0
828,0.0,288235.37676195794,159091.6781988668,0.0,0.0,0.0,0.0,0.0
829,0.0,299321.2346012596,160900.38955044886,0.0,0.0,0.0,0.0,0.0
830,0.0,302195.26988548134,161633.25308839642,0.0,0.0,0.0,0.0,0.0
831,0.0,326121.23193134955,159692.7100511772,0.0,0.0,0.0,0.0,0.0
832,0.0,290503.43201548525,167296.07625045933,0.0,0.0,0.0,0.0,0.0
833,0.0,294665.86067719565,154106.0580614594,0.0,0.0,0.0,0.0,0.0
834,0.0,310664.0694903276,161514.39283193066,0.0,0.0,0.0,0.0,0.0
835,0.0,285671.0991102111,168063.5515812307,0.0,0.0,0.0,0.0,0.0
836,0.0,312566.3396805123,156487.2493038936,0.0,0.0,0.0,0.0,0.0
837,0.0,317235.0486881386,172785.70885360328,0.0,0.0,0.0,0.0,0.0
838,0.0,309048.15797515685,166941.1892585088,0.0,0.0,0.0,0.0,0.0
839,0.0,345462.4002711167,164139.44666750575,0.0,0.0,0.0,0.0,0.0
840,0.0,332573.93051733903,178596.5069963722,0.0,0.0,0.0,0.0,0.0
841,0.0,331484.1784943324,172579.70503532595,0.0,0.0,0.0,0.0,0.0
842,0.0,317962.2432340018,177489.5915289413,0.0,0.0,0.0,0.0,0.0
843,0.0,317202.59552528744,176141.05156116854,0.0,0.0,0.0,0.0,0.0
844,0.0,351964.6656557087,175181.27740371952,0.0,0.0,0.0,0.0,0.0
845,0.0,356692.31339371623,195066.07150079706,0.0,0.0,0.0,0.0,0.0
846,0.0,371169.76293310954,194420.0309435965,0.0,0.0,0.0,0.0,0.0
847,0.0,380254.44684386026,196133.59510451384,0.0,0.0,0.0,0.0,0.0
848,0.0,395746.7347997601,199852.96566169208,0.0,0.0,0.0,0.0,0.0
849,0.0,409076.6273639558,203796.31924625539,0.0,0.0,0.0,0.0,0.0
850,0.0,426330.59616483585,207568.689414193,0.0,0.0,0.0,0.0,0.0
851,0.0,433070.60804255476,206449.35314762636,0.0,0.0,0.0,0.0,0.0
852,0.0,407812.2367315417,202359.84179073875,0.0,0.0,0.0,0.0,0.0
853,0.0,403131.1309505333,195575.57266081448,0.0,0.0,0.0,0.0,0.0
854,0.0,399494.60650798,194187.3852489742,0.0,0.0,0.0,0.0,0.0
855,0.0,396540.100683085,194738.53265912557,0.0,0.0,0.0,0.0,0.0
856,0.0,414149.85729863326,190501.5279139144,0.0,0.0,0.0,0.0,0.0
857,0.0,428673.50726533943,197805.6478827472,0.0,0.0,0.0,0.0,0.0
858,0.0,411215.26674973016,201209.37643028973,0.0,0.0,0.0,0.0,0.0
859,0.0,388478.67936235364,199434.41384297682,0.0,0.0,0.0,0.0,0.0
860,0.0,352863.91086189327,196092.45584175867,0.0,0.0,0.0,0.0,0.0
861,0.0,387462.94889101887,182114.50965452453,0.0,0.0,0.0,0.0,0.0
862,0.0,357584.07870712836,202967.05856437996,0.0,0.0,0.0,0.0,0.0
863,0.0,354797.5066820147,198080.9218495959,0.0,0.0,0.0,0.0,0.0
864,0.0,383589.73359556077,197507.3697822083,0.0,0.0,0.0,0.0,0.0
865,0.0,390365.7987250414,214803.01594184263,0.0,0.0,0.0,0.0,0.0
866,0.0,414890.0822819515,213249.43618254678,0.0,0.0,0.0,0.0,0.0
867,0.0,417502.0960085827,218104.2100811239,0.0,0.0,0.0,0.0,0.0
868,0.0,386414.542788693,209554.60419650647,0.0,0.0,0.0,0.0,0.0
869,0.0,401963.8152218327,204685.28610094998,0.0,0.0,0.0,0.0,0.0
870,0.0,432050.3910320388,216018.64149886568,0.0,0.0,0.0,0.0,0.0
871,0.0,445780.13959380315,226654.3195937118,0.0,0.0,0.0,0.0,0.0
872,0.0,461172.2033640391,229684.2080092202,0.0,0.0,0.0,0.0,0.0
873,0.0,433986.9340118142,227471.20316456375,0.0,0.0,0.0,0.0,0.0
874,0.0,442335.8514218327,221064.3801129779,0.0,0.0,0.0,0.0,0.0
875,0.0,443171.69160948123,220641.23303333166,0.0,0.0,0.0,0.0,0.0
876,0.0,459765.41250603966,219248.95155018466,0.0,0.0,0.0,0.0,0.0
877,0.0,504463.57738120685,232339.60256785448,0.0,0.0,0.0,0.0,0.0
878,0.0,467583.6139674882,250619.27763436837,0.0,0.0,0.0,0.0,0.0
879,0.0,461436.75682831777,244632.2064365371,0.0,0.0,0.0,0.0,0.0
880,0.0,438696.73037521075,242145.3962905114,0.0,0.0,0.0,0.0,0.0
881,0.0,468311.55488458433,225468.52949681962,0.0,0.0,0.0,0.0,0.0
882,0.0,446295.7223238087,245755.1178977195,0.0,0.0,0.0,0.0,0.0
883,0.0,463053.7211661038,226411.91987573943,0.0,0.0,0.0,0.0,0.0
884,0.0,499273.9093004576,238051.14025423274,0.0,0.0,0.0,0.0,0.0
885,0.0,470987.7155535578,254342.06331907044,0.0,0.0,0.0,0.0,0.0
886,0.0,519005.74350426084,241584.89165250433,0.0,0.0,0.0,0.0,0.0
887,0.0,471947.1658555397,259088.77738213103,0.0,0.0,0.0,0.0,0.0
888,0.0,448853.5694363411,249548.82050714965,0.0,0.0,0.0,0.0,0.0
889,0.0,463309.54133745184,238748.67954781206,0.0,0.0,0.0,0.0,0.0
890,0.0,497153.19515328057,237751.31132094868,0.0,0.0,0.0,0.0,0.0
891,0.0,506271.7741766656,262667.6755334207,0.0,0.0,0.0,0.0,0.0
892,0.0,509699.3746756587,259561.28098508692,0.0,0.0,0.0,0.0,0.0
893,0.0,489403.6975159099,250210.09299900607,0.0,0.0,0.0,0.0,0.0
894,0.0,504534.81803164515,238818.39187042596,0.0,0.0,0.0,0.0,0.0
895,0.0,490019.9418723065,250959.74332043313,0.0,0.0,0.0,0.0,0.0
896,0.0,474404.612035011,253297.28778662885,0.0,0.0,0.0,0.0,0.0
897,0.0,530894.6255519979,241769.43232225408,0.0,0.0,0.0,0.0,0.0
898,0.0,480778.5361535573,272250.9312965805,0.0,0.0,0.0,0.0,0.0
899,0.0,491807.33227906487,258078.1490065831,0.0,0.0,0.0,0.0,0.0
900,0.0,454678.3113280491,266605.83639904595,0.0,0.0,0.0,0.0,0.0
901,0.0,470385.74945407343,248568.56534873467,0.0,0.0,0.0,0.0,0.0
902,0.0,464033.6895942343,253737.68406602784,0.0,0.0,0.0,0.0,0.0
903,0.0,420212.67114763014,264553.25787183834,0.0,0.0,0.0,0.0,0.0
904,0.0,492751.65190820757,243771.53065768763,0.0,0.0,0.0,0.0,0.0
905,0.0,461138.8678162248,289017.39106026187,0.0,0.0,0.0,0.0,0.0
906,0.0,481150.56751266494,282636.734372602,0.0,0.0,0.0,0.0,0.0
907,0.0,466230.087425053,292927.7572006433,0.0,0.0,0.0,0.0,0.0
908,0.0,466665.2643165292,277417.6724455686,0.0,0.0,0.0,0.0,0.0
909,0.0,465192.50820968865,277776.9883470664,0.0,0.0,0.0,0.0,0.0
910,0.0,393048.7256367267,269312.4217081489,0.0,0.0,0.0,0.0,0.0
911,0.0,398687.5044635254,236361.12957229037,0.0,0.0,0.0,0.0,0.0
912,0.0,420198.9040502973,240219.2004210873,0.0,0.0,0.0,0.0,0.0
913,0.0,328049.8125500293,245271.4748822103,0.0,0.0,0.0,0.0,0.0
914,0.0,344165.4846740499,221074.3496547723,0.0,0.0,0.0,0.0,0.0
915,0.0,368428.0149468325,254886.34717805544,0.0,0.0,0.0,0.0,0.0
916,0.0,344937.468498587,271035.06124158896,0.0,0.0,0.0,0.0,0.0
917,0.0,383869.28932178684,254639.49504483628,0.0,0.0,0.0,0.0,0.0
918,0.0,361328.9391935462,270112.377085495,0.0,0.0,0.0,0.0,0.0
919,0.0,403311.71582874417,256103.1515815349,0.0,0.0,0.0,0.0,0.0
920,0.0,397038.5966572811,284043.96086516156,0.0,0.0,0.0,0.0,0.0
921,0.0,393763.64188757824,271891.2034623351,0.0,0.0,0.0,0.0,0.0
922,0.0,416038.2754575099,266283.92730845924,0.0,0.0,0.0,0.0,0.0
923,0.0,393679.83337713557,283862.11714403954,0.0,0.0,0.0,0.0,0.0
924,0.0,410830.9932350324,265699.69010818016,0.0,0.0,0.0,0.0,0.0
925,0.0,429537.8878574949,278434.5335578267,0.0,0.0,0.0,0.0,0.0
926,0.0,454419.232058557,284945.4066621183,0.0,0.0,0.0,0.0,0.0
927,0.0,418878.3620822332,299916.24522227864,0.0,0.0,0.0,0.0,0.0
928,0.0,429799.47635671473,283668.5988264302,0.0,0.0,0.0,0.0,0.0
929,0.0,405617.9981369373,288290.5956424252,0.0,0.0,0.0,0.0,0.0
930,0.0,365961.8623118017,282807.12742865435,0.0,0.0,0.0,0.0,0.0
931,0.0,395735.54708184657,259857.41102729377,0.0,0.0,0.0,0.0,0.0
932,0.0,405879.2469332582,282161.934526924,0.0,0.0,0.0,0.0,0.0
933,0.0,328588.54820163053,277157.2938137773,0.0,0.0,0.0,0.0,0.0
934,0.0,352204.14307120675,242426.5632489889,0.0,0.0,0.0,0.0,0.0
935,0.0,388534.9590534966,268316.7263940007,0.0,0.0,0.0,0.0,0.0
936,0.0,389041.88292984903,288608.5735663724,0.0,0.0,0.0,0.0,0.0
937,0.0,429503.96342027636,281166.83256071684,0.0,0.0,0.0,0.0,0.0
938,0.0,383415.43361001794,311212.8008999332,0.0,0.0,0.0,0.0,0.0
939,0.0,425306.69076905533,291719.46471490426,0.0,0.0,0.0,0.0,0.0
940,0.0,433120.7802336008,316295.6113085052,0.0,0.0,0.0,0.0,0.0
941,0.0,443825.5548667194,310947.09722017933,0.0,0.0,0.0,0.0,0.0
942,0.0,460341.05951138434,324062.367016575,0.0,0.0,0.0,0.0,0.0
943,0.0,458703.816267552,324908.917005277,0.0,0.0,0.0,0.0,0.0
944,0.0,501215.18816693925,316309.7660027317,0.0,0.0,0.0,0.0,0.0
945,0.0,518444.73494863877,337585.85714862886,0.0,0.0,0.0,0.0,0.0
946,0.0,538199.7608491813,339428.68330200535,0.0,0.0,0.0,0.0,0.0
947,0.0,531182.1175249127,341977.2815008677,0.0,0.0,0.0,0.0,0.0
948,0.0,555534.5853445748,338351.3852551394,0.0,0.0,0.0,0.0,0.0
949,0.0,559632.879669242,341255.98327494203,0.0,0.0,0.0,0.0,0.0
950,0.0,491768.1541495672,326658.98681425245,0.0,0.0,0.0,0.0,0.0
951,0.0,485557.48755115067,311547.3228242961,0.0,0.0,0.0,0.0,0.0
952,0.0,508233.785801381,305848.5221738288,0.0,0.0,0.0,0.0,0.0
953,0.0,449176.6913964065,300948.1417028291,0.0,0.0,0.0,0.0,0.0
954,0.0,486033.6140902718,291766.134337357,0.0,0.0,0.0,0.0,0.0
955,0.0,503330.2739505672,335106.0493211428,0.0,0.0,0.0,0.0,0.0
956,0.0,469189.179334001,350015.756233482,0.0,0.0,0.0,0.0,0.0
957,0.0,545460.3191728176,317290.4863913463,0.0,0.0,0.0,0.0,0.0
958,0.0,541511.4607505569,358516.27281086636,0.0,0.0,0.0,0.0,0.0
959,0.0,551434.7742279976,346903.11170054536,0.0,0.0,0.0,0.0,0.0
960,0.0,569020.7502723751,351447.742084957,0.0,0.0,0.0,0.0,0.0
961,0.0,560611.6253011124,354642.65333986375,0.0,0.0,0.0,0.0,0.0
962,0.0,590913.1824515456,340080.1972707071,0.0,0.0,0.0,0.0,0.0
963,0.0,578387.3209191036,355941.6150007089,0.0,0.0,0.0,0.0,0.0
964,0.0,617523.2115575662,340648.2234111268,0.0,0.0,0.0,0.0,0.0
965,0.0,652335.5399951474,371122.99203513586,0.0,0.0,0.0,0.0,0.0
966,0.0,645763.2456307218,387792.3842794033,0.0,0.0,0.0,0.0,0.0
967,0.0,689673.0142259208,382737.289605723,0.0,0.0,0.0,0.0,0.0
968,0.0,693094.202778471,402424.67801431107,0.0,0.0,0.0,0.0,0.0
969,0.0,695400.158492195,396129.45321224537,0.0,0.0,0.0,0.0,0.0
970,0.0,631072.2140829323,388252.15411574347,0.0,0.0,0.0,0.0,0.0
971,0.0,640637.7608134564,378901.2678083932,0.0,0.0,0.0,0.0,0.0
972,0.0,639756.7349755802,387525.74056856043,0.0,0.0,0.0,0.0,0.0
973,0.0,595511.6152392323,360455.832066572,0.0,0.0,0.0,0.0,0.0
974,0.0,670760.7444033615,336637.3296173953,0.0,0.0,0.0,0.0,0.0
975,0.0,679681.8922709489,395528.97198342136,0.0,0.0,0.0,0.0,0.0
976,0.0,648746.295132472,388606.9695552369,0.0,0.0,0.0,0.0,0.0
977,0.0,706213.3152034549,386121.98601455434,0.0,0.0,0.0,0.0,0.0
978,0.0,649919.0299853481,413967.86706663657,0.0,0.0,0.0,0.0,0.0
979,0.0,678948.1744983853,374122.5553663915,0.0,0.0,0.0,0.0,0.0
980,0.0,736504.0651710915,388362.69337043713,0.0,0.0,0.0,0.0,0.0
981,0.0,680156.5845064105,413185.28368597437,0.0,0.0,0.0,0.0,0.0
982,0.0,624180.9811777973,396916.2401406953,0.0,0.0,0.0,0.0,0.0
983,0.0,639880.7935294112,358992.43562613544,0.0,0.0,0.0,0.0,0.0
984,0.0,688329.5811939717,356301.69178375,0.0,0.0,0.0,0.0,0.0
985,0.0,721626.1710016875,401379.7287982445,0.0,0.0,0.0,0.0,0.0
986,0.0,708328.3190644387,434657.1174911884,0.0,0.0,0.0,0.0,0.0
987,0.0,764919.8258004353,428371.09833418415,0.0,0.0,0.0,0.0,0.0
988,0.0,763342.1233265647,457211.7898233549,0.0,0.0,0.0,0.0,0.0
989,0.0,758648.7768111294,439074.8401362193,0.0,0.0,0.0,0.0,0.0
990,0.0,725049.6560024695,432135.53899856214,0.0,0.0,0.0,0.0,0.0
991,0.0,755299.1212816458,411176.21399906324,0.0,0.0,0.0,0.0,0.0
992,0.0,789831.6333309212,419629.1690201159,0.0,0.0,0.0,0.0,0.0
993,0.0,727835.3171826424,441750.24840307276,0.0,0.0,0.0,0.0,0.0
994,0.0,784597.5461382206,423959.0710314346,0.0,0.0,0.0,0.0,0.0
995,0.0,710629.6134281063,455089.8083261175,0.0,0.0,0.0,0.0,0.0
996,0.0,746581.2217666081,417689.04579159664,0.0,0.0,0.0,0.0,0.0
997,0.0,792151.7395912183,454039.7074045813,0.0,0.0,0.0,0.0,0.0
998,0.0,788341.0270833783,483262.9205245185,0.0,0.0,0.0,0.0,0.0
999,0.0,838069.8695143103,482156.439006638,0.0,0.0,0.0,0.0,0.0
1000,0.0,829955.4308990549,502728.66966210626,0.0,0.0,0.0,0.0,0.0
