1,0.0,2495.470834076629,0.0,259.64996233167295,-650.7666609488284,0.0,0.0,0.0
2,0.0,2434.165784501114,0.0,262.10810866989056,-590.0870356522228,0.0,0.0,0.0
3,0.0,2371.7402345470127,0.0,287.45451616388124,-559.8044212276159,0.0,0.0,0.0
4,0.0,2193.5281731381606,0.0,410.9079823409086,-508.0603317074163,0.0,0.0,0.0
5,0.0,2414.161985550344,0.0,153.7904875127286,-474.94476653984975,0.0,0.0,0.0
6,0.0,2469.5605410101516,0.0,231.55826751262816,-613.6613291826212,0.0,0.0,0.0
7,0.0,2278.6112693601162,0.0,442.7522252424668,-634.6083396424016,0.0,0.0,0.0
8,0.0,2538.49034741386,0.0,171.6181731519901,-627.2267865334748,0.0,0.0,0.0
9,0.0,2378.376028256426,0.0,280.2540492746523,-584.1574308356671,0.0,0.0,0.0
10,0.0,2286.2080843666326,0.0,375.3694233061049,-584.5607887062663,0.0,0.0,0.0
11,0.0,2388.295274907659,0.0,227.90797661298552,-533.9517307223089,0.0,0.0,0.0
12,0.0,2246.4917844548404,0.0,434.1712532717949,-592.2827949367934,0.0,0.0,0.0
13,0.0,2316.643295029837,0.0,377.5249284515513,-603.1129266123572,0.0,0.0,0.0
14,0.0,2335.2006803093973,0.0,437.9204569195997,-688.49542978277,0.0,0.0,0.0
15,0.0,2355.26413473545,0.0,493.97378810163764,-770.0193963302264,0.0,0.0,0.0
16,0.0,2724.023119394995,0.0,240.96201191921043,-879.7440937562802,0.0,0.0,0.0
17,0.0,2476.7426501167997,0.0,553.0515154866449,-940.5157001137602,0.0,0.0,0.0
18,0.0,2521.7927434399526,0.0,471.4863444479982,-900.9329765527401,0.0,0.0,0.0
19,0.0,2370.8503650937446,0.0,560.4004955605179,-844.2418625989645,0.0,0.0,0.0
20,0.0,2265.724463055743,0.0,596.2363927186072,-780.3189677567115,0.0,0.0,0.0
21,0.0,2417.6186468244778,0.0,458.24349255604864,-798.7653983871473,0.0,0.0,0.0
22,0.0,2520.0544843000803,0.0,355.4278929413787,-794.962035649684,0.0,0.0,0.0
23,0.0,2464.799322549502,0.0,364.8152852710259,-761.362950132378,0.0,0.0,0.0
24,0.0,2411.7704529314424,0.0,427.89800496457354,-773.0814941507529,0.0,0.0,0.0
25,0.0,2655.4374244430874,0.0,96.88090694986536,-698.7564535673886,0.0,0.0,0.0
26,0.0,2577.52537435818,0.0,233.17952641549942,-755.8481329132434,0.0,0.0,0.0
27,0.0,2431.182439739622,0.0,347.8251707505276,-717.5452200628864,0.0,0.0,0.0
28,0.0,2673.614299553367,0.0,100.86412344892403,-716.4468689138956,0.0,0.0,0.0
29,0.0,2400.1861161453967,0.0,369.7686229601547,-720.5277917202047,0.0,0.0,0.0
30,0.0,2243.8271623434325,0.0,459.473727255644,-652.2697120643488,0.0,0.0,0.0
31,0.0,2663.7971485468897,0.0,172.581962359074,-778.5675990110842,0.0,0.0,0.0
32,0.0,2268.918360962035,0.0,583.5020083974887,-795.4032039361452,0.0,0.0,0.0
33,0.0,2408.9594533927193,0.0,271.77597580464715,-761.9846262022029,0.0,0.0,0.0
34,0.0,2094.882378802032,0.0,511.23562752626333,-683.0454615071725,0.0,0.0,0.0
35,0.0,1925.3740353629837,0.0,578.0490314152246,-632.9686527965398,0.0,0.0,0.0
36,0.0,1883.4861288658599,0.0,533.5404446117554,-567.5968513438137,0.0,0.0,0.0
37,0.0,2094.006354753346,0.0,662.1822687906222,-896.6112963679018,0.0,0.0,0.0
38,0.0,2227.912226594184,0.0,587.5600051395252,-956.6854396596208,0.0,0.0,0.0
39,0.0,2004.751931297109,0.0,782.2879228430625,-798.8392378835201,0.0,0.0,0.0
40,0.0,2237.2623789538015,0.0,620.0783500611789,-862.287796517137,0.0,0.0,0.0
41,0.0,2500.642758624294,0.0,295.66620107578444,-812.6839966200404,0.0,0.0,0.0
42,0.0,2442.936785113221,0.0,437.10121763290897,-895.6870727819596,0.0,0.0,0.0
43,0.0,2625.0898302674063,0.0,251.7953676387246,-890.3143953767124,0.0,0.0,0.0
44,0.0,2457.554377654177,0.0,429.50819898299073,-900.275407194175,0.0,0.0,0.0
45,0.0,2522.583355284976,0.0,368.0591004907801,-907.0937438622217,0.0,0.0,0.0
46,0.0,2681.8825532682395,0.0,183.25161238170895,-874.9155124581767,0.0,0.0,0.0
47,0.0,2507.517608804259,0.0,405.8149716793019,-916.2863561888114,0.0,0.0,0.0
48,0.0,2606.578180807918,0.0,268.30612700288725,-877.8653906443149,0.0,0.0,0.0
49,0.0,2317.405531224206,0.0,624.3522375992849,-949.6012443269644,0.0,0.0,0.0
50,0.0,2490.3431099550535,0.0,450.9376481187134,-951.3462736533634,0.0,0.0,0.0
51,0.0,2513.3940191138204,0.0,468.83513841726756,-982.9359984882608,0.0,0.0,0.0
52,0.0,2543.4208656333963,0.0,440.06627693644396,-998.4741600754494,0.0,0.0,0.0
53,0.0,2376.563551487948,0.0,519.7821873929337,-914.6702055471808,0.0,0.0,0.0
54,0.0,2519.8396104383964,0.0,339.3351594454988,-888.0878200089384,0.0,0.0,0.0
55,0.0,2508.5352534392964,0.0,344.55223138096,-874.1683819030235,0.0,0.0,0.0
56,0.0,2399.3344521299164,0.0,419.7043982749218,-837.1277454323697,0.0,0.0,0.0
57,0.0,2319.5980865238307,0.0,412.5854124082863,-746.5490455347837,0.0,0.0,0.0
58,0.0,2384.9500101260824,0.0,305.9428514639458,-712.3579079535128,0.0,0.0,0.0
59,0.0,2189.3731341293287,0.0,489.5411708480623,-707.8528014242931,0.0,0.0,0.0
60,0.0,2220.60304986538,0.0,384.1671795921903,-631.7320937112476,0.0,0.0,0.0
61,0.0,2338.610577721379,0.0,261.07553151958984,-629.2111893073316,0.0,0.0,0.0
62,0.0,2384.421942786727,0.0,226.5356531944591,-644.5640318551832,0.0,0.0,0.0
63,0.0,2301.684712909094,0.0,242.1668608686112,-585.7496757128465,0.0,0.0,0.0
64,0.0,2218.320054310882,0.0,268.8306338057027,-529.7527554580893,0.0,0.0,0.0
65,0.0,2248.600478380648,0.0,246.97419221443653,-530.9280338890466,0.0,0.0,0.0
66,0.0,2190.5365276134003,0.0,272.0908673844265,-494.74977976660784,0.0,0.0,0.0
67,0.0,2019.372938555462,0.0,474.3758426266746,-485.84753168289853,0.0,0.0,0.0
68,0.0,2312.009523355213,0.0,281.73853454120905,-580.135407550258,0.0,0.0,0.0
69,0.0,2247.8214934909315,0.0,409.705030973116,-639.5309161429279,0.0,0.0,0.0
70,0.0,2283.082908691474,0.0,290.2667239118909,-585.6249318733311,0.0,0.0,0.0
71,0.0,2423.3195456906033,0.0,287.3831439239467,-757.8670775931785,0.0,0.0,0.0
72,0.0,2266.0116035466895,0.0,442.31526633260916,-756.1112191299833,0.0,0.0,0.0
73,0.0,2243.753448086848,0.0,474.3726769062048,-773.1634073155789,0.0,0.0,0.0
74,0.0,2217.7780734785724,0.0,385.3744087659846,-766.344415871575,0.0,0.0,0.0
75,0.0,2154.7164094059067,0.0,436.9294639219064,-749.9569871074712,0.0,0.0,0.0
76,0.0,2203.4364192820913,0.0,403.64801880197643,-753.9209212087087,0.0,0.0,0.0
77,0.0,2337.1765501555647,0.0,388.3225495438845,-862.4474882172756,0.0,0.0,0.0
78,0.0,2582.4379071205826,0.0,214.16676355908328,-938.6920784667149,0.0,0.0,0.0
79,0.0,2460.0347075919076,0.0,461.7533804787256,-1073.3198993143003,0.0,0.0,0.0
80,0.0,2407.1719048679684,0.0,441.11309913391926,-1013.1378477263108,0.0,0.0,0.0
81,0.0,2769.6736329721334,0.0,225.1723610608893,-1153.5496029131396,0.0,0.0,0.0
82,0.0,2811.63303797502,0.0,166.07260123987692,-1176.3444833758724,0.0,0.0,0.0
83,0.0,2483.0868251027005,0.0,433.1021476947422,-1139.4080583271946,0.0,0.0,0.0
84,0.0,2611.064366467667,0.0,227.6352644062189,-1064.9350793930403,0.0,0.0,0.0
85,0.0,2555.6038505062024,0.0,261.7216879724497,-1038.285446037065,0.0,0.0,0.0
86,0.0,2502.557712207028,0.0,236.16614024002897,-961.4797006926138,0.0,0.0,0.0
87,0.0,2274.421801564317,0.0,387.5713285416832,-879.7296773647859,0.0,0.0,0.0
88,0.0,2410.426410691113,0.0,171.2191703902739,-816.3504824512468,0.0,0.0,0.0
89,0.0,2392.0689903952007,0.0,207.59981960157796,-848.8968775546706,0.0,0.0,0.0
90,0.0,2136.5525293271753,0.0,388.2131333629522,-765.4449546454572,0.0,0.0,0.0
91,0.0,2272.023393027715,0.0,229.05497335726938,-738.3271523696926,0.0,0.0,0.0
92,0.0,2046.8936034347669,0.0,453.8310133224255,-729.5081018682172,0.0,0.0,0.0
93,0.0,1984.5910666756276,0.0,518.4970056744477,-667.6221851234612,0.0,0.0,0.0
94,0.0,2160.045657879765,0.0,395.8941673655189,-727.3417844605583,0.0,0.0,0.0
95,0.0,2040.3536477028285,0.0,477.8240365883923,-683.4151701413099,0.0,0.0,0.0
96,0.0,2174.1775981920714,0.0,285.44179431699126,-632.1567663555853,0.0,0.0,0.0
97,0.0,2039.6815864178427,0.0,352.7647277141755,-564.3687379026312,0.0,0.0,0.0
98,0.0,2091.9229408757287,0.0,338.26794028216756,-595.4140613391419,0.0,0.0,0.0
99,0.0,2142.189032526288,0.0,269.77488228387364,-567.025483352038,0.0,0.0,0.0
100,0.0,2339.5957113974555,0.0,622.687363450423,-1121.82900390391,0.0,0.0,0.0
101,0.0,2587.900895404547,0.0,283.7149500516539,-1086.091549369717,0.0,0.0,0.0
102,0.0,2610.374055312382,0.0,252.74091243270644,-1085.5645722277936,0.0,0.0,0.0
103,0.0,2301.631845351866,0.0,497.57304274095446,-1030.5263503402298,0.0,0.0,0.0
104,0.0,2337.4740423291655,0.0,413.8501219488178,-999.5244753020497,0.0,0.0,0.0
105,0.0,2280.1230172531914,0.0,593.944689138376,-1117.2145089376593,0.0,0.0,0.0
106,0.0,2763.9451947393577,0.0,0.0,-1038.8835556983684,0.0,0.0,0.0
107,0.0,2692.312248709155,0.0,188.33348363091653,-1157.0420030845005,0.0,0.0,0.0
108,0.0,2632.1013396919807,0.0,161.64508785042167,-1069.291455920325,0.0,0.0,0.0
109,0.0,2665.618320369433,0.0,45.525165865270594,-1001.2075394960963,0.0,0.0,0.0
110,0.0,2441.9873710046145,0.0,287.8554152766067,-1023.0291359721447,0.0,0.0,0.0
111,0.0,2440.285104547812,0.0,299.4131844677063,-1029.6995970083901,0.0,0.0,0.0
112,0.0,2192.9744311981335,0.0,494.33877347944,-982.0598514778233,0.0,0.0,0.0
113,0.0,2130.4047969174717,0.0,462.26311984414883,-894.6859289895025,0.0,0.0,0.0
114,0.0,2220.5075143662934,0.0,300.0435015400311,-822.9579013098756,0.0,0.0,0.0
115,0.0,2096.102471584629,0.0,417.0712473190316,-778.2999199232861,0.0,0.0,0.0
116,0.0,2081.174809800206,0.0,414.35697420671573,-770.219774402721,0.0,0.0,0.0
117,0.0,2098.8292879762425,0.0,304.3209723762666,-744.9588961642272,0.0,0.0,0.0
118,0.0,2184.28437456519,0.0,399.1522778729002,-859.5870252254495,0.0,0.0,0.0
119,0.0,2178.5290737230357,0.0,337.0416065407386,-787.9026536564525,0.0,0.0,0.0
120,0.0,1949.9308331533139,0.0,690.6081940205002,-619.0512143712491,0.0,0.0,0.0
121,0.0,2185.9904577477705,0.0,501.6495071166669,-661.9523547880666,0.0,0.0,0.0
122,0.0,2342.2507344597907,0.0,409.4639522415116,-715.0030881003823,0.0,0.0,0.0
123,0.0,2166.524153970241,0.0,502.97301116053916,-666.928815295965,0.0,0.0,0.0
124,0.0,2118.0904089787523,0.0,515.7088960863941,-617.9231161001421,0.0,0.0,0.0
125,0.0,2198.1599130647464,0.0,514.589120328534,-620.9177562923505,0.0,0.0,0.0
126,0.0,2463.070500711326,0.0,262.864181247655,-711.5310585961595,0.0,0.0,0.0
127,0.0,2167.26403682423,0.0,441.59144437314853,-694.9082200261785,0.0,0.0,0.0
128,0.0,2148.429916981305,0.0,426.4646750258091,-653.6384765653542,0.0,0.0,0.0
129,0.0,2216.2433183332987,0.0,423.59069717436137,-666.5209602438691,0.0,0.0,0.0
130,0.0,2380.001275724419,0.0,517.3080370107504,-774.8419568208992,0.0,0.0,0.0
131,0.0,2582.985686245839,0.0,356.0757684224968,-801.6787719447841,0.0,0.0,0.0
132,0.0,2376.6149022836375,0.0,650.4007960397663,-905.4584408993276,0.0,0.0,0.0
133,0.0,2390.701400369822,0.0,710.3935226468936,-863.9395879534044,0.0,0.0,0.0
134,0.0,2820.2066148961485,0.0,583.0711678887287,-1186.4881050689767,0.0,0.0,0.0
135,0.0,2920.3934023512793,0.0,503.17595672689055,-1224.4189474087464,0.0,0.0,0.0
136,0.0,2653.311837125575,0.0,675.8094391849907,-1187.6495447093548,0.0,0.0,0.0
137,0.0,2827.4046933652726,0.0,435.9622688949901,-1138.1152069938307,0.0,0.0,0.0
138,0.0,2828.44908598026,0.0,500.9817118753538,-1214.574852308791,0.0,0.0,0.0
139,0.0,2919.245263347857,0.0,472.24471734066674,-1280.4121209124842,0.0,0.0,0.0
140,0.0,2820.4970834287674,0.0,773.810746472798,-1509.6285263507925,0.0,0.0,0.0
141,0.0,2798.9100853874734,0.0,703.848885644833,-1417.066845467916,0.0,0.0,0.0
142,0.0,3189.317989557391,0.0,213.48223069087913,-1302.6588966919835,0.0,0.0,0.0
143,0.0,3032.2907666211804,0.0,529.745763950846,-1457.3490491402958,0.0,0.0,0.0
144,0.0,2864.316348725652,0.0,668.9359275766811,-1426.0416175111063,0.0,0.0,0.0
145,0.0,3241.0152786867748,0.0,278.8084664502573,-1411.1276404298685,0.0,0.0,0.0
146,0.0,3557.308553248366,0.0,214.0963175226743,-1645.7994390849306,0.0,0.0,0.0
147,0.0,3462.3276143319404,0.0,255.0974324340762,-1586.4664785110508,0.0,0.0,0.0
148,0.0,3473.8635642981867,0.0,121.20567679891147,-1461.9478641135865,0.0,0.0,0.0
149,0.0,3547.4016520983296,0.0,108.09750246833151,-1511.7427946336747,0.0,0.0,0.0
150,0.0,3162.3604541808604,0.0,485.24558844076205,-1487.3894898089084,0.0,0.0,0.0
151,0.0,3209.3792847621135,0.0,365.16665114000136,-1403.7300460019044,0.0,0.0,0.0
152,0.0,3294.125836167424,0.0,354.5570934849253,-1308.905882971685,0.0,0.0,0.0
153,0.0,3014.6523964021612,0.0,816.7166538186058,-1471.6982913063414,0.0,0.0,0.0
154,0.0,3333.0527767741064,0.0,686.8421643047982,-1469.136721251246,0.0,0.0,0.0
155,0.0,3611.60610644617,0.0,724.843296589485,-1720.6219420932762,0.0,0.0,0.0
156,0.0,3293.742244508335,0.0,988.0385022435319,-1673.7233307408646,0.0,0.0,0.0
157,0.0,3404.681287360525,0.0,756.3452358421747,-1614.8336316906998,0.0,0.0,0.0
158,0.0,3063.5539115921893,0.0,886.4694871868576,-1474.5152768972266,0.0,0.0,0.0
159,0.0,3520.979086520998,0.0,649.5829887375156,-1611.3499014774634,0.0,0.0,0.0
160,0.0,3416.3036760813616,0.0,833.6224173230933,-1501.6828086688897,0.0,0.0,0.0
161,0.0,3343.7859187981444,0.0,758.6272622641976,-1417.4660882425108,0.0,0.0,0.0
162,0.0,3613.4463761903635,0.0,397.41446592188424,-1301.0541792402066,0.0,0.0,0.0
163,0.0,3346.877354670895,0.0,836.1935128602794,-1377.3973995031747,0.0,0.0,0.0
164,0.0,2777.877579926885,0.0,1349.4417069584442,-1335.4431718469586,0.0,0.0,0.0
165,0.0,3421.8413423521697,0.0,573.3091768293995,-1209.8045681942344,0.0,0.0,0.0
166,0.0,3687.3249055037886,0.0,587.3850096244818,-1338.4864059304282,0.0,0.0,0.0
167,0.0,3674.4465285752763,0.0,492.06398108105725,-1250.3320705584645,0.0,0.0,0.0
168,0.0,4030.7081629141594,0.0,404.7979236999612,-1501.6548074515229,0.0,0.0,0.0
169,0.0,4044.0721534414592,0.0,290.6527606656824,-1418.2960074313269,0.0,0.0,0.0
170,0.0,3951.063402730583,0.0,482.95800829425707,-1488.8351093480137,0.0,0.0,0.0
171,0.0,3779.591659103821,0.0,637.0928244064758,-1476.5181960718508,0.0,0.0,0.0
172,0.0,3813.2055294924917,0.0,514.0316122266261,-1338.1075933153081,0.0,0.0,0.0
173,0.0,3485.827075213471,0.0,1014.8412645077337,-1531.7568265974116,0.0,0.0,0.0
174,0.0,3691.646859578871,0.0,627.3396581067152,-1390.905818859631,0.0,0.0,0.0
175,0.0,3614.1991245520735,0.0,807.0518729287636,-1509.597596722713,0.0,0.0,0.0
176,0.0,3516.772155930946,0.0,987.5186679576645,-1576.5102459451975,0.0,0.0,0.0
177,0.0,3895.919927290846,0.0,702.5000676919158,-1657.7226022222312,0.0,0.0,0.0
178,0.0,3659.4975043082013,0.0,1229.3100408705359,-1948.6750694992045,0.0,0.0,0.0
179,0.0,4238.575013232093,0.0,502.2923080671421,-1797.8576518319069,0.0,0.0,0.0
180,0.0,4350.251298588978,0.0,876.676705405556,-2276.4179421493104,0.0,0.0,0.0
181,0.0,4223.899998230824,0.0,1082.1215101058121,-2204.6561966673253,0.0,0.0,0.0
182,0.0,4557.739544575896,0.0,607.6079375358191,-2085.0942260499546,0.0,0.0,0.0
183,0.0,4471.252474749964,0.0,981.1578080092922,-2363.370391494027,0.0,0.0,0.0
184,0.0,3304.471993155589,0.0,2046.0637710532308,-2277.487402078069,0.0,0.0,0.0
185,0.0,4536.63155322177,0.0,629.7843662005832,-2091.755731311081,0.0,0.0,0.0
186,0.0,5396.803410918452,0.0,623.5689391339273,-2987.2435905320976,0.0,0.0,0.0
187,0.0,4773.800672584226,0.0,1024.502364183153,-2769.345766479657,0.0,0.0,0.0
188,0.0,5060.856465165774,0.0,568.7853215969959,-2616.340264748716,0.0,0.0,0.0
189,0.0,5833.690138687321,0.0,322.0983076625557,-2884.108978653366,0.0,0.0,0.0
190,0.0,5279.696763212085,0.0,802.360105458789,-2825.973370744247,0.0,0.0,0.0
191,0.0,4364.631652457734,0.0,1482.513053767289,-2634.7228798502265,0.0,0.0,0.0
192,0.0,4696.075730133256,0.0,953.7688295056448,-2442.867385419607,0.0,0.0,0.0
193,0.0,4830.848337510377,0.0,1113.7511091102358,-2617.990738295704,0.0,0.0,0.0
194,0.0,5286.6288213470525,0.0,942.6634220320558,-2560.9476041737094,0.0,0.0,0.0
195,0.0,5055.1668437426815,0.0,1375.997018789779,-2792.1374607479815,0.0,0.0,0.0
196,0.0,5413.642197915723,0.0,856.2010052883898,-2591.0589354201475,0.0,0.0,0.0
197,0.0,6363.498172147653,0.0,411.33441787090646,-3054.889530817913,0.0,0.0,0.0
198,0.0,5672.53314072346,0.0,1001.9978576015353,-2746.059016617162,0.0,0.0,0.0
199,0.0,5400.1794887806645,0.0,1011.7914130913395,-2524.924043252041,0.0,0.0,0.0
200,0.0,5445.110379759752,0.0,835.6947044044741,-2270.5503891015687,0.0,0.0,0.0
201,0.0,5100.099907166233,0.0,1627.019322883831,-2750.063437590138,0.0,0.0,0.0
202,0.0,6035.972531511527,0.0,703.9849808661659,-2721.38003633598,0.0,0.0,0.0
203,0.0,5719.276040995144,0.0,1969.2277757067839,-3536.4234111981605,0.0,0.0,0.0
204,0.0,5926.941907259861,0.0,1851.559751468194,-3300.501764822218,0.0,0.0,0.0
205,0.0,6997.313358171393,0.0,1367.7634939403224,-3863.9399742855976,0.0,0.0,0.0
206,0.0,7493.74653577902,0.0,607.495629712861,-3652.0830025986406,0.0,0.0,0.0
207,0.0,6617.685451544624,0.0,1391.856116330593,-3535.221221314619,0.0,0.0,0.0
208,0.0,7279.412002112235,0.0,646.5033387214071,-3447.5370410072064,0.0,0.0,0.0
209,0.0,6454.940849231909,0.0,1115.4504938583946,-3143.5256233947302,0.0,0.0,0.0
210,0.0,5312.6040436775065,0.0,2046.2178691519675,-3052.745292916844,0.0,0.0,0.0
211,0.0,5070.178258374577,0.0,1995.5914851558844,-2882.545592677455,0.0,0.0,0.0
212,0.0,4458.782882284021,0.0,2291.109115437961,-2633.2453315900902,0.0,0.0,0.0
213,0.0,5418.2583076500505,0.0,1124.8028173904295,-2446.2275031861564,0.0,0.0,0.0
214,0.0,5139.6652963834695,0.0,1668.3865186239277,-2712.7827696110194,0.0,0.0,0.0
215,0.0,4950.633608840045,0.0,1738.4322066595505,-2459.9810243635134,0.0,0.0,0.0
216,0.0,5837.692057995966,0.0,825.5249625918831,-2315.233221233964,0.0,0.0,0.0
217,0.0,6903.569655239971,0.0,121.75244465084569,-2698.3477331069375,0.0,0.0,0.0
218,0.0,6758.776705038707,0.0,331.48412219836933,-2601.506566862808,0.0,0.0,0.0
219,0.0,6474.827565462288,0.0,647.5356937695124,-2285.5843750586996,0.0,0.0,0.0
220,0.0,6630.870228683183,0.0,484.58528387724164,-2267.288765886838,0.0,0.0,0.0
221,0.0,5469.458093540114,0.0,1807.891157430754,-1943.9369733198728,0.0,0.0,0.0
222,0.0,6330.629638258213,0.0,791.9281429835196,-1768.333000473328,0.0,0.0,0.0
223,0.0,5994.830482157097,0.0,1595.5983977055791,-2182.0880121085606,0.0,0.0,0.0
224,0.0,5447.053816844964,0.0,2018.2615566485815,-1842.8473712462157,0.0,0.0,0.0
225,0.0,6508.123462660855,0.0,915.3975793169367,-1770.018627588226,0.0,0.0,0.0
226,0.0,7378.445775048199,0.0,579.4138723612207,-2277.2221638770443,0.0,0.0,0.0
227,0.0,6983.437903748004,0.0,1193.173274879131,-2327.320342300322,0.0,0.0,0.0
228,0.0,7953.6339463328895,0.0,0.0,-2150.47256614326,0.0,0.0,0.0
229,0.0,5917.7030478545685,0.0,2115.974753617051,-2267.407110478916,0.0,0.0,0.0
230,0.0,6266.261942895655,0.0,1562.631859536112,-2071.3901711582084,0.0,0.0,0.0
231,0.0,7063.447119846469,0.0,1276.2055974175357,-2781.5497060086304,0.0,0.0,0.0
232,0.0,7076.737268536128,0.0,1906.9812844269293,-3383.5001730239087,0.0,0.0,0.0
233,0.0,7927.356657811451,0.0,1239.4382036109275,-3198.1604873115907,0.0,0.0,0.0
234,0.0,7573.259182387457,0.0,2344.9697012986253,-3930.8024916300446,0.0,0.0,0.0
235,0.0,7590.855452745248,0.0,2014.0194083201645,-3738.587719486741,0.0,0.0,0.0
236,0.0,8115.996969818324,0.0,1849.3490534633074,-4179.24852373118,0.0,0.0,0.0
237,0.0,9279.69983867628,0.0,704.3612798325887,-4210.9486124289515,0.0,0.0,0.0
238,0.0,7290.348981885931,0.0,2440.9802277182484,-4001.6256545288315,0.0,0.0,0.0
239,0.0,8626.632121108574,0.0,748.6562782223923,-3749.844633423641,0.0,0.0,0.0
240,0.0,9559.708392053733,0.0,949.9109125567156,-4950.987581367309,0.0,0.0,0.0
241,0.0,8738.34432683062,0.0,1423.0486482362771,-4643.486107614028,0.0,0.0,0.0
242,0.0,8308.860831375476,0.0,1442.6237131096552,-4262.264696594345,0.0,0.0,0.0
243,0.0,8214.21349829074,0.0,1210.8438135799797,-3915.6716124578124,0.0,0.0,0.0
244,0.0,8691.363847438424,0.0,2003.03657783245,-4700.379114634763,0.0,0.0,0.0
245,0.0,8706.087055797672,0.0,1736.094465545742,-4455.5979859559,0.0,0.0,0.0
246,0.0,9392.955598472632,0.0,390.83630575279665,-4153.832529492813,0.0,0.0,0.0
247,0.0,8245.996627547103,0.0,1435.3343900248315,-4007.4843793340274,0.0,0.0,0.0
248,0.0,9258.414048949655,0.0,108.33997455733757,-3639.488888077798,0.0,0.0,0.0
249,0.0,7645.846152694711,0.0,2100.193356300019,-3520.1696699444283,0.0,0.0,0.0
250,0.0,7719.845886018082,0.0,1788.0616830878666,-3248.59501618862,0.0,0.0,0.0
251,0.0,7353.91229426885,0.0,2285.1166947801457,-3110.642452535415,0.0,0.0,0.0
252,0.0,5852.845798974156,0.0,3431.1616656058814,-2841.70261999286,0.0,0.0,0.0
253,0.0,6918.532703128026,0.0,2380.222790810697,-2249.00064591188,0.0,0.0,0.0
254,0.0,7001.446589130499,0.0,3338.610433688309,-3294.6887006216743,0.0,0.0,0.0
255,0.0,7283.123216875833,0.0,2643.062001766705,-2872.560905730078,0.0,0.0,0.0
256,0.0,7723.359376716314,0.0,2360.11904453157,-3432.6003122716825,0.0,0.0,0.0
257,0.0,7905.164827274924,0.0,1694.9094750725158,-3126.4048380560807,0.0,0.0,0.0
258,0.0,5914.355699148379,0.0,3234.88742572758,-2870.869604045658,0.0,0.0,0.0
259,0.0,7374.3354976635,0.0,1684.849671018768,-2773.3596162027197,0.0,0.0,0.0
260,0.0,8419.795286096447,0.0,1038.2658151015248,-3100.7879082387763,0.0,0.0,0.0
261,0.0,8457.781771285203,0.0,1444.6977367134368,-3268.6441500078745,0.0,0.0,0.0
262,0.0,7487.0730459507095,0.0,2772.616480450132,-3626.028075008702,0.0,0.0,0.0
263,0.0,8091.798863067197,0.0,2032.5875930036107,-3436.5835531625457,0.0,0.0,0.0
264,0.0,7302.859905486866,0.0,2905.119484310035,-3457.8478002582037,0.0,0.0,0.0
265,0.0,7519.608341432734,0.0,2911.2172637241056,-3530.5925537923176,0.0,0.0,0.0
266,0.0,9885.611235460661,0.0,1144.1131332856064,-4088.3359124518106,0.0,0.0,0.0
267,0.0,9205.12917875896,0.0,3044.1197491158186,-4019.0940995706515,0.0,0.0,0.0
268,0.0,10008.680685673187,0.0,1999.5410293291054,-3884.4913479539246,0.0,0.0,0.0
269,0.0,8226.85345661191,0.0,3877.9822079044457,-3776.4870247380977,0.0,0.0,0.0
270,0.0,9773.231619025484,0.0,2375.2552576580247,-3569.527844791577,0.0,0.0,0.0
271,0.0,10907.156172401856,0.0,2121.331692739733,-4504.186024317606,0.0,0.0,0.0
272,0.0,8976.500033710601,0.0,4454.171982249624,-4938.7785926884835,0.0,0.0,0.0
273,0.0,10280.079502008984,0.0,2474.575849793523,-4289.54178930184,0.0,0.0,0.0
274,0.0,9982.935605654544,0.0,4322.394554635862,-5875.443532153591,0.0,0.0,0.0
275,0.0,11096.151163579834,0.0,2901.5009396194614,-5549.912084858013,0.0,0.0,0.0
276,0.0,10520.514019868895,0.0,3159.8720725973694,-5163.829336547709,0.0,0.0,0.0
277,0.0,10608.27858216832,0.0,2797.8440042639368,-4801.68089015726,0.0,0.0,0.0
278,0.0,8105.638280239521,0.0,4983.701078021773,-4463.387849982565,0.0,0.0,0.0
279,0.0,12768.11591805067,0.0,0.0,-4086.147003655439,0.0,0.0,0.0
280,0.0,13006.350904000872,0.0,571.9749255645337,-4826.371253026093,0.0,0.0,0.0
281,0.0,12228.56442704582,0.0,932.8031018936763,-4426.824178394604,0.0,0.0,0.0
282,0.0,11670.660116549041,0.0,1066.5018407641242,-4029.5291428352534,0.0,0.0,0.0
283,0.0,12043.04925839466,0.0,701.690312589573,-4054.4605394620844,0.0,0.0,0.0
284,0.0,11677.947570846529,0.0,1275.5547660846203,-4198.400053890113,0.0,0.0,0.0
285,0.0,11619.365733319313,0.0,1711.0706296230478,-4498.263489059348,0.0,0.0,0.0
286,0.0,11580.851686658467,0.0,1556.9114434054422,-4262.239918508543,0.0,0.0,0.0
287,0.0,12437.075235787956,0.0,960.2122579755589,-4468.9852626953425,0.0,0.0,0.0
288,0.0,13567.611709128747,0.0,621.1453681648304,-5215.56943970658,0.0,0.0,0.0
289,0.0,13253.15338552087,0.0,1185.2909440428925,-5263.73455323593,0.0,0.0,0.0
290,0.0,13243.500551719831,0.0,1398.303459835499,-5014.992119061836,0.0,0.0,0.0
291,0.0,13728.136217772018,0.0,899.79373846638,-4953.479606781939,0.0,0.0,0.0
292,0.0,11553.350187597374,0.0,3042.5884365141123,-4905.996410907477,0.0,0.0,0.0
293,0.0,10756.07089179551,0.0,3588.9050166485636,-4046.4095005260447,0.0,0.0,0.0
294,0.0,9602.841317371584,0.0,4913.323696947355,-3374.5259111518008,0.0,0.0,0.0
295,0.0,11164.59878099737,0.0,3569.561809764066,-3602.9925085416917,0.0,0.0,0.0
296,0.0,12167.663240177722,0.0,3215.474448737505,-4176.856402692303,0.0,0.0,0.0
297,0.0,13085.670082407807,0.0,3087.952927583342,-4897.2562360549955,0.0,0.0,0.0
298,0.0,10415.559571093636,0.0,5894.61953824538,-4965.234558600122,0.0,0.0,0.0
299,0.0,15601.463880091258,0.0,356.31280818883675,-4561.294546750962,0.0,0.0,0.0
300,0.0,15132.397319337986,0.0,2409.083080420133,-6182.120087106306,0.0,0.0,0.0
301,0.0,16289.126858448886,0.0,804.1677080789821,-5781.402589482369,0.0,0.0,0.0
302,0.0,17478.272982492068,0.0,1159.0652538446166,-7224.97432629581,0.0,0.0,0.0
303,0.0,17862.647468498184,0.0,534.108452594573,-6972.095790255196,0.0,0.0,0.0
304,0.0,17506.017666051765,0.0,658.4777185439663,-6561.771714731916,0.0,0.0,0.0
305,0.0,16414.63497881481,0.0,1978.3779888569363,-6489.090668742847,0.0,0.0,0.0
306,0.0,14491.491951837625,0.0,3680.4127826854456,-6237.007144888634,0.0,0.0,0.0
307,0.0,15432.043176149658,0.0,2218.7007233916174,-5705.488611796508,0.0,0.0,0.0
308,0.0,16125.34504467952,0.0,1177.7853830853846,-5411.922848606679,0.0,0.0,0.0
309,0.0,15955.803359099935,0.0,2429.9956306825575,-6725.751921295291,0.0,0.0,0.0
310,0.0,17605.247767821787,0.0,571.6575405116854,-6307.738184738101,0.0,0.0,0.0
311,0.0,18479.07376614297,0.0,1167.9753303112223,-7658.749745394938,0.0,0.0,0.0
312,0.0,16640.87113727399,0.0,2856.3498138146806,-7394.521492256255,0.0,0.0,0.0
313,0.0,15183.9974708659,0.0,4549.349653682382,-6563.155306894467,0.0,0.0,0.0
314,0.0,14868.052827249243,0.0,4106.664215708143,-5939.095837820789,0.0,0.0,0.0
315,0.0,14730.70957652078,0.0,3766.795905937302,-5671.776380826257,0.0,0.0,0.0
316,0.0,13313.888350141511,0.0,4915.678769394516,-5339.427013519291,0.0,0.0,0.0
317,0.0,14653.1817150623,0.0,3054.1184560760657,-4771.483022203939,0.0,0.0,0.0
318,0.0,13660.159151225147,0.0,5916.56932011955,-6620.544536763518,0.0,0.0,0.0
319,0.0,16884.23409878616,0.0,2768.6758879370173,-6070.840877084231,0.0,0.0,0.0
320,0.0,17684.806774586104,0.0,3038.180214509388,-7707.972492832476,0.0,0.0,0.0
321,0.0,18830.879181600645,0.0,2012.2204724121193,-7069.5887382338515,0.0,0.0,0.0
322,0.0,19095.615836854544,0.0,2097.7004399287684,-7824.977488018668,0.0,0.0,0.0
323,0.0,18499.1289026658,0.0,2148.8314977342943,-7210.023164774726,0.0,0.0,0.0
324,0.0,19096.517367194698,0.0,1325.650511217136,-7508.374859494587,0.0,0.0,0.0
325,0.0,16979.114062944125,0.0,3672.348984126898,-7731.323965795435,0.0,0.0,0.0
326,0.0,17702.123554972102,0.0,2920.5343919070206,-7091.090287751199,0.0,0.0,0.0
327,0.0,18247.467350403134,0.0,3768.579036960361,-8063.679401358344,0.0,0.0,0.0
328,0.0,18864.9941418576,0.0,2644.966598757039,-7686.838022886584,0.0,0.0,0.0
329,0.0,18120.704021941732,0.0,4236.048425099791,-8075.865846822586,0.0,0.0,0.0
330,0.0,17482.40225178456,0.0,4221.777609752295,-7566.365829145702,0.0,0.0,0.0
331,0.0,18017.18495421757,0.0,2863.2134090863565,-6927.008577883966,0.0,0.0,0.0
332,0.0,19422.97291259888,0.0,1521.2469603283268,-7007.008102606848,0.0,0.0,0.0
333,0.0,15177.371115748465,0.0,6657.834813369354,-7846.436508080027,0.0,0.0,0.0
334,0.0,17904.30574752545,0.0,3525.101225638213,-7361.682959897654,0.0,0.0,0.0
335,0.0,16649.340413128768,0.0,4409.100359568206,-6927.209805601335,0.0,0.0,0.0
336,0.0,15790.656270331267,0.0,4928.022338369012,-6402.359805145052,0.0,0.0,0.0
337,0.0,18186.74889710739,0.0,2068.4603584239076,-5847.711149003357,0.0,0.0,0.0
338,0.0,16292.466404855986,0.0,4271.2425497556615,-5789.504688614463,0.0,0.0,0.0
339,0.0,19455.01308565985,0.0,765.3097069864766,-5350.204556145047,0.0,0.0,0.0
340,0.0,19633.31705455876,0.0,2119.3423626112576,-6847.548410960116,0.0,0.0,0.0
341,0.0,19438.86393200051,0.0,2266.630447162093,-6779.418260341796,0.0,0.0,0.0
342,0.0,17592.67611522682,0.0,3809.994516551356,-6422.5685330536235,0.0,0.0,0.0
343,0.0,16770.190207530108,0.0,4213.084617336163,-6025.588545949583,0.0,0.0,0.0
344,0.0,20345.820213934916,0.0,175.79698244924805,-5521.884094133586,0.0,0.0,0.0
345,0.0,19123.823895804173,0.0,3063.8676633233267,-7099.289020232578,0.0,0.0,0.0
346,0.0,17828.455961755557,0.0,4092.539833541563,-6730.427043766933,0.0,0.0,0.0
347,0.0,21312.74626224117,0.0,240.17278604267392,-6268.528358482352,0.0,0.0,0.0
348,0.0,17892.407349912548,0.0,3719.273688996726,-6246.137719278466,0.0,0.0,0.0
349,0.0,19275.122241172205,0.0,2224.1269150787634,-6003.2982450969,0.0,0.0,0.0
350,0.0,21376.56001843874,0.0,0.0,-5707.201731351612,0.0,0.0,0.0
351,0.0,19513.17947295145,0.0,2964.3478890103684,-6489.385723752729,0.0,0.0,0.0
352,0.0,20956.26782410046,0.0,1399.8083645460133,-6328.578116163201,0.0,0.0,0.0
353,0.0,16033.916692798426,0.0,6355.454143892105,-6432.452270663812,0.0,0.0,0.0
354,0.0,19505.000186534806,0.0,2383.8517669076955,-5987.188695546002,0.0,0.0,0.0
355,0.0,18023.64347420476,0.0,3788.1967270898995,-5852.460503816402,0.0,0.0,0.0
356,0.0,17148.21391006906,0.0,4391.800157198042,-5474.743391885603,0.0,0.0,0.0
357,0.0,20266.875220208924,0.0,1224.9068331763124,-5289.049049172299,0.0,0.0,0.0
358,0.0,16511.74469448014,0.0,5532.166788268794,-5804.051458131052,0.0,0.0,0.0
359,0.0,22425.32194535026,0.0,56.04607918589767,-6114.346895476399,0.0,0.0,0.0
360,0.0,21706.606635144537,0.0,416.7500697504313,-5634.581881366863,0.0,0.0,0.0
361,0.0,20958.633492462686,0.0,1532.3210629081357,-5857.910406527248,0.0,0.0,0.0
362,0.0,21192.67533152687,0.0,1850.249424781485,-6268.677871631039,0.0,0.0,0.0
363,0.0,21354.42725638163,0.0,2399.4836131343945,-6810.11812325014,0.0,0.0,0.0
364,0.0,23423.4076075649,0.0,553.8284818618746,-6957.064756623326,0.0,0.0,0.0
365,0.0,20784.988736153577,0.0,3941.2918169720233,-7564.799148544325,0.0,0.0,0.0
366,0.0,21595.345412130522,0.0,3238.1319617637255,-6249.528987263722,0.0,0.0,0.0
367,0.0,24678.28261909647,0.0,1665.106603444096,-7627.219134249161,0.0,0.0,0.0
368,0.0,21107.403777448726,0.0,5497.44336786636,-7729.085433597809,0.0,0.0,0.0
369,0.0,25346.088695276492,0.0,893.5929686716331,-7172.785136219405,0.0,0.0,0.0
370,0.0,26393.836132576296,0.0,1370.1992981531996,-8067.601387932807,0.0,0.0,0.0
371,0.0,26064.79136755995,0.0,2236.7205411575824,-8421.019604873458,0.0,0.0,0.0
372,0.0,27845.05862106885,0.0,619.7747822157406,-8399.704728556762,0.0,0.0,0.0
373,0.0,21867.343483575733,0.0,6787.627973715704,-8439.756467181758,0.0,0.0,0.0
374,0.0,25574.414728040156,0.0,3006.967106664903,-7853.284393814926,0.0,0.0,0.0
375,0.0,26498.269633659285,0.0,4931.512327727611,-10547.005644284412,0.0,0.0,0.0
376,0.0,24829.887826356957,0.0,6728.920460044244,-10575.569802116555,0.0,0.0,0.0
377,0.0,28751.873734324738,0.0,2323.8068639230423,-9922.164360854125,0.0,0.0,0.0
378,0.0,25005.438716054938,0.0,6845.316699519291,-10644.71151266297,0.0,0.0,0.0
379,0.0,28751.832899129084,0.0,2435.341039790259,-9897.397547779117,0.0,0.0,0.0
380,0.0,27744.520819832487,0.0,4143.837856354978,-10507.988423060524,0.0,0.0,0.0
381,0.0,28341.722002695387,0.0,3360.0584078231486,-9397.552370978407,0.0,0.0,0.0
382,0.0,30399.503407132048,0.0,1682.0111489475294,-9602.339296382936,0.0,0.0,0.0
383,0.0,29319.215851546676,0.0,1879.6198919036374,-9274.126889806952,0.0,0.0,0.0
384,0.0,27872.222906876683,0.0,3091.439782529718,-8792.673854915376,0.0,0.0,0.0
385,0.0,25940.973639569398,0.0,5305.645415828937,-9131.574679874757,0.0,0.0,0.0
386,0.0,28958.97044735173,0.0,1967.844076865966,-8773.053287556613,0.0,0.0,0.0
387,0.0,28126.146069735605,0.0,2259.1734287662534,-8900.71357732417,0.0,0.0,0.0
388,0.0,24303.82368194028,0.0,5560.656737900068,-8138.436267777301,0.0,0.0,0.0
389,0.0,25203.016475492288,0.0,4113.811944607686,-7410.067344198462,0.0,0.0,0.0
390,0.0,29123.03243078075,0.0,1190.8620011383268,-8180.482507843663,0.0,0.0,0.0
391,0.0,29884.937848455498,0.0,3182.9055045926734,-10727.032594412076,0.0,0.0,0.0
392,0.0,31519.719323725018,0.0,1179.7702989967122,-10133.054279147276,0.0,0.0,0.0
393,0.0,31543.909687384905,0.0,3223.140801509171,-11973.294705582386,0.0,0.0,0.0
394,0.0,31583.64283498079,0.0,2792.0793725203025,-11368.334092996269,0.0,0.0,0.0
395,0.0,31597.080140265196,0.0,4138.908725630352,-13094.369462786224,0.0,0.0,0.0
396,0.0,29460.973183316222,0.0,7617.235357755021,-11403.370412116108,0.0,0.0,0.0
397,0.0,32730.62682559732,0.0,4875.73412505984,-11508.267887648455,0.0,0.0,0.0
398,0.0,28989.327743558853,0.0,9253.907165968645,-11994.944732375108,0.0,0.0,0.0
399,0.0,32475.421612260423,0.0,5192.742201537647,-11317.988817586669,0.0,0.0,0.0
400,0.0,35813.63383614051,0.0,5128.750582777073,-14372.931409101971,0.0,0.0,0.0
401,0.0,35327.5031200887,0.0,5814.940653616726,-14336.548310217448,0.0,0.0,0.0
402,0.0,36313.588323721684,0.0,3957.72329450945,-13234.38001749129,0.0,0.0,0.0
403,0.0,35998.99101218713,0.0,4869.70084919534,-13636.173370634719,0.0,0.0,0.0
404,0.0,32899.815532488996,0.0,6977.302660538926,-12013.808009841705,0.0,0.0,0.0
405,0.0,32958.904948407435,0.0,7411.227536366331,-12444.094204090961,0.0,0.0,0.0
406,0.0,32547.857647188317,0.0,8146.18941131944,-12368.405218366901,0.0,0.0,0.0
407,0.0,31989.868668049476,0.0,7732.347983318298,-11194.298613955962,0.0,0.0,0.0
408,0.0,28806.03230755241,0.0,10864.245566478738,-11358.07577356796,0.0,0.0,0.0
409,0.0,25777.548655189126,0.0,12931.705450329957,-10028.08871943077,0.0,0.0,0.0
410,0.0,33124.39773998913,0.0,4873.53074594663,-9243.822884358451,0.0,0.0,0.0
411,0.0,37257.86917368551,0.0,6982.320175729154,-15005.801946990721,0.0,0.0,0.0
412,0.0,37585.50688283968,0.0,6379.596127539113,-14046.647798919113,0.0,0.0,0.0
413,0.0,37940.84715345908,0.0,7745.450983277355,-14823.969924113539,0.0,0.0,0.0
414,0.0,35207.63199562872,0.0,10431.932111943106,-14537.25018318087,0.0,0.0,0.0
415,0.0,33360.583911938826,0.0,13286.377324634392,-14299.342166792052,0.0,0.0,0.0
416,0.0,32080.13916613857,0.0,13715.798043566705,-11676.69654776651,0.0,0.0,0.0
417,0.0,36060.71438122428,0.0,8487.3090518411,-11331.242798829178,0.0,0.0,0.0
418,0.0,34448.516569778614,0.0,11615.91052358416,-12689.614448890145,0.0,0.0,0.0
419,0.0,35558.89805940797,0.0,9072.301207750432,-11757.658763324584,0.0,0.0,0.0
420,0.0,32124.571850537082,0.0,11152.907926249614,-10743.369178283294,0.0,0.0,0.0
421,0.0,35714.98320582322,0.0,6721.47954206688,-9769.52127014146,0.0,0.0,0.0
422,0.0,40286.63752954123,0.0,3189.110779960076,-10936.987224595669,0.0,0.0,0.0
423,0.0,40368.603074773135,0.0,4197.009847739038,-11673.32208955505,0.0,0.0,0.0
424,0.0,42583.91186806151,0.0,3237.818564343474,-12661.049777487508,0.0,0.0,0.0
425,0.0,39193.399643304205,0.0,6495.291118013043,-12295.675740409994,0.0,0.0,0.0
426,0.0,37873.85278512095,0.0,7035.4480403538855,-11257.05389067188,0.0,0.0,0.0
427,0.0,40378.88577777867,0.0,6031.047531250266,-12679.166190455382,0.0,0.0,0.0
428,0.0,36918.53271332424,0.0,10815.550857031063,-11429.469514323286,0.0,0.0,0.0
429,0.0,36556.01711796005,0.0,11076.793241432406,-11245.23029548554,0.0,0.0,0.0
430,0.0,35890.511862449996,0.0,10482.006050587286,-10420.027778273607,0.0,0.0,0.0
431,0.0,40628.56483900888,0.0,6361.48451658694,-11275.636716662908,0.0,0.0,0.0
432,0.0,33254.28606653299,0.0,12346.20247159261,-10744.125096320751,0.0,0.0,0.0
433,0.0,41944.60098967796,0.0,2611.16482816445,-9780.653447588506,0.0,0.0,0.0
434,0.0,47048.439722920404,0.0,6333.4023330240925,-16168.112042173667,0.0,0.0,0.0
435,0.0,45640.96611088405,0.0,7109.748591582726,-16368.793840099173,0.0,0.0,0.0
436,0.0,47644.279951164324,0.0,4081.9759687897367,-15315.118250758023,0.0,0.0,0.0
437,0.0,49273.68354460821,0.0,6072.888989818039,-18962.721437547025,0.0,0.0,0.0
438,0.0,43326.34295867193,0.0,10539.804059204473,-17141.172603314906,0.0,0.0,0.0
439,0.0,47679.76840867777,0.0,6862.9766095054065,-17818.100912398128,0.0,0.0,0.0
440,0.0,32648.170145211876,0.0,19585.57789090003,-17479.084961025364,0.0,0.0,0.0
441,0.0,40374.60427583233,0.0,10301.145069340078,-16001.342133795784,0.0,0.0,0.0
442,0.0,46445.33122791005,0.0,2952.0592024510306,-14523.599306566204,0.0,0.0,0.0
443,0.0,44171.63186082589,0.0,4196.150128587265,-13254.413284748198,0.0,0.0,0.0
444,0.0,44258.45598572947,0.0,3108.8475080853214,-11988.03204934835,0.0,0.0,0.0
445,0.0,45984.506485741476,0.0,4038.550315197471,-13804.607178104197,0.0,0.0,0.0
446,0.0,47611.73595333227,0.0,3511.5602394346884,-13864.19187574205,0.0,0.0,0.0
447,0.0,44712.23638233329,0.0,6824.52009365692,-13229.781307406125,0.0,0.0,0.0
448,0.0,44367.8006322684,0.0,6091.087370526422,-12812.824352000534,0.0,0.0,0.0
449,0.0,39383.437430076505,0.0,10014.793506475577,-12388.314357144742,0.0,0.0,0.0
450,0.0,41228.09677618061,0.0,7049.61578656976,-11045.238861001902,0.0,0.0,0.0
451,0.0,37816.29859068409,0.0,13385.214099217645,-14059.651279939142,0.0,0.0,0.0
452,0.0,39627.065047611264,0.0,10131.992283363259,-12816.06301279234,0.0,0.0,0.0
453,0.0,36372.99562020508,0.0,11572.259428804527,-11365.88340543657,0.0,0.0,0.0
454,0.0,40276.295559079015,0.0,7575.032494505818,-10059.09309636815,0.0,0.0,0.0
455,0.0,42781.84447938706,0.0,5592.914291750056,-10376.008576348988,0.0,0.0,0.0
456,0.0,49636.44411366554,0.0,3613.9811849055222,-14179.065151734972,0.0,0.0,0.0
457,0.0,43286.953337910956,0.0,11755.380690342246,-15888.75044287189,0.0,0.0,0.0
458,0.0,46690.26659352953,0.0,8173.501863393568,-14683.53628653553,0.0,0.0,0.0
459,0.0,50135.04304414283,0.0,4177.507600415303,-13916.998094621891,0.0,0.0,0.0
460,0.0,35439.49423918504,0.0,23339.505958041333,-17596.49939755566,0.0,0.0,0.0
461,0.0,48466.85045631981,0.0,9381.051589390698,-16511.151343674534,0.0,0.0,0.0
462,0.0,53406.608401768135,0.0,3415.6320738023983,-15307.375771282472,0.0,0.0,0.0
463,0.0,51923.954290508416,0.0,4440.332396736754,-14528.05614420656,0.0,0.0,0.0
464,0.0,51983.89470967037,0.0,3677.381799139133,-13490.251759367342,0.0,0.0,0.0
465,0.0,52995.45326482772,0.0,2795.752900551981,-13239.558380187456,0.0,0.0,0.0
466,0.0,52592.28506504303,0.0,4383.430701885654,-14059.972087607424,0.0,0.0,0.0
467,0.0,52672.216188932376,0.0,4884.992821082324,-12397.297331009659,0.0,0.0,0.0
468,0.0,50127.17182148584,0.0,9674.280955980474,-14318.736007315332,0.0,0.0,0.0
469,0.0,48900.66998847901,0.0,9806.358838580943,-13195.974977371912,0.0,0.0,0.0
470,0.0,54488.50483917914,0.0,3898.7227019277807,-12676.6614226146,0.0,0.0,0.0
471,0.0,54976.3593847864,0.0,6826.188561932822,-15884.985056612904,0.0,0.0,0.0
472,0.0,50767.30778147098,0.0,10298.23694179916,-14779.141301603513,0.0,0.0,0.0
473,0.0,49497.970352014716,0.0,10540.611348981234,-13549.860863677097,0.0,0.0,0.0
474,0.0,57028.95479112993,0.0,1910.3022817600645,-12400.681951598102,0.0,0.0,0.0
475,0.0,52973.060743402384,0.0,7399.789107648863,-13657.89048849114,0.0,0.0,0.0
476,0.0,57022.5020462381,0.0,2232.77326331795,-12472.003323468369,0.0,0.0,0.0
477,0.0,49982.920998142734,0.0,11560.979947231379,-14718.142742437023,0.0,0.0,0.0
478,0.0,59047.692538778676,0.0,2298.326786299367,-14169.867313687766,0.0,0.0,0.0
479,0.0,60264.980807912325,0.0,1022.2532723605906,-13679.666401741553,0.0,0.0,0.0
480,0.0,42933.813956795486,0.0,19622.968603361278,-12979.538637428534,0.0,0.0,0.0
481,0.0,57554.289460206746,0.0,5583.219395293496,-13164.04978034925,0.0,0.0,0.0
482,0.0,60075.986456179075,0.0,4638.904690296427,-14137.84283106619,0.0,0.0,0.0
483,0.0,59601.59985456517,0.0,7171.865742043131,-15815.306568014988,0.0,0.0,0.0
484,0.0,61333.79490647846,0.0,5690.208654642454,-15668.590536802674,0.0,0.0,0.0
485,0.0,66754.22648760755,0.0,1875.5805105468598,-16844.190278404,0.0,0.0,0.0
486,0.0,64407.58194208286,0.0,5074.0870283208305,-17383.182452579324,0.0,0.0,0.0
487,0.0,60826.763750306476,0.0,8734.982910479504,-17099.94027783233,0.0,0.0,0.0
488,0.0,58613.47596455967,0.0,10110.008649038096,-15881.825296265011,0.0,0.0,0.0
489,0.0,57237.014670392324,0.0,10738.825128226976,-14729.080208193995,0.0,0.0,0.0
490,0.0,65051.88903153144,0.0,10409.098556769799,-21818.434060230426,0.0,0.0,0.0
491,0.0,64591.28782121577,0.0,10811.02657207548,-21456.80889550794,0.0,0.0,0.0
492,0.0,63252.45563351763,0.0,11501.013535163956,-20442.8631501496,0.0,0.0,0.0
493,0.0,60276.10090927202,0.0,13671.316227202935,-19004.55621780342,0.0,0.0,0.0
494,0.0,67477.16368978452,0.0,7912.93999821142,-20066.558169794283,0.0,0.0,0.0
495,0.0,68782.9047525038,0.0,7889.725140277678,-21035.500237521977,0.0,0.0,0.0
496,0.0,74611.48768220707,0.0,2202.493458018953,-20793.00077905367,0.0,0.0,0.0
497,0.0,58350.959670351265,0.0,18541.338268910848,-20529.060667836107,0.0,0.0,0.0
498,0.0,71183.41163309377,0.0,4822.79110800722,-19154.433984402036,0.0,0.0,0.0
499,0.0,71946.06816954722,0.0,4287.626555753755,-18886.273685731965,0.0,0.0,0.0
500,0.0,57346.52268226393,0.0,21957.987946240857,-21624.074895467424,0.0,0.0,0.0
501,0.0,67430.08269918959,0.0,10692.18262985677,-19954.238027999327,0.0,0.0,0.0
502,0.0,69951.84854362701,0.0,9553.983316441281,-20708.826267481552,0.0,0.0,0.0
503,0.0,66893.03144311384,0.0,15176.061581883683,-22966.07189993387,0.0,0.0,0.0
504,0.0,61694.58965612601,0.0,19014.598336071613,-21616.175039148104,0.0,0.0,0.0
505,0.0,67750.00826375277,0.0,11819.261826549699,-20723.276020443125,0.0,0.0,0.0
506,0.0,61210.09112494357,0.0,17006.77395265567,-19210.912894653567,0.0,0.0,0.0
507,0.0,72909.40892787314,0.0,4454.505446815223,-17937.01857456675,0.0,0.0,0.0
508,0.0,64361.06295591545,0.0,11772.937863351282,-16384.071128269108,0.0,0.0,0.0
509,0.0,72345.1169706869,0.0,2822.674549807754,-14941.925106496454,0.0,0.0,0.0
510,0.0,72504.9133161051,0.0,8987.309654756216,-19962.47699105913,0.0,0.0,0.0
511,0.0,73666.85950464921,0.0,9072.420531203514,-21029.087916804543,0.0,0.0,0.0
512,0.0,68074.36027581034,0.0,15442.03684030625,-21235.469333822435,0.0,0.0,0.0
513,0.0,76985.92747346887,0.0,6536.495618091259,-20632.31778238005,0.0,0.0,0.0
514,0.0,79792.73537995748,0.0,7733.180216595889,-24043.09981777304,0.0,0.0,0.0
515,0.0,83103.45743561952,0.0,5290.260329429609,-24408.63286137028,0.0,0.0,0.0
516,0.0,86730.83618342904,0.0,3193.858367606858,-25237.817370097124,0.0,0.0,0.0
517,0.0,67266.48701455357,0.0,23616.010512164437,-26109.627701272944,0.0,0.0,0.0
518,0.0,88365.23490805399,0.0,1317.3520223424036,-24502.139896103734,0.0,0.0,0.0
519,0.0,85711.13369610682,0.0,4598.76736277955,-24498.72439252598,0.0,0.0,0.0
520,0.0,73600.67335449668,0.0,17562.39319446359,-24696.302078982382,0.0,0.0,0.0
521,0.0,81309.14029497482,0.0,8926.368753577912,-23044.405553156506,0.0,0.0,0.0
522,0.0,83697.23857996949,0.0,9976.964817073642,-25716.15054713035,0.0,0.0,0.0
523,0.0,73440.30447162624,0.0,20999.590550605546,-24758.5621701925,0.0,0.0,0.0
524,0.0,71571.5401144715,0.0,21887.143036617636,-23321.134763631086,0.0,0.0,0.0
525,0.0,83549.57633745877,0.0,10683.113923839035,-23522.916244122327,0.0,0.0,0.0
526,0.0,85121.14183331197,0.0,7757.430538589808,-21522.897111697934,0.0,0.0,0.0
527,0.0,87750.4330863028,0.0,3679.1717140921037,-19378.59604299917,0.0,0.0,0.0
528,0.0,86070.01004764282,0.0,9609.048857088217,-22915.340836046587,0.0,0.0,0.0
529,0.0,95004.72906839671,0.0,1610.3623480460662,-23632.62604172361,0.0,0.0,0.0
530,0.0,92708.24677563363,0.0,6298.062226544416,-25274.457931648365,0.0,0.0,0.0
531,0.0,84658.43832486926,0.0,15906.573855689741,-26084.524943382465,0.0,0.0,0.0
532,0.0,84698.61745045213,0.0,14770.527700283024,-24239.64548178733,0.0,0.0,0.0
533,0.0,89027.73292937953,0.0,16420.668101880077,-26629.14655015056,0.0,0.0,0.0
534,0.0,89523.61172351468,0.0,15999.13408364453,-25986.857392837777,0.0,0.0,0.0
535,0.0,98667.75329249002,0.0,7052.048589894809,-25426.82891316225,0.0,0.0,0.0
536,0.0,88519.46000883264,0.0,20852.21583355614,-28973.751465839574,0.0,0.0,0.0
537,0.0,80745.0567201393,0.0,27471.38036249087,-27926.99066953443,0.0,0.0,0.0
538,0.0,106601.88210950582,0.0,1301.0386185372513,-27199.78408570656,0.0,0.0,0.0
539,0.0,93500.37474829337,0.0,14811.089397587297,-26402.83693767537,0.0,0.0,0.0
540,0.0,91155.39790962587,0.0,16222.75585218045,-24718.361103674215,0.0,0.0,0.0
541,0.0,97047.99941924408,0.0,9067.524532069796,-22653.59557785487,0.0,0.0,0.0
542,0.0,102994.67867165578,0.0,10219.702981806837,-28823.41001912065,0.0,0.0,0.0
543,0.0,92338.92384493048,0.0,20706.32272921491,-26848.48635069122,0.0,0.0,0.0
544,0.0,94119.26425158406,0.0,17996.77601838648,-25036.03737933297,0.0,0.0,0.0
545,0.0,104299.21611391999,0.0,7533.181233806899,-23860.870823113506,0.0,0.0,0.0
546,0.0,108001.06584103232,0.0,11192.7341058278,-30362.058504231805,0.0,0.0,0.0
547,0.0,116287.85543038826,0.0,5042.819211696709,-31500.198985144085,0.0,0.0,0.0
548,0.0,113151.72188096934,0.0,8920.142804072795,-31540.505770091186,0.0,0.0,0.0
549,0.0,114448.57686865279,0.0,6201.274658557837,-26888.201474204132,0.0,0.0,0.0
550,0.0,114906.74299168962,0.0,12175.725075420432,-31453.576269663317,0.0,0.0,0.0
551,0.0,109467.30325724291,0.0,17106.5887083313,-30077.117974963563,0.0,0.0,0.0
552,0.0,111571.66111998868,0.0,13530.108677734172,-27747.87379701953,0.0,0.0,0.0
553,0.0,104098.94670534975,0.0,20417.366039158696,-24307.79835475617,0.0,0.0,0.0
554,0.0,110487.73915395064,0.0,19894.328759391785,-29250.82879031746,0.0,0.0,0.0
555,0.0,122034.13111847808,0.0,7306.235198840126,-27456.510299421447,0.0,0.0,0.0
556,0.0,76673.48331533003,0.0,53539.38645400693,-28084.24012953024,0.0,0.0,0.0
557,0.0,113438.5096258138,0.0,15663.516430309071,-26204.08729707781,0.0,0.0,0.0
558,0.0,105187.84496649075,0.0,22490.48883686613,-23976.016877000773,0.0,0.0,0.0
559,0.0,120458.04841701896,0.0,6321.146802977549,-21939.14562678023,0.0,0.0,0.0
560,0.0,115078.92334605256,0.0,10581.876200336023,-19879.018595953243,0.0,0.0,0.0
561,0.0,121352.61455784627,0.0,3669.885034575089,-18142.972056644016,0.0,0.0,0.0
562,0.0,119859.5336079966,0.0,6689.031841593249,-18611.95402411553,0.0,0.0,0.0
563,0.0,117302.05936351289,0.0,11797.375170086716,-20122.63310197934,0.0,0.0,0.0
564,0.0,124384.86501737122,0.0,7717.926860896036,-21977.35927969655,0.0,0.0,0.0
565,0.0,124263.25933970357,0.0,11292.295077627517,-24359.66426402845,0.0,0.0,0.0
566,0.0,125609.08111692542,0.0,11668.932251868348,-24975.589235519383,0.0,0.0,0.0
567,0.0,125430.21475148601,0.0,15809.718151844902,-28311.804253066137,0.0,0.0,0.0
568,0.0,126731.86274743287,0.0,13977.304248649372,-25356.005019384047,0.0,0.0,0.0
569,0.0,139954.80986907292,0.0,6449.315151166798,-30179.361179174644,0.0,0.0,0.0
570,0.0,129359.22880979271,0.0,21254.570438421782,-33387.00790430626,0.0,0.0,0.0
571,0.0,136672.58605965384,0.0,16498.206489250784,-34855.26485062957,0.0,0.0,0.0
572,0.0,138135.09733268575,0.0,18564.143876918126,-37163.199432130394,0.0,0.0,0.0
573,0.0,126973.57960089581,0.0,32155.797310525264,-40389.292280240814,0.0,0.0,0.0
574,0.0,125500.54454904693,0.0,31896.1968039894,-37368.41077895094,0.0,0.0,0.0
575,0.0,134165.53928432052,0.0,20467.706050484936,-34860.31371230284,0.0,0.0,0.0
576,0.0,86323.30015397148,0.0,65755.08221509353,-32297.125884546887,0.0,0.0,0.0
577,0.0,122595.18710343505,0.0,27616.8007358452,-29593.018409097956,0.0,0.0,0.0
578,0.0,140214.1112691242,0.0,8112.494998702547,-27017.720014536906,0.0,0.0,0.0
579,0.0,141771.40549079576,0.0,6219.548988247578,-25443.85511198696,0.0,0.0,0.0
580,0.0,138952.6251638239,0.0,8275.634048887996,-23462.313335897612,0.0,0.0,0.0
581,0.0,144808.82582981873,0.0,2036.4525073342081,-21709.531871157043,0.0,0.0,0.0
582,0.0,145222.0776579534,0.0,6648.6210582648655,-25231.17283980835,0.0,0.0,0.0
583,0.0,147020.3161582403,0.0,8123.416717734366,-27074.039337785493,0.0,0.0,0.0
584,0.0,150685.1402466414,0.0,6268.735777888554,-27613.751960638037,0.0,0.0,0.0
585,0.0,153472.8974316528,0.0,9267.651163282464,-31907.224267850554,0.0,0.0,0.0
586,0.0,149520.06132034573,0.0,17284.085340530197,-34438.779350606994,0.0,0.0,0.0
587,0.0,155044.98254257775,0.0,14873.424129950052,-36891.882474192564,0.0,0.0,0.0
588,0.0,157847.31067316065,0.0,16691.269441708686,-40233.66651073911,0.0,0.0,0.0
589,0.0,170441.58417499674,0.0,6234.709124295776,-40665.94904089399,0.0,0.0,0.0
590,0.0,156219.2101549178,0.0,26234.796638520038,-44806.259663812445,0.0,0.0,0.0
591,0.0,161909.04086870307,0.0,18201.858254811472,-41292.49697936473,0.0,0.0,0.0
592,0.0,164094.68680457128,0.0,24768.265922161667,-48578.11084619586,0.0,0.0,0.0
593,0.0,139226.15652741553,0.0,47653.13726559382,-45549.99066117065,0.0,0.0,0.0
594,0.0,154638.4829101343,0.0,30729.354169566042,-42231.76458463394,0.0,0.0,0.0
595,0.0,157675.58023488175,0.0,25580.01967163354,-38958.20995568885,0.0,0.0,0.0
596,0.0,112692.57778210114,0.0,68130.02547834687,-34675.529434412245,0.0,0.0,0.0
597,0.0,146945.2053936959,0.0,28656.473514135672,-31516.36312479238,0.0,0.0,0.0
598,0.0,155362.05864011747,0.0,18823.333817912437,-28758.27508591947,0.0,0.0,0.0
599,0.0,156906.97177424363,0.0,16582.629237410027,-26562.04040433775,0.0,0.0,0.0
600,0.0,161850.23045865915,0.0,12292.412699615503,-25673.45650107269,0.0,0.0,0.0
601,0.0,172785.02663291266,0.0,7822.382518998952,-30608.953601064935,0.0,0.0,0.0
602,0.0,175120.95398040157,0.0,10229.712939110945,-34231.55406150346,0.0,0.0,0.0
603,0.0,172952.18886901403,0.0,17687.67022603437,-37778.239735827396,0.0,0.0,0.0
604,0.0,180397.2689488246,0.0,9295.174344014786,-35155.82407784992,0.0,0.0,0.0
605,0.0,192465.65409453714,0.0,8969.501100428912,-45100.30216464479,0.0,0.0,0.0
606,0.0,159469.24014259785,0.0,45957.27472033958,-47588.957695801524,0.0,0.0,0.0
607,0.0,194030.6211815421,0.0,11027.805872565892,-45628.18211566127,0.0,0.0,0.0
608,0.0,188266.27563004967,0.0,17073.585853041088,-44181.90241709354,0.0,0.0,0.0
609,0.0,175897.6960134756,0.0,27594.878655144752,-41795.083284051514,0.0,0.0,0.0
610,0.0,158565.76118472434,0.0,42825.40275610247,-38788.60207533369,0.0,0.0,0.0
611,0.0,184244.3910708104,0.0,16513.933445791667,-36718.099638613436,0.0,0.0,0.0
612,0.0,170499.4494225734,0.0,29790.875787763514,-34745.46795395129,0.0,0.0,0.0
613,0.0,145865.67192039907,0.0,53840.40230547733,-32796.07912344234,0.0,0.0,0.0
614,0.0,158942.8282637025,0.0,40739.12883921935,-31234.87361436936,0.0,0.0,0.0
615,0.0,176119.34289057757,0.0,22852.669638936684,-28894.778163357434,0.0,0.0,0.0
616,0.0,146788.99227159706,0.0,52252.05869524664,-24442.273058813804,0.0,0.0,0.0
617,0.0,181639.3250791264,0.0,16268.951466702722,-21615.736065139827,0.0,0.0,0.0
618,0.0,186677.23486967216,0.0,10859.65063748137,-19568.38170688931,0.0,0.0,0.0
619,0.0,167108.70756283516,0.0,29278.70782581085,-16745.240695375567,0.0,0.0,0.0
620,0.0,191357.9431643186,0.0,4671.366359635013,-14582.784978606396,0.0,0.0,0.0
621,0.0,194124.41142321855,0.0,594.1855676013213,-12421.603551872286,0.0,0.0,0.0
622,0.0,190681.46540906237,0.0,7227.235066174893,-13581.91772284501,0.0,0.0,0.0
623,0.0,192872.01754148086,0.0,8067.116363121751,-14520.368448197309,0.0,0.0,0.0
624,0.0,201697.80071547424,0.0,7917.822810733157,-20906.909334889235,0.0,0.0,0.0
625,0.0,201393.81561141642,0.0,14639.805118305057,-25301.30129717917,0.0,0.0,0.0
626,0.0,188396.96760797716,0.0,33186.67481161299,-28897.271086556757,0.0,0.0,0.0
627,0.0,210775.72511130647,0.0,10584.486509585895,-26951.180017142582,0.0,0.0,0.0
628,0.0,213731.98631453826,0.0,16675.209631954487,-34114.599318192384,0.0,0.0,0.0
629,0.0,213129.9036592429,0.0,17616.23189157996,-32453.049641369194,0.0,0.0,0.0
630,0.0,213315.9458534287,0.0,25045.66423258996,-37825.71983541805,0.0,0.0,0.0
631,0.0,227638.81331029808,0.0,16388.697914690674,-41523.83193173897,0.0,0.0,0.0
632,0.0,207272.34114328382,0.0,40812.93301091399,-45041.769179176656,0.0,0.0,0.0
633,0.0,176700.10278540308,0.0,70138.42999935492,-42029.44033775006,0.0,0.0,0.0
634,0.0,199564.72411318508,0.0,44607.51295970594,-39263.53060081728,0.0,0.0,0.0
635,0.0,209570.2483020195,0.0,33205.42982231528,-36631.48351523792,0.0,0.0,0.0
636,0.0,184347.95368910092,0.0,57905.869691436135,-33722.38312375436,0.0,0.0,0.0
637,0.0,212993.7866479781,0.0,27883.224772517315,-31016.835345291518,0.0,0.0,0.0
638,0.0,220756.48087118604,0.0,20601.809034211285,-30261.413916930273,0.0,0.0,0.0
639,0.0,199097.82372076093,0.0,44218.14133833456,-26393.477738907794,0.0,0.0,0.0
640,0.0,229778.72868149434,0.0,6479.4018626701745,-23339.17781079501,0.0,0.0,0.0
641,0.0,238017.79059739815,0.0,3543.766576860273,-26052.708576583605,0.0,0.0,0.0
642,0.0,240873.71941273828,0.0,7245.889436738675,-30318.0924535326,0.0,0.0,0.0
643,0.0,245027.39955356473,0.0,9365.05633640892,-34241.13870303534,0.0,0.0,0.0
644,0.0,252548.7417163649,0.0,12267.165246754068,-40979.284486714234,0.0,0.0,0.0
645,0.0,235451.38341873468,0.0,36379.77408469584,-46432.39970847763,0.0,0.0,0.0
646,0.0,209518.47609803267,0.0,61240.1262125568,-43049.18362763617,0.0,0.0,0.0
647,0.0,259220.1445429785,0.0,13826.177393381204,-42592.74258357561,0.0,0.0,0.0
648,0.0,243784.98638766108,0.0,29088.188329494387,-40397.85217704212,0.0,0.0,0.0
649,0.0,252112.87725399053,0.0,24716.919784001366,-41545.916070358006,0.0,0.0,0.0
650,0.0,252383.04753323496,0.0,34015.69730170369,-48753.75848986687,0.0,0.0,0.0
651,0.0,241821.8820866217,0.0,47473.842362685304,-49328.87118074695,0.0,0.0,0.0
652,0.0,238452.35141484483,0.0,50414.91154467568,-46495.98935808328,0.0,0.0,0.0
653,0.0,224123.69044195712,0.0,62682.026411710205,-43228.94761497671,0.0,0.0,0.0
654,0.0,241630.85593732708,0.0,44561.2941825192,-40503.54581963293,0.0,0.0,0.0
655,0.0,257181.92116835224,0.0,25748.59337778782,-37681.67239704947,0.0,0.0,0.0
656,0.0,228171.96171579626,0.0,54188.46321590387,-34840.34681759028,0.0,0.0,0.0
657,0.0,262837.2406809973,0.0,19426.44360986924,-32453.878645828987,0.0,0.0,0.0
658,0.0,220310.91720061877,0.0,66264.75571527766,-24190.728776334057,0.0,0.0,0.0
659,0.0,269867.5455763007,0.0,16096.29055367988,-21108.745457803154,0.0,0.0,0.0
660,0.0,281824.84132785193,0.0,3795.5318900242028,-18026.762139272247,0.0,0.0,0.0
661,0.0,280989.09835764463,0.0,12652.803141764212,-23220.93592846082,0.0,0.0,0.0
662,0.0,295982.85332943057,0.0,5152.7779878072715,-27748.577077312064,0.0,0.0,0.0
663,0.0,306260.1114412081,0.0,3346.45618269136,-33272.638598154044,0.0,0.0,0.0
664,0.0,302419.096560235,0.0,15848.467535984559,-38942.23436208865,0.0,0.0,0.0
665,0.0,311105.94345008,0.0,8702.423791158573,-37478.997082069196,0.0,0.0,0.0
666,0.0,271057.57404811046,0.0,61848.212247946656,-48081.509483302805,0.0,0.0,0.0
667,0.0,296062.298898765,0.0,35811.88119472409,-45062.828821347066,0.0,0.0,0.0
668,0.0,291994.80754501565,0.0,49088.23158827605,-51447.35110815966,0.0,0.0,0.0
669,0.0,292926.40023793554,0.0,57699.28310863357,-57212.09257668213,0.0,0.0,0.0
670,0.0,303665.41876303114,0.0,46502.90520341632,-57452.56718192378,0.0,0.0,0.0
671,0.0,283300.09960717335,0.0,69849.38091338077,-67060.30687419379,0.0,0.0,0.0
672,0.0,262223.52291962947,0.0,89984.21583037871,-63111.772605172046,0.0,0.0,0.0
673,0.0,260936.78568380978,0.0,92362.41610170701,-57301.17329577528,0.0,0.0,0.0
674,0.0,252718.44198930296,0.0,99040.9694366232,-53607.55561319007,0.0,0.0,0.0
675,0.0,299006.79350822367,0.0,50582.34702074888,-49663.09791893183,0.0,0.0,0.0
676,0.0,285995.80944955494,0.0,66920.71119802655,-44286.851258749055,0.0,0.0,0.0
677,0.0,311947.0635091926,0.0,39956.07069460153,-39999.21913903468,0.0,0.0,0.0
678,0.0,233621.7750121002,0.0,126515.10766689418,-34102.94609174677,0.0,0.0,0.0
679,0.0,292491.59431588533,0.0,69764.51613337774,-30003.174493970768,0.0,0.0,0.0
680,0.0,294973.12733101024,0.0,66284.23777291535,-25903.402896194766,0.0,0.0,0.0
681,0.0,255763.67481967126,0.0,110961.76064946696,-28728.245152916406,0.0,0.0,0.0
682,0.0,317847.1237687983,0.0,47911.41119361657,-24696.043775880175,0.0,0.0,0.0
683,0.0,310554.8035095466,0.0,62855.56464339402,-29305.494840511692,0.0,0.0,0.0
684,0.0,319092.6786706648,0.0,55323.10907132415,-28951.367744703966,0.0,0.0,0.0
685,0.0,342897.9463498949,0.0,31620.793289948877,-25482.680635036875,0.0,0.0,0.0
686,0.0,298292.02505650814,0.0,95701.03029907416,-40047.05317128598,0.0,0.0,0.0
687,0.0,313210.53697917087,0.0,79937.27094760932,-36329.71974929932,0.0,0.0,0.0
688,0.0,311083.2619445198,0.0,107403.89986685608,-44236.549360754245,0.0,0.0,0.0
689,0.0,294515.65392740123,0.0,145617.9433193858,-53695.484488500704,0.0,0.0,0.0
690,0.0,320736.05949196254,0.0,143590.17781028428,-47950.685919832955,0.0,0.0,0.0
691,0.0,298422.66181699873,0.0,182710.62801494694,-59135.77575979911,0.0,0.0,0.0
692,0.0,281318.05604228907,0.0,202576.90505222522,-59043.12517591822,0.0,0.0,0.0
693,0.0,304417.85600647045,0.0,179944.80307413146,-55164.17940769243,0.0,0.0,0.0
694,0.0,249371.9432429893,0.0,235926.3646305032,-48039.837767170975,0.0,0.0,0.0
695,0.0,346919.954177167,0.0,289658.0391052992,-44341.19176962826,0.0,0.0,0.0
696,0.0,442023.07395967003,0.0,534664.7450686833,-40642.54577208555,0.0,0.0,0.0
697,0.0,398658.29228639905,0.0,429860.3776888908,-36943.899774542835,0.0,0.0,0.0
698,0.0,281028.6956978216,0.0,569594.7306480361,-48726.06700169435,0.0,0.0,0.0
699,0.0,377399.4705582359,0.0,476142.57293439144,-44253.38034291692,0.0,0.0,0.0
700,0.0,471683.0803299108,0.0,374386.7603610234,-39780.6936841395,0.0,0.0,0.0
701,0.0,490616.8931555173,0.0,353437.17049236974,-35308.00702536207,0.0,0.0,0.0
702,0.0,613898.5642036325,0.0,210472.15543469158,-35066.48274422444,0.0,0.0,0.0
703,0.0,649184.6227097443,0.0,179201.84556434568,-30999.713421087275,0.0,0.0,0.0
704,0.0,726964.268582117,0.0,113314.99920795795,-48129.6412737475,0.0,0.0,0.0
705,0.0,806448.619594207,0.0,54113.98419904226,-63648.34809121929,0.0,0.0,0.0
706,0.0,770251.36687285,0.0,108199.30921078208,-77628.5665733722,0.0,0.0,0.0
707,0.0,757129.8456111305,0.0,123723.60573876515,-76360.96334484126,0.0,0.0,0.0
708,0.0,807648.144311487,0.0,71687.59322858455,-70123.5374155594,0.0,0.0,0.0
709,0.0,799564.9393431777,0.0,78383.8425660054,-65502.44017035573,0.0,0.0,0.0
710,0.0,815884.4866361347,0.0,61074.598691760344,-60422.43362910155,0.0,0.0,0.0
711,0.0,834624.0818766251,0.0,41185.917742824626,-55342.427087847354,0.0,0.0,0.0
712,0.0,807731.1666067024,0.0,67571.76689834696,-51003.57362038272,0.0,0.0,0.0
713,0.0,820889.05584448,0.0,53965.95676683625,-46664.72015291809,0.0,0.0,0.0
714,0.0,770775.6489337875,0.0,101994.6669831831,-42325.866685453446,0.0,0.0,0.0
715,0.0,806816.6862931837,0.0,65583.09206603115,-37987.01321798881,0.0,0.0,0.0
716,0.0,855328.6480824295,0.0,17502.89174992936,-33648.159750524166,0.0,0.0,0.0
717,0.0,828191.0317537374,0.0,44143.05652603981,-29309.30628305953,0.0,0.0,0.0
718,0.0,805347.4981878892,0.0,66394.23151066332,-24970.452815594894,0.0,0.0,0.0
719,0.0,850997.2476699359,0.0,21403.01147632256,-21405.640009364957,0.0,0.0,0.0
720,0.0,834642.240151056,0.0,38610.83313193242,-17840.827203135028,0.0,0.0,0.0
721,0.0,800773.6622750517,0.0,73332.86526370385,-14276.014396905104,0.0,0.0,0.0
722,0.0,866502.6003966387,0.0,8439.96026165977,-10711.201590675177,0.0,0.0,0.0
723,0.0,855062.6066198456,0.0,21088.801637431323,-7340.635368690995,0.0,0.0,0.0
724,0.0,834702.254236562,0.0,43223.03533957113,-3982.76580806487,0.0,0.0,0.0
725,0.0,879266.647468388,0.0,1996.4400038517126,-1680.2574606443761,0.0,0.0,0.0
726,0.0,847214.9209097434,0.0,37324.35047823669,-396.9425022651192,0.0,0.0,0.0
727,0.0,839409.0403753427,0.0,49607.94730381004,-106.85618561322546,0.0,0.0,0.0
728,0.0,854269.5060856207,0.0,39902.80765203208,-53.42809280661166,0.0,0.0,0.0
729,0.0,842748.4319276455,0.0,55884.08571532539,3.836930773104541E-13,0.0,0.0,0.0
730,0.0,889742.2121043658,0.0,14163.58409350539,0.0,0.0,0.0,0.0
731,0.0,876843.7871836387,0.0,32165.495409816165,0.0,0.0,0.0,0.0
732,0.0,858466.4905021832,0.0,55671.31211448459,0.0,0.0,0.0,0.0
733,0.0,879219.4195100932,0.0,40440.261234205915,0.0,0.0,0.0,0.0
734,0.0,803576.7207122954,0.0,119890.4763879568,0.0,0.0,0.0,0.0
735,0.0,865518.2827631448,0.0,61019.315808595,0.0,0.0,0.0,0.0
736,0.0,905158.7132492089,0.0,26912.510479207187,0.0,0.0,0.0,0.0
737,0.0,863045.9275300596,0.0,74445.779251873,0.0,0.0,0.0,0.0
738,0.0,844206.9528725208,0.0,97132.63937680918,0.0,0.0,0.0,0.0
739,0.0,894781.3323406704,0.0,51567.35735708235,0.0,0.0,0.0,0.0
740,0.0,893228.9885775035,0.0,57695.22738494077,0.0,0.0,0.0,0.0
741,0.0,846099.1907710558,0.0,109059.89007498792,0.0,0.0,0.0,0.0
742,0.0,929372.311641065,0.0,30450.102780434718,0.0,0.0,0.0,0.0
743,0.0,892398.7113102832,0.0,72040.00174204982,0.0,0.0,0.0,0.0
744,0.0,919755.6077711661,0.0,49550.66793427937,0.0,0.0,0.0,0.0
745,0.0,967254.7355362573,0.0,7789.156403950616,0.0,0.0,0.0,0.0
746,0.0,944626.8787413308,0.0,36376.92251825906,0.0,0.0,0.0,0.0
747,0.0,976549.5021469303,0.0,10241.325942110889,0.0,0.0,0.0,0.0
748,0.0,978452.3062759895,0.0,14440.019558248288,0.0,0.0,0.0,0.0
749,0.0,943324.8201361106,0.0,55237.695007319475,0.0,0.0,0.0,0.0
750,0.0,984859.6347949234,0.0,19825.29905246789,0.0,0.0,0.0,0.0
751,0.0,993778.9864356881,0.0,17419.570040045215,0.0,0.0,0.0,0.0
752,0.0,974475.5503730354,0.0,43573.80383086212,0.0,0.0,0.0,0.0
753,0.0,982576.8324814205,0.0,42396.897051167776,0.0,0.0,0.0,0.0
754,0.0,938127.2911733603,0.0,92512.37632000679,0.0,0.0,0.0,0.0
755,0.0,973151.972045918,0.0,64108.63301547131,0.0,0.0,0.0,0.0
756,0.0,1015985.1846131278,0.0,27685.156329444413,0.0,0.0,0.0,0.0
757,0.0,977745.354221399,0.0,72171.56548881945,0.0,0.0,0.0,0.0
758,0.0,962884.9260944088,0.0,92943.31415829546,0.0,0.0,0.0,0.0
759,0.0,1006132.6240837678,0.0,55692.87135615122,0.0,0.0,0.0,0.0
760,0.0,1001521.1690964787,0.0,66654.7242138499,0.0,0.0,0.0,0.0
761,0.0,959540.9373846806,0.0,114365.67911706494,0.0,0.0,0.0,0.0
762,0.0,1050034.363984298,0.0,30091.77337436349,0.0,0.0,0.0,0.0
763,0.0,1000225.3248622798,0.0,86171.82236911761,0.0,0.0,0.0,0.0
764,0.0,1024401.227890026,0.0,68334.07524479345,0.0,0.0,0.0,0.0
765,0.0,1081189.0066385586,0.0,18728.260534970163,0.0,0.0,0.0,0.0
766,0.0,1055068.784385082,0.0,51720.846232028365,0.0,0.0,0.0,0.0
767,0.0,1098120.58170585,0.0,16172.211117544655,0.0,0.0,0.0,0.0
768,0.0,1069106.1611420684,0.0,52311.76419599468,0.0,0.0,0.0,0.0
769,0.0,1052225.1155630155,0.0,75795.87277865224,0.0,0.0,0.0,0.0
770,0.0,1135902.280645717,0.0,0.0,0.0,0.0,0.0,0.0
771,0.0,1077240.1503620865,0.0,65661.1998979466,0.0,0.0,0.0,0.0
772,0.0,1045558.8588861979,0.0,103607.0156483587,0.0,0.0,0.0,0.0
773,0.0,1094445.5178052154,0.0,61961.15336587817,0.0,0.0,0.0,0.0
774,0.0,1043062.3416080431,0.0,119191.01109789079,0.0,0.0,0.0,0.0
775,0.0,1076535.768900297,0.0,93512.69047227119,0.0,0.0,0.0,0.0
776,0.0,1092984.710273288,0.0,84266.81332684697,0.0,0.0,0.0,0.0
777,0.0,1113179.669235745,0.0,71616.66044767562,0.0,0.0,0.0,0.0
778,0.0,1085363.951381733,0.0,101840.22083328254,0.0,0.0,0.0,0.0
779,0.0,1102716.6735968108,0.0,89855.71890339252,-1890.407352690294,0.0,0.0,0.0
780,0.0,1051937.9850654418,0.0,162980.12642378447,-17413.510502335757,0.0,0.0,0.0
781,0.0,1004009.6197473042,0.0,215115.3047454815,-16538.108958837245,0.0,0.0,0.0
782,0.0,1217715.2275643295,0.0,8052.111502333644,-15662.707415338731,0.0,0.0,0.0
783,0.0,1059424.7082486537,0.0,171269.90298259776,-14787.305871840217,0.0,0.0,0.0
784,0.0,1100461.5478055212,0.0,127410.76874814062,-13911.904328341705,0.0,0.0,0.0
785,0.0,1220453.846542866,0.0,14993.311957549175,-13036.502784843191,0.0,0.0,0.0
786,0.0,1118384.5617256213,0.0,122258.35713841958,-12161.101241344679,0.0,0.0,0.0
787,0.0,1247566.935039596,0.0,0.0,-11285.699697846165,0.0,0.0,0.0
788,0.0,1205538.4461217986,0.0,48468.12642745649,-10410.29815434765,0.0,0.0,0.0
789,0.0,1226097.7222290796,0.0,34855.699816060944,-9534.896610849139,0.0,0.0,0.0
790,0.0,1268437.2858324137,0.0,0.0,-8659.495067350625,0.0,0.0,0.0
791,0.0,1265422.590589388,0.0,11067.763764280291,-7784.0935238521115,0.0,0.0,0.0
792,0.0,1240638.8992540466,0.0,43449.80637156688,-6908.691980353598,0.0,0.0,0.0
793,0.0,1279345.0285064857,0.0,13594.532814267966,-6033.290436855084,0.0,0.0,0.0
794,0.0,1270165.717946095,0.0,31570.882795673228,-5157.888893356571,0.0,0.0,0.0
795,0.0,1242705.5273922607,0.0,67225.35568048018,-4282.487349858058,0.0,0.0,0.0
796,0.0,1265528.1576577006,0.0,53480.481640837985,-3407.085806359544,0.0,0.0,0.0
797,0.0,1306647.0817996024,0.0,21757.06644398386,-2531.68426286103,0.0,0.0,0.0
798,0.0,1177630.1542450106,0.0,155704.61879129862,-1656.2827193625167,0.0,0.0,0.0
799,0.0,1338457.8075213786,0.0,4184.722054180502,-780.8811758640031,0.0,0.0,0.0
800,0.0,1311843.5897913016,0.0,40773.92657354474,-4.774847184307873E-12,0.0,0.0,0.0
801,0.0,1129038.8464510501,0.0,231493.12077959385,0.0,0.0,0.0,0.0
802,0.0,1340101.853235686,0.0,30848.4222412812,0.0,0.0,0.0,0.0
803,0.0,1188500.1789869526,0.0,190537.97582982335,0.0,0.0,0.0,0.0
804,0.0,1266542.1783668336,0.0,120825.49296496899,0.0,0.0,0.0,0.0
805,0.0,1372003.1641042363,0.0,25854.60716825231,0.0,0.0,0.0,0.0
806,0.0,1198012.925468017,0.0,207001.4464271493,0.0,0.0,0.0,0.0
807,0.0,1384542.5961216213,0.0,30471.188509221465,0.0,0.0,0.0,0.0
808,0.0,1384747.2172556936,0.0,40321.95650359057,0.0,0.0,0.0,0.0
809,0.0,1385668.4140292972,0.0,49298.977961303215,0.0,0.0,0.0,0.0
810,0.0,1407263.5466939695,0.0,36768.21289200372,0.0,0.0,0.0,0.0
811,0.0,1386941.6626840543,0.0,66815.06926020356,0.0,0.0,0.0,0.0
812,0.0,1421379.8844624758,0.0,43571.3652658987,0.0,0.0,0.0,0.0
813,0.0,1441512.6619912907,0.0,35248.462176117944,0.0,0.0,0.0,0.0
814,0.0,1450439.1391148018,0.0,38116.85193749025,0.0,0.0,0.0,0.0
815,0.0,1499976.706734595,0.0,1753.254375489181,0.0,0.0,0.0,0.0
816,0.0,1454695.4815907166,0.0,59873.31996299619,0.0,0.0,0.0,0.0
817,0.0,1476475.835613565,0.0,50749.64679442382,0.0,0.0,0.0,0.0
818,0.0,1421641.4416286086,0.0,118085.88177427415,0.0,0.0,0.0,0.0
819,0.0,1485809.9510240166,0.0,67552.14065990841,0.0,0.0,0.0,0.0
820,0.0,1529272.2250783737,0.0,38250.88739229891,0.0,0.0,0.0,0.0
821,0.0,1349164.0201014814,0.0,228395.83795581426,0.0,0.0,0.0,0.0
822,0.0,1570547.6576569984,0.0,21165.349976654263,0.0,0.0,0.0,0.0
823,0.0,1307518.9031000566,0.0,293952.1900336696,0.0,0.0,0.0,0.0
824,0.0,1471518.1993682217,0.0,142357.08573917134,0.0,0.0,0.0,0.0
825,0.0,1629009.3383142338,0.0,0.0,0.0,0.0,0.0,0.0
826,0.0,1385285.4254385522,0.0,254897.02477283578,0.0,0.0,0.0,0.0
827,0.0,1640737.9388794347,0.0,13707.246240369817,0.0,0.0,0.0,0.0
828,0.0,1585443.0833678527,0.0,83252.76845697961,0.0,0.0,0.0,0.0
829,0.0,1556996.0603023546,0.0,111421.68999197811,0.0,0.0,0.0,0.0
830,0.0,1683656.3926969476,0.0,0.0,0.0,0.0,0.0,0.0
831,0.0,1612967.4498874233,0.0,84908.28614934444,0.0,0.0,0.0,0.0
832,0.0,1646619.6308665946,0.0,56390.560192047065,0.0,0.0,0.0,0.0
833,0.0,1700848.2040087986,0.0,19566.00906902188,0.0,0.0,0.0,0.0
834,0.0,1611116.3000145662,0.0,123941.92374751627,0.0,0.0,0.0,0.0
835,0.0,1680923.6505373637,0.0,70333.27744971536,0.0,0.0,0.0,0.0
836,0.0,1708757.3342971485,0.0,45881.72581573979,0.0,0.0,0.0,0.0
837,0.0,1712689.2155791947,0.0,59371.71823695757,0.0,0.0,0.0,0.0
838,0.0,1700402.989703223,0.0,87538.09005421288,0.0,0.0,0.0,0.0
839,0.0,1683823.723034484,0.0,120463.81121037736,0.0,0.0,0.0,0.0
840,0.0,1766501.8259638897,0.0,54608.68027196268,0.0,0.0,0.0,0.0
841,0.0,1550255.8605538476,0.0,285451.49760136526,0.0,0.0,0.0,0.0
842,0.0,1808576.8797275762,0.0,44531.45355293254,0.0,0.0,0.0,0.0
843,0.0,1560065.4559795135,0.0,303342.2334884467,0.0,0.0,0.0,0.0
844,0.0,1651711.9516457007,0.0,227174.92777460435,0.0,0.0,0.0,0.0
845,0.0,1798973.822793507,0.0,95961.5484776562,0.0,0.0,0.0,0.0
846,0.0,1645410.4165706693,0.0,262515.0699522506,0.0,0.0,0.0,0.0
847,0.0,1876977.8905596489,0.0,48654.25789920203,0.0,0.0,0.0,0.0
848,0.0,1736063.4679068774,0.0,201630.30935825684,0.0,0.0,0.0,0.0
849,0.0,1806537.746377412,0.0,144853.300447269,0.0,0.0,0.0,0.0
850,0.0,1889660.053104458,0.0,76711.32143706079,0.0,0.0,0.0,0.0
851,0.0,1944026.7987894856,0.0,39783.39919703051,0.0,0.0,0.0,0.0
852,0.0,1952107.716840932,0.0,49677.42032028758,0.0,0.0,0.0,0.0
853,0.0,2021930.8863945385,0.0,0.0,0.0,0.0,0.0,0.0
854,0.0,2027677.7353875989,0.0,14788.601966628072,0.0,0.0,0.0,0.0
855,0.0,2055954.1052278744,0.0,7552.4041572818705,0.0,0.0,0.0,0.0
856,0.0,2084935.5884791054,0.0,1518.4320226319885,0.0,0.0,0.0,0.0
857,0.0,1929648.3494677166,0.0,177261.61060690746,0.0,0.0,0.0,0.0
858,0.0,2098145.761907276,0.0,7392.920496281453,0.0,0.0,0.0,0.0
859,0.0,2051397.604958359,0.0,77702.88130635068,0.0,0.0,0.0,0.0
860,0.0,2100248.948428986,0.0,54338.72959871623,0.0,0.0,0.0,0.0
861,0.0,1999218.4129104791,0.0,176130.73332852576,0.0,0.0,0.0,0.0
862,0.0,2137755.651937831,0.0,63217.320328138885,0.0,0.0,0.0,0.0
863,0.0,1819763.7783058481,0.0,397224.0258883032,0.0,0.0,0.0,0.0
864,0.0,1957031.0667504675,0.0,279720.9026915734,0.0,0.0,0.0,0.0
865,0.0,2148083.6316787,0.0,109573.14392927663,0.0,0.0,0.0,0.0
866,0.0,1914177.9714857994,0.0,358927.75861947465,0.0,0.0,0.0,0.0
867,0.0,2175792.9587241733,0.0,117625.53802066787,0.0,0.0,0.0,0.0
868,0.0,2115124.188952933,0.0,188927.5185615776,0.0,0.0,0.0,0.0
869,0.0,2058186.653755459,0.0,259818.4983439004,0.0,0.0,0.0,0.0
870,0.0,2220204.8401979823,0.0,120666.79909608199,0.0,0.0,0.0,0.0
871,0.0,2134812.551397883,0.0,226778.97840877657,0.0,0.0,0.0,0.0
872,0.0,2307273.6941435584,0.0,68327.7668365617,0.0,0.0,0.0,0.0
873,0.0,2317006.458125598,0.0,80499.69546754513,0.0,0.0,0.0,0.0
874,0.0,2145889.127035399,0.0,270144.5157628619,0.0,0.0,0.0,0.0
875,0.0,2399756.2694453504,0.0,37388.474751614194,0.0,0.0,0.0,0.0
876,0.0,2243001.5448296177,0.0,214181.33011954933,0.0,0.0,0.0,0.0
877,0.0,2284699.6698583555,0.0,193047.44416858157,0.0,0.0,0.0,0.0
878,0.0,2446292.668156739,0.0,52465.523609090225,0.0,0.0,0.0,0.0
879,0.0,2485991.810815179,0.0,38414.482516977965,0.0,0.0,0.0,0.0
880,0.0,2551945.3311497215,0.0,619.9782723950426,0.0,0.0,0.0,0.0
881,0.0,2384750.175899933,0.0,192443.51092467643,0.0,0.0,0.0,0.0
882,0.0,2604351.1214775546,0.0,1193.402198399618,0.0,0.0,0.0,0.0
883,0.0,2376372.406297916,0.0,252641.6664504244,0.0,0.0,0.0,0.0
884,0.0,2467766.057457473,0.0,184920.12577461902,0.0,0.0,0.0,0.0
885,0.0,2578895.400413591,0.0,100254.54674386838,0.0,0.0,0.0,0.0
886,0.0,2311744.8277483643,0.0,385634.07995560416,0.0,0.0,0.0,0.0
887,0.0,2646573.8547410043,0.0,74860.4642904734,0.0,0.0,0.0,0.0
888,0.0,2453394.215888449,0.0,290544.52273428167,0.0,0.0,0.0,0.0
889,0.0,2362202.3677732726,0.0,379756.3467238461,0.0,0.0,0.0,0.0
890,0.0,2639020.9943440217,0.0,132867.58866116172,0.0,0.0,0.0,0.0
891,0.0,2436697.023273985,0.0,358621.1014969389,0.0,0.0,0.0,0.0
892,0.0,2584031.047503913,0.0,239955.09453075708,0.0,0.0,0.0,0.0
893,0.0,2645766.505048634,0.0,208388.7653508347,0.0,0.0,0.0,0.0
894,0.0,2467485.139511453,0.0,402553.8522622009,0.0,0.0,0.0,0.0
895,0.0,2726803.3703495148,0.0,171368.99126741017,0.0,0.0,0.0,0.0
896,0.0,2488947.8177381447,0.0,431952.7830292498,0.0,0.0,0.0,0.0
897,0.0,2595821.713056238,0.0,347798.90137671196,0.0,0.0,0.0,0.0
898,0.0,2920846.256524306,0.0,49020.04304283292,0.0,0.0,0.0,0.0
899,0.0,2814132.9391694455,0.0,179829.03798754697,0.0,0.0,0.0,0.0
900,0.0,2930427.900663638,0.0,89900.11588570094,0.0,0.0,0.0,0.0
901,0.0,2939535.323696557,0.0,107680.08025213168,0.0,0.0,0.0,0.0
902,0.0,2904153.2979920376,0.0,170301.70205585798,0.0,0.0,0.0,0.0
903,0.0,2821539.7895671064,0.0,277271.7636898039,0.0,0.0,0.0,0.0
904,0.0,2993760.7297466528,0.0,128183.58095287511,0.0,0.0,0.0,0.0
905,0.0,3041264.9990573316,0.0,107269.45054923752,0.0,0.0,0.0,0.0
906,0.0,2716343.9902091837,0.0,452106.28762831324,0.0,0.0,0.0,0.0
907,0.0,3152993.168356517,0.0,42891.20050329978,0.0,0.0,0.0,0.0
908,0.0,3124219.3815771416,0.0,99624.17159900613,0.0,0.0,0.0,0.0
909,0.0,3044872.9223694424,0.0,204079.00965100256,0.0,0.0,0.0,0.0
910,0.0,3276283.1444320814,0.0,4329.687462040131,0.0,0.0,0.0,0.0
911,0.0,3223439.0566794816,0.0,87681.4612241681,0.0,0.0,0.0,0.0
912,0.0,3273649.7707727505,0.0,68495.27846143553,0.0,0.0,0.0,0.0
913,0.0,3358443.1559438277,0.0,16956.393813167,0.0,0.0,0.0,0.0
914,0.0,3163046.5237684892,0.0,240716.7124997282,0.0,0.0,0.0,0.0
915,0.0,3380588.8031607536,0.0,54790.90825034797,0.0,0.0,0.0,0.0
916,0.0,3062832.3129519466,0.0,398214.5979494407,0.0,0.0,0.0,0.0
917,0.0,3244132.074170476,0.0,245149.7574111623,0.0,0.0,0.0,0.0
918,0.0,3489328.3427390736,0.0,33620.56758521171,0.0,0.0,0.0,0.0
919,0.0,3388948.5954409847,0.0,164277.94532173264,0.0,0.0,0.0,0.0
920,0.0,3487262.5539689814,0.0,99012.75087720025,0.0,0.0,0.0,0.0
921,0.0,3542800.362014278,0.0,78652.27936924719,0.0,0.0,0.0,0.0
922,0.0,3507224.609486978,0.0,148291.64980377743,0.0,0.0,0.0,0.0
923,0.0,3378426.0822232934,0.0,261693.2963475532,0.0,0.0,0.0,0.0
924,0.0,3413549.2148097525,0.0,261636.8384083814,0.0,0.0,0.0,0.0
925,0.0,3442780.9873891966,0.0,260880.9752957603,0.0,0.0,0.0,0.0
926,0.0,3168365.3174196356,0.0,557054.0526019675,0.0,0.0,0.0,0.0
927,0.0,3598916.9934707684,0.0,155856.90647897418,0.0,0.0,0.0,0.0
928,0.0,3636997.6749549103,0.0,131474.0857706163,0.0,0.0,0.0,0.0
929,0.0,3304106.5939423996,0.0,489586.8804048755,0.0,0.0,0.0,0.0
930,0.0,3501359.3165043187,0.0,319297.54979924305,0.0,0.0,0.0,0.0
931,0.0,3842786.402514567,0.0,9385.911949285513,0.0,0.0,0.0,0.0
932,0.0,3701127.6911038565,0.0,181410.33834698636,0.0,0.0,0.0,0.0
933,0.0,3917676.1847518734,0.0,0.0,0.0,0.0,0.0,0.0
934,0.0,3877151.4233740587,0.0,75848.88157558395,0.0,0.0,0.0,0.0
935,0.0,3859333.6781426244,0.0,128547.5170277915,0.0,0.0,0.0,0.0
936,0.0,3710312.7501609144,0.0,306658.90397538565,0.0,0.0,0.0,0.0
937,0.0,3861325.997182698,0.0,188778.3072521831,0.0,0.0,0.0,0.0
938,0.0,4050841.8365074624,0.0,14600.823353616443,0.0,0.0,0.0,0.0
939,0.0,3909385.9499830916,0.0,194689.0948618109,0.0,0.0,0.0,0.0
940,0.0,4056648.457366192,0.0,86583.85998114955,0.0,0.0,0.0,0.0
941,0.0,4121389.4676890466,0.0,64325.60866300199,0.0,0.0,0.0,0.0
942,0.0,4097457.976371821,0.0,102269.4306056039,0.0,0.0,0.0,0.0
943,0.0,4108327.582240886,0.0,132270.90114050164,0.0,0.0,0.0,0.0
944,0.0,4012833.519922026,0.0,265268.36065526184,0.0,0.0,0.0,0.0
945,0.0,4084885.136588562,0.0,230782.3927404822,0.0,0.0,0.0,0.0
946,0.0,3867957.709062212,0.0,466730.61132630665,0.0,0.0,0.0,0.0
947,0.0,4126041.54478575,0.0,245597.7342669545,0.0,0.0,0.0,0.0
948,0.0,4136591.965860377,0.0,260838.07941409032,0.0,0.0,0.0,0.0
949,0.0,3724795.8299490437,0.0,700742.4048334764,0.0,0.0,0.0,0.0
950,0.0,4222350.59702876,0.0,238177.40004553006,0.0,0.0,0.0,0.0
951,0.0,4286665.198393337,0.0,210803.7446015387,0.0,0.0,0.0,0.0
952,0.0,4150055.6290578474,0.0,383354.7150989217,0.0,0.0,0.0,0.0
953,0.0,4474267.425624391,0.0,99749.59280579508,0.0,0.0,0.0,0.0
954,0.0,4544987.009492833,0.0,71125.82662534015,0.0,0.0,0.0,0.0
955,0.0,4265834.164472868,0.0,384303.9237234696,0.0,0.0,0.0,0.0
956,0.0,4333987.151022911,0.0,354138.6361171311,0.0,0.0,0.0,0.0
957,0.0,4582621.338743384,0.0,145755.95702896753,0.0,0.0,0.0,0.0
958,0.0,4653477.135696845,0.0,118109.1602375117,0.0,0.0,0.0,0.0
959,0.0,4608995.23181502,0.0,204866.33095772914,0.0,0.0,0.0,0.0
960,0.0,4799472.364331915,0.0,60525.591221517854,0.0,0.0,0.0,0.0
961,0.0,4854110.628082228,0.0,55155.185735083025,0.0,0.0,0.0,0.0
962,0.0,4872554.55005412,0.0,47838.106012659446,0.0,0.0,0.0,0.0
963,0.0,4842330.896123711,0.0,131522.5499667243,0.0,0.0,0.0,0.0
964,0.0,4762676.650122386,0.0,259184.50632284617,0.0,0.0,0.0,0.0
965,0.0,4847865.24729397,0.0,222822.18236756744,0.0,0.0,0.0,0.0
966,0.0,4594967.612395947,0.0,512213.7142170262,0.0,0.0,0.0,0.0
967,0.0,4837175.6222963035,0.0,315375.50089408207,0.0,0.0,0.0,0.0
968,0.0,4871556.193031873,0.0,325337.01948261744,0.0,0.0,0.0,0.0
969,0.0,4555976.805431612,0.0,680570.6899888767,0.0,0.0,0.0,0.0
970,0.0,5038171.332665491,0.0,242925.72358732298,0.0,0.0,0.0,0.0
971,0.0,5156609.012967445,0.0,137216.53808070652,0.0,0.0,0.0,0.0
972,0.0,4719877.264016487,0.0,619341.0510902002,0.0,0.0,0.0,0.0
973,0.0,5239495.815575195,0.0,150664.56425471674,0.0,0.0,0.0,0.0
974,0.0,5166481.02308516,0.0,274425.51311307243,0.0,0.0,0.0,0.0
975,0.0,4934581.847047803,0.0,550989.4777683496,0.0,0.0,0.0,0.0
976,0.0,5199121.815342562,0.0,300581.14028211107,0.0,0.0,0.0,0.0
977,0.0,5067452.466858768,0.0,475303.76489611855,0.0,0.0,0.0,0.0
978,0.0,5104243.212298311,0.0,476693.54985712917,0.0,0.0,0.0,0.0
979,0.0,5154368.774111328,0.0,466766.2463582831,0.0,0.0,0.0,0.0
980,0.0,5406596.436142518,0.0,243463.61195778273,0.0,0.0,0.0,0.0
981,0.0,5338112.0713113425,0.0,354655.6359442203,0.0,0.0,0.0,0.0
982,0.0,5682186.9892720785,0.0,58414.38241855718,0.0,0.0,0.0,0.0
983,0.0,5795549.319423505,0.0,0.0,0.0,0.0,0.0,0.0
984,0.0,5739800.526863707,0.0,109234.39111563376,0.0,0.0,0.0,0.0
985,0.0,5808594.365068263,0.0,97624.5803325,0.0,0.0,0.0,0.0
986,0.0,5681920.737520022,0.0,276153.3514198424,0.0,0.0,0.0,0.0
987,0.0,5859134.509437214,0.0,154364.41877559695,0.0,0.0,0.0,0.0
988,0.0,5880345.395632828,0.0,191236.5095334013,0.0,0.0,0.0,0.0
989,0.0,5544002.596650806,0.0,522093.82744306064,0.0,0.0,0.0,0.0
990,0.0,5849031.069264825,0.0,250478.84428257623,0.0,0.0,0.0,0.0
991,0.0,5990578.881814953,0.0,171281.3860774631,0.0,0.0,0.0,0.0
992,0.0,5572011.37158592,0.0,639686.5126898091,0.0,0.0,0.0,0.0
993,0.0,6057736.329478774,0.0,213749.54993759593,0.0,0.0,0.0,0.0
994,0.0,6085884.636742117,0.0,250031.168913919,0.0,0.0,0.0,0.0
995,0.0,5846421.487631864,0.0,472354.67344218487,0.0,0.0,0.0,0.0
996,0.0,6245944.136623098,0.0,141106.5596478308,0.0,0.0,0.0,0.0
997,0.0,5994218.995014519,0.0,398490.8451913092,0.0,0.0,0.0,0.0
998,0.0,5869859.589459287,0.0,578579.0103488114,0.0,0.0,0.0,0.0
999,0.0,6035823.9904095465,0.0,471863.8134842795,0.0,0.0,0.0,0.0
1000,0.0,6064445.586032519,0.0,500178.20222596684,0.0,0.0,0.0,0.0
