1,0.0,0.0,0.0,0.0,0.0,-32081.0,0.8486460553067445,0.0
2,0.0,0.0,0.0,0.0,0.0,-31387.0,0.8257425311458064,0.0
3,0.0,0.0,0.0,0.0,0.0,-30870.0,0.8309002181958931,0.0
4,0.0,0.0,0.0,0.0,0.0,-30636.0,0.8482898801375995,0.0
5,0.0,0.0,0.0,0.0,0.0,-30219.0,0.8910135428122885,0.0
6,0.0,0.0,0.0,0.0,0.0,-30121.0,0.7433794519856747,0.0
7,0.0,0.0,0.0,0.0,0.0,-29942.0,0.436573726732604,0.0
8,0.0,0.0,0.0,0.0,0.0,-29886.0,0.3838111609147745,0.0
9,0.0,0.0,0.0,0.0,0.0,-29808.0,0.3521633468917571,0.0
10,0.0,0.0,0.0,0.0,0.0,-29964.0,0.20435409088167944,0.0
11,0.0,0.0,0.0,0.0,0.0,-29935.0,0.1695031492417911,0.0
12,0.0,0.0,0.0,0.0,0.0,-29792.0,0.6697388620668789,0.0
13,0.0,0.0,0.0,0.0,0.0,-29933.0,0.11786030458824825,0.0
14,0.0,0.0,0.0,0.0,0.0,-30003.0,0.20306075230109855,0.0
15,0.0,0.0,0.0,0.0,0.0,-29881.0,0.8256784922123188,0.0
16,0.0,0.0,0.0,0.0,0.0,-30041.0,0.874429805069667,0.0
17,0.0,0.0,0.0,0.0,0.0,-30130.0,0.234419540327508,0.0
18,0.0,0.0,0.0,0.0,0.0,-30492.0,0.18465152325006784,0.0
19,0.0,0.0,0.0,0.0,0.0,-30677.0,0.004732381843496114,0.0
20,0.0,0.0,0.0,0.0,0.0,-31166.0,0.8430974627481191,0.0
21,0.0,0.0,0.0,0.0,0.0,-31438.0,0.4089265498550958,0.0
22,0.0,0.0,0.0,0.0,0.0,-32074.0,0.2282062240410596,0.0
23,0.0,0.0,0.0,0.0,0.0,-32481.0,0.4374187487301242,0.0
24,0.0,0.0,0.0,0.0,0.0,-33152.0,0.3933928995975293,0.0
25,0.0,0.0,0.0,0.0,0.0,-33683.0,0.21796949447889347,0.0
26,0.0,0.0,0.0,0.0,0.0,-33904.0,0.1353265299621853,0.0
27,0.0,0.0,0.0,0.0,0.0,-34302.0,0.1922250711795641,0.0
28,0.0,0.0,0.0,0.0,0.0,-34937.0,0.32400664674059954,0.0
29,0.0,0.0,0.0,0.0,0.0,-35385.0,0.8996833659548429,0.0
30,0.0,0.0,0.0,0.0,0.0,-35619.0,0.5204013461843715,0.0
31,0.0,0.0,0.0,0.0,0.0,-35692.0,0.7122035331267398,0.0
32,0.0,0.0,0.0,0.0,0.0,-35600.0,0.5837279035404208,0.0
33,0.0,0.0,0.0,0.0,0.0,-35632.0,0.5722240752147627,0.0
34,0.0,0.0,0.0,0.0,0.0,-36128.0,0.5324553264799761,0.0
35,0.0,0.0,0.0,0.0,0.0,-36449.0,0.5542103502448299,0.0
36,0.0,0.0,0.0,0.0,0.0,-36955.0,0.047051608802576084,0.0
37,0.0,0.0,0.0,0.0,0.0,-37482.0,0.15543220595282037,0.0
38,0.0,0.0,0.0,0.0,0.0,-37902.0,0.8211486491636606,0.0
39,0.0,0.0,0.0,0.0,0.0,-38633.0,0.9675536950962851,0.0
40,0.0,0.0,0.0,0.0,0.0,-39313.0,0.65563140600716,0.0
41,0.0,0.0,0.0,0.0,0.0,-39793.0,0.08258515650231857,0.0
42,0.0,0.0,0.0,0.0,0.0,-40294.0,0.2873633824274293,0.0
43,0.0,0.0,0.0,0.0,0.0,-40680.0,0.543333100140444,0.0
44,0.0,0.0,0.0,0.0,0.0,-40786.0,0.29952328948274953,0.0
45,0.0,0.0,0.0,0.0,0.0,-40714.0,0.2692358028070885,0.0
46,0.0,0.0,0.0,0.0,0.0,-40808.0,0.9754120365978451,0.0
47,0.0,0.0,0.0,0.0,0.0,-41090.0,0.3191840008585132,0.0
48,0.0,0.0,0.0,0.0,0.0,-41183.0,0.09114959619182628,0.0
49,0.0,0.0,0.0,0.0,0.0,-41593.0,0.6148475316877011,0.0
50,0.0,0.0,0.0,0.0,0.0,-41601.0,0.41238040237658424,0.0
51,0.0,0.0,0.0,0.0,0.0,-41792.0,0.4021446360347909,0.0
52,0.0,0.0,0.0,0.0,0.0,-41771.0,0.39582591153885005,0.0
53,0.0,0.0,0.0,0.0,0.0,-41997.0,0.3218325899069896,0.0
54,0.0,0.0,0.0,0.0,0.0,-41982.0,0.07968081004946725,0.0
55,0.0,0.0,0.0,0.0,0.0,-41898.0,0.778891822505102,0.0
56,0.0,0.0,0.0,0.0,0.0,-42057.0,0.26952959724440007,0.0
57,0.0,0.0,0.0,0.0,0.0,-42576.0,0.8521201647017733,0.0
58,0.0,0.0,0.0,0.0,0.0,-42836.0,0.9654689172457438,0.0
59,0.0,0.0,0.0,0.0,0.0,-43325.0,0.7121104483958334,0.0
60,0.0,0.0,0.0,0.0,0.0,-43638.0,0.2790840732486686,0.0
61,0.0,0.0,0.0,0.0,0.0,-43760.0,0.44700560106139164,0.0
62,0.0,0.0,0.0,0.0,0.0,-43532.0,0.6026753468468087,0.0
63,0.0,0.0,0.0,0.0,0.0,-43522.0,0.7250608856338658,0.0
64,0.0,0.0,0.0,0.0,0.0,-43327.0,0.7094710739620496,0.0
65,0.0,0.0,0.0,0.0,0.0,-43439.0,0.061757735689752735,0.0
66,0.0,0.0,0.0,0.0,0.0,-43875.0,0.9853853406311828,0.0
67,0.0,0.0,0.0,0.0,0.0,-44009.0,0.4660408934141742,0.0
68,0.0,0.0,0.0,0.0,0.0,-43931.0,0.41973837761906907,0.0
69,0.0,0.0,0.0,0.0,0.0,-44153.0,0.09640459230286069,0.0
70,0.0,0.0,0.0,0.0,0.0,-44573.0,0.23559473753994098,0.0
71,0.0,0.0,0.0,0.0,0.0,-44787.0,0.8398464778365451,0.0
72,0.0,0.0,0.0,0.0,0.0,-44625.0,0.8570469592377776,0.0
73,0.0,0.0,0.0,0.0,0.0,-44915.0,0.6931631412589923,0.0
74,0.0,0.0,0.0,0.0,0.0,-44917.0,0.15338499892823165,0.0
75,0.0,0.0,0.0,0.0,0.0,-44886.0,0.15568371923291124,0.0
76,0.0,0.0,0.0,0.0,0.0,-45058.0,0.4248432830281672,0.0
77,0.0,0.0,0.0,0.0,0.0,-45473.0,0.5694982492059353,0.0
78,0.0,0.0,0.0,0.0,0.0,-45639.0,0.38742606157029513,0.0
79,0.0,0.0,0.0,0.0,0.0,-46050.0,0.19071272479050094,0.0
80,0.0,0.0,0.0,0.0,0.0,-46003.0,0.5083437539360602,0.0
81,0.0,0.0,0.0,0.0,0.0,-46315.0,0.8047471089594183,0.0
82,0.0,0.0,0.0,0.0,0.0,-46384.0,0.519629374924989,0.0
83,0.0,0.0,0.0,0.0,0.0,-46048.0,0.3092010888212826,0.0
84,0.0,0.0,0.0,0.0,0.0,-46063.0,0.8972542900082772,0.0
85,0.0,0.0,0.0,0.0,0.0,-45904.0,0.9591071769609698,0.0
86,0.0,0.0,0.0,0.0,0.0,-45924.0,0.40571069710858865,0.0
87,0.0,0.0,0.0,0.0,0.0,-46209.0,0.9907501400448382,0.0
88,0.0,0.0,0.0,0.0,0.0,-46357.0,0.1015139042865485,0.0
89,0.0,0.0,0.0,0.0,0.0,-46023.0,0.0708407474521664,0.0
90,0.0,0.0,0.0,0.0,0.0,-45976.0,0.46835943795304047,0.0
91,0.0,0.0,0.0,0.0,0.0,-45741.0,0.5834230060645496,0.0
92,0.0,0.0,0.0,0.0,0.0,-45752.0,0.027745818137191236,0.0
93,0.0,0.0,0.0,0.0,0.0,-45564.0,0.23290142695623217,0.0
94,0.0,0.0,0.0,0.0,0.0,-45567.0,0.8611700469991774,0.0
95,0.0,0.0,0.0,0.0,0.0,-45397.0,0.4767139480172773,0.0
96,0.0,0.0,0.0,0.0,0.0,-45485.0,0.4520522267484921,0.0
97,0.0,0.0,0.0,0.0,0.0,-45951.0,0.30343422127043596,0.0
98,0.0,0.0,0.0,0.0,0.0,-46664.0,0.15484120202745544,0.0
99,0.0,0.0,0.0,0.0,0.0,-47041.0,0.5754353439115221,0.0
100,0.0,0.0,0.0,0.0,0.0,-47537.0,0.5826839182627737,0.0
101,0.0,0.0,0.0,0.0,0.0,-47795.0,0.13869716347107897,0.0
102,0.0,0.0,0.0,0.0,0.0,-48280.0,0.29061706269567367,0.0
103,0.0,0.0,0.0,0.0,0.0,-48517.0,0.6412819871475222,0.0
104,0.0,0.0,0.0,0.0,0.0,-48780.0,0.28629815950989723,0.0
105,0.0,0.0,0.0,0.0,0.0,-49536.0,0.13397068825725,0.0
106,0.0,0.0,0.0,0.0,0.0,-49721.0,0.19401406191900605,0.0
107,0.0,0.0,0.0,0.0,0.0,-50080.0,0.12325577224692097,0.0
108,0.0,0.0,0.0,0.0,0.0,-50813.0,0.1830703047598945,0.0
109,0.0,0.0,0.0,0.0,0.0,-51171.0,0.029544144839746878,0.0
110,0.0,0.0,0.0,0.0,0.0,-51690.0,0.6416626415666542,0.0
111,0.0,0.0,0.0,0.0,0.0,-52631.0,0.18117713452375028,0.0
112,0.0,0.0,0.0,0.0,0.0,-53044.0,0.46198272533365525,0.0
113,0.0,0.0,0.0,0.0,0.0,-53796.0,0.7580629888689145,0.0
114,0.0,0.0,0.0,0.0,0.0,-54089.0,0.6871940040000482,0.0
115,0.0,0.0,0.0,0.0,0.0,-54755.0,0.5696471390983788,0.0
116,0.0,0.0,0.0,0.0,0.0,-55050.0,0.6677438857295783,0.0
117,0.0,0.0,0.0,0.0,0.0,-55609.0,0.3158411093754694,0.0
118,0.0,0.0,0.0,0.0,0.0,-56386.0,0.104289757728111,0.0
119,0.0,0.0,0.0,0.0,0.0,-56911.0,0.487485739737167,0.0
120,0.0,0.0,0.0,0.0,0.0,-56827.0,0.5452992318241741,0.0
121,0.0,0.0,0.0,0.0,0.0,-57022.0,0.8078540369242546,0.0
122,0.0,0.0,0.0,0.0,0.0,-57746.0,0.4094232602583361,0.0
123,0.0,0.0,0.0,0.0,0.0,-58007.0,0.5307762532902416,0.0
124,0.0,0.0,0.0,0.0,0.0,-58721.0,0.07357307284837589,0.0
125,0.0,0.0,0.0,0.0,0.0,-58997.0,0.6657008942347602,0.0
126,0.0,0.0,0.0,0.0,0.0,-59696.0,0.9997049769954174,0.0
127,0.0,0.0,0.0,0.0,0.0,-59829.0,0.13643512463750085,0.0
128,0.0,0.0,0.0,0.0,0.0,-60408.0,0.08373564300563885,0.0
129,0.0,0.0,0.0,0.0,0.0,-60352.0,0.33337779319117544,0.0
130,0.0,0.0,0.0,0.0,0.0,-60740.0,0.04263352601265069,0.0
131,0.0,0.0,0.0,0.0,0.0,-60601.0,0.5354512692720164,0.0
132,0.0,0.0,0.0,0.0,0.0,-60812.0,0.4240971651961445,0.0
133,0.0,0.0,0.0,0.0,0.0,-60693.0,0.4469700980334892,0.0
134,0.0,0.0,0.0,0.0,0.0,-61169.0,0.9011235264697461,0.0
135,0.0,0.0,0.0,0.0,0.0,-61261.0,0.6347201457028859,0.0
136,0.0,0.0,0.0,0.0,0.0,-61761.0,0.4755061091273092,0.0
137,0.0,0.0,0.0,0.0,0.0,-62700.0,0.8426365886334679,0.0
138,0.0,0.0,0.0,0.0,0.0,-63569.0,0.022174516911036335,0.0
139,0.0,0.0,0.0,0.0,0.0,-63966.0,0.5432504478885676,0.0
140,0.0,0.0,0.0,0.0,0.0,-64665.0,0.5844340089461184,0.0
141,0.0,0.0,0.0,0.0,0.0,-65007.0,0.9348094650922576,0.0
142,0.0,0.0,0.0,0.0,0.0,-65819.0,0.1499912450381089,0.0
143,0.0,0.0,0.0,0.0,0.0,-66140.0,0.2771069140144391,0.0
144,0.0,0.0,0.0,0.0,0.0,-66900.0,0.7571282685530605,0.0
145,0.0,0.0,0.0,0.0,0.0,-67386.0,0.6273434624454239,0.0
146,0.0,0.0,0.0,0.0,0.0,-67367.0,0.8682699028431671,0.0
147,0.0,0.0,0.0,0.0,0.0,-67661.0,0.19523433012363967,0.0
148,0.0,0.0,0.0,0.0,0.0,-67718.0,0.947379004326649,0.0
149,0.0,0.0,0.0,0.0,0.0,-68105.0,0.6786484865879174,0.0
150,0.0,0.0,0.0,0.0,0.0,-69036.0,0.8455922909051878,0.0
151,0.0,0.0,0.0,0.0,0.0,-69486.0,0.6407277969556162,0.0
152,0.0,0.0,0.0,0.0,0.0,-69369.0,0.746516754719778,0.0
153,0.0,0.0,0.0,0.0,0.0,-69600.0,0.9299929387343582,0.0
154,0.0,0.0,0.0,0.0,0.0,-69475.0,0.5896177332178922,0.0
155,0.0,0.0,0.0,0.0,0.0,-69040.0,0.2318621785234427,0.0
156,0.0,0.0,0.0,0.0,0.0,-69154.0,0.8568725185759831,0.0
157,0.0,0.0,0.0,0.0,0.0,-68921.0,0.6575203097891062,0.0
158,0.0,0.0,0.0,0.0,0.0,-69167.0,0.5298858612659387,0.0
159,0.0,0.0,0.0,0.0,0.0,-69863.0,0.08499395749822725,0.0
160,0.0,0.0,0.0,0.0,0.0,-70021.0,0.5553837540501263,0.0
161,0.0,0.0,0.0,0.0,0.0,-69720.0,0.2638573408476077,0.0
162,0.0,0.0,0.0,0.0,0.0,-69746.0,0.5468589729571249,0.0
163,0.0,0.0,0.0,0.0,0.0,-70320.0,0.5542196836759103,0.0
164,0.0,0.0,0.0,0.0,0.0,-70349.0,0.5628174335579388,0.0
165,0.0,0.0,0.0,0.0,0.0,-70899.0,0.5443834964244161,0.0
166,0.0,0.0,0.0,0.0,0.0,-72064.0,0.45930937281809747,0.0
167,0.0,0.0,0.0,0.0,0.0,-72364.0,0.10644179541850463,0.0
168,0.0,0.0,0.0,0.0,0.0,-73347.0,0.8915703104430577,0.0
169,0.0,0.0,0.0,0.0,0.0,-73811.0,0.8160415269958321,0.0
170,0.0,0.0,0.0,0.0,0.0,-73690.0,0.5244542821310461,0.0
171,0.0,0.0,0.0,0.0,0.0,-73882.0,0.39727140964532737,0.0
172,0.0,0.0,0.0,0.0,0.0,-74765.0,0.6610730706597678,0.0
173,0.0,0.0,0.0,0.0,0.0,-75020.0,0.6857039450551383,0.0
174,0.0,0.0,0.0,0.0,0.0,-74763.0,0.770666104144766,0.0
175,0.0,0.0,0.0,0.0,0.0,-75303.0,0.2548670378746465,0.0
176,0.0,0.0,0.0,0.0,0.0,-75408.0,0.06615487328963354,0.0
177,0.0,0.0,0.0,0.0,0.0,-75317.0,0.5622786608146271,0.0
178,0.0,0.0,0.0,0.0,0.0,-74587.0,0.41547013151284773,0.0
179,0.0,0.0,0.0,0.0,0.0,-74504.0,0.7309858751250431,0.0
180,0.0,0.0,0.0,0.0,0.0,-73904.0,0.33346287671884056,0.0
181,0.0,0.0,0.0,0.0,0.0,-73998.0,0.16603935496823397,0.0
182,0.0,0.0,0.0,0.0,0.0,-73718.0,0.16797195248364005,0.0
183,0.0,0.0,0.0,0.0,0.0,-72887.0,0.7060519757651491,0.0
184,0.0,0.0,0.0,0.0,0.0,-72010.0,0.8094099079025909,0.0
185,0.0,0.0,0.0,0.0,0.0,-71482.0,0.8307443937519565,0.0
186,0.0,0.0,0.0,0.0,0.0,-71640.0,0.36782830438460223,0.0
187,0.0,0.0,0.0,0.0,0.0,-71210.0,0.0815000778529793,0.0
188,0.0,0.0,0.0,0.0,0.0,-70221.0,0.37421025926596485,0.0
189,0.0,0.0,0.0,0.0,0.0,-70075.0,0.8048804420395754,0.0
190,0.0,0.0,0.0,0.0,0.0,-69098.0,0.5575202359177638,0.0
191,0.0,0.0,0.0,0.0,0.0,-68660.0,0.9028363579564029,0.0
192,0.0,0.0,0.0,0.0,0.0,-68784.0,0.8332105251174653,0.0
193,0.0,0.0,0.0,0.0,0.0,-68131.0,0.8593444659054512,0.0
194,0.0,0.0,0.0,0.0,0.0,-68040.0,0.3025268942437833,0.0
195,0.0,0.0,0.0,0.0,0.0,-67625.0,0.3366709111869568,0.0
196,0.0,0.0,0.0,0.0,0.0,-66943.0,0.6364942207437707,0.0
197,0.0,0.0,0.0,0.0,0.0,-66904.0,0.3048363051348133,0.0
198,0.0,0.0,0.0,0.0,0.0,-66193.0,0.5127804229705362,0.0
199,0.0,0.0,0.0,0.0,0.0,-66138.0,0.4714172092208173,0.0
200,0.0,0.0,0.0,0.0,0.0,-66295.0,0.19369512409321032,0.0
201,0.0,0.0,0.0,0.0,0.0,-67462.0,0.9630379356822232,0.0
202,0.0,0.0,0.0,0.0,0.0,-67879.0,0.16489122271013912,0.0
203,0.0,0.0,0.0,0.0,0.0,-67360.0,0.3791721341549419,0.0
204,0.0,0.0,0.0,0.0,0.0,-67133.0,0.2564376541704405,0.0
205,0.0,0.0,0.0,0.0,0.0,-67153.0,0.8782685049663996,0.0
206,0.0,0.0,0.0,0.0,0.0,-67907.0,0.6047345294937259,0.0
207,0.0,0.0,0.0,0.0,0.0,-68486.0,0.832614221930271,0.0
208,0.0,0.0,0.0,0.0,0.0,-68384.0,0.673158676843741,0.0
209,0.0,0.0,0.0,0.0,0.0,-68883.0,0.03293631457199808,0.0
210,0.0,0.0,0.0,0.0,0.0,-69143.0,0.1013281451741932,0.0
211,0.0,0.0,0.0,0.0,0.0,-69658.0,0.4021241917507723,0.0
212,0.0,0.0,0.0,0.0,0.0,-70948.0,0.7160227358544944,0.0
213,0.0,0.0,0.0,0.0,0.0,-71725.0,0.6152302293339744,0.0
214,0.0,0.0,0.0,0.0,0.0,-71574.0,0.5761075336922659,0.0
215,0.0,0.0,0.0,0.0,0.0,-72203.0,0.27355430426541716,0.0
216,0.0,0.0,0.0,0.0,0.0,-72780.0,0.9730402181303361,0.0
217,0.0,0.0,0.0,0.0,0.0,-73694.0,0.6597924167726887,0.0
218,0.0,0.0,0.0,0.0,0.0,-75456.0,0.5221060533367563,0.0
219,0.0,0.0,0.0,0.0,0.0,-76611.0,0.9073083867115201,0.0
220,0.0,0.0,0.0,0.0,0.0,-77668.0,0.9639433607080719,0.0
221,0.0,0.0,0.0,0.0,0.0,-79630.0,0.8447731195337838,0.0
222,0.0,0.0,0.0,0.0,0.0,-80642.0,0.5393597604706883,0.0
223,0.0,0.0,0.0,0.0,0.0,-82059.0,0.8339015012606978,0.0
224,0.0,0.0,0.0,0.0,0.0,-83571.0,0.921010600097361,0.0
225,0.0,0.0,0.0,0.0,0.0,-83853.0,0.7371728623111267,0.0
226,0.0,0.0,0.0,0.0,0.0,-84704.0,0.562552716161008,0.0
227,0.0,0.0,0.0,0.0,0.0,-85564.0,0.9766576586698648,0.0
228,0.0,0.0,0.0,0.0,0.0,-85319.0,0.5339922031271271,0.0
229,0.0,0.0,0.0,0.0,0.0,-85820.0,0.33361255533236545,0.0
230,0.0,0.0,0.0,0.0,0.0,-86186.0,0.4985433036054019,0.0
231,0.0,0.0,0.0,0.0,0.0,-87012.0,0.2327786125097191,0.0
232,0.0,0.0,0.0,0.0,0.0,-86923.0,0.2167455476592295,0.0
233,0.0,0.0,0.0,0.0,0.0,-86075.0,0.35516119057137985,0.0
234,0.0,0.0,0.0,0.0,0.0,-85962.0,0.6608225326490356,0.0
235,0.0,0.0,0.0,0.0,0.0,-86163.0,0.06684588067582808,0.0
236,0.0,0.0,0.0,0.0,0.0,-87452.0,0.14916970608464908,0.0
237,0.0,0.0,0.0,0.0,0.0,-87543.0,0.4907129719067598,0.0
238,0.0,0.0,0.0,0.0,0.0,-87310.0,0.6993076456274139,0.0
239,0.0,0.0,0.0,0.0,0.0,-86436.0,0.7415823699266184,0.0
240,0.0,0.0,0.0,0.0,0.0,-85743.0,0.9274890517845051,0.0
241,0.0,0.0,0.0,0.0,0.0,-86313.0,0.4034432433109032,0.0
242,0.0,0.0,0.0,0.0,0.0,-86151.0,0.9590014470304595,0.0
243,0.0,0.0,0.0,0.0,0.0,-86062.0,0.35438365367008373,0.0
244,0.0,0.0,0.0,0.0,0.0,-85990.0,0.4147496007644804,0.0
245,0.0,0.0,0.0,0.0,0.0,-86153.0,0.5119898255943554,0.0
246,0.0,0.0,0.0,0.0,0.0,-86773.0,0.5523626238427823,0.0
247,0.0,0.0,0.0,0.0,0.0,-87308.0,0.4662482100102352,0.0
248,0.0,0.0,0.0,0.0,0.0,-86696.0,0.7483462840900756,0.0
249,0.0,0.0,0.0,0.0,0.0,-86923.0,0.18856313021387905,0.0
250,0.0,0.0,0.0,0.0,0.0,-87007.0,0.736721755049075,0.0
251,0.0,0.0,0.0,0.0,0.0,-87635.0,0.6689390679821372,0.0
252,0.0,0.0,0.0,0.0,0.0,-89062.0,0.9756758754519979,0.0
253,0.0,0.0,0.0,0.0,0.0,-89311.0,0.16968143184203655,0.0
254,0.0,0.0,0.0,0.0,0.0,-89473.0,0.8600715068023419,0.0
255,0.0,0.0,0.0,0.0,0.0,-89878.0,0.8621673385059694,0.0
256,0.0,0.0,0.0,0.0,0.0,-91281.0,0.17051707646169234,0.0
257,0.0,0.0,0.0,0.0,0.0,-91864.0,0.365320848999545,0.0
258,0.0,0.0,0.0,0.0,0.0,-91927.0,0.9717286283266731,0.0
259,0.0,0.0,0.0,0.0,0.0,-93179.0,0.49157338934310246,0.0
260,0.0,0.0,0.0,0.0,0.0,-94573.0,0.11568814546626527,0.0
261,0.0,0.0,0.0,0.0,0.0,-95089.0,0.10723211700678803,0.0
262,0.0,0.0,0.0,0.0,0.0,-96237.0,0.4433429886266822,0.0
263,0.0,0.0,0.0,0.0,0.0,-97830.0,0.7001297764800256,0.0
264,0.0,0.0,0.0,0.0,0.0,-98628.0,0.22150481955031864,0.0
265,0.0,0.0,0.0,0.0,0.0,-98342.0,0.5089187157427659,0.0
266,0.0,0.0,0.0,0.0,0.0,-98198.0,0.08387892767495941,0.0
267,0.0,0.0,0.0,0.0,0.0,-99565.0,0.8109312403103104,0.0
268,0.0,0.0,0.0,0.0,0.0,-99729.0,0.7435885856248206,0.0
269,0.0,0.0,0.0,0.0,0.0,-100385.0,0.4894871594297001,0.0
270,0.0,0.0,0.0,0.0,0.0,-100402.0,0.4058010790758999,0.0
271,0.0,0.0,0.0,0.0,0.0,-101372.0,0.23107538565818686,0.0
272,0.0,0.0,0.0,0.0,0.0,-102753.0,0.7910498443234246,0.0
273,0.0,0.0,0.0,0.0,0.0,-104945.0,0.7136630099848844,0.0
274,0.0,0.0,0.0,0.0,0.0,-106269.0,0.8406649814569391,0.0
275,0.0,0.0,0.0,0.0,0.0,-106309.0,0.9408305279794149,0.0
276,0.0,0.0,0.0,0.0,0.0,-107073.0,0.784224223185447,0.0
277,0.0,0.0,0.0,0.0,0.0,-108870.0,0.6228370242752135,0.0
278,0.0,0.0,0.0,0.0,0.0,-109744.0,0.7654948617564514,0.0
279,0.0,0.0,0.0,0.0,0.0,-109980.0,0.7882573894603411,0.0
280,0.0,0.0,0.0,0.0,0.0,-110797.0,0.6596659801871283,0.0
281,0.0,0.0,0.0,0.0,0.0,-112759.0,0.20597612655546982,0.0
282,0.0,0.0,0.0,0.0,0.0,-113673.0,0.07891074997314718,0.0
283,0.0,0.0,0.0,0.0,0.0,-115658.0,0.7559496621252038,0.0
284,0.0,0.0,0.0,0.0,0.0,-116570.0,0.45602402873919345,0.0
285,0.0,0.0,0.0,0.0,0.0,-118292.0,0.9672726290737046,0.0
286,0.0,0.0,0.0,0.0,0.0,-118940.0,0.6336701013497077,0.0
287,0.0,0.0,0.0,0.0,0.0,-118867.0,0.8925806187908165,0.0
288,0.0,0.0,0.0,0.0,0.0,-119477.0,0.6762640188826481,0.0
289,0.0,0.0,0.0,0.0,0.0,-121132.0,0.34090570361877326,0.0
290,0.0,0.0,0.0,0.0,0.0,-121440.0,0.009459002307266928,0.0
291,0.0,0.0,0.0,0.0,0.0,-122892.0,0.6968724886974087,0.0
292,0.0,0.0,0.0,0.0,0.0,-125001.0,0.7302983059635153,0.0
293,0.0,0.0,0.0,0.0,0.0,-126035.0,0.683473080949625,0.0
294,0.0,0.0,0.0,0.0,0.0,-126517.0,0.14349109459726606,0.0
295,0.0,0.0,0.0,0.0,0.0,-125476.0,0.5137299303460168,0.0
296,0.0,0.0,0.0,0.0,0.0,-125737.0,0.9924785011826316,0.0
297,0.0,0.0,0.0,0.0,0.0,-126951.0,0.44464539863110986,0.0
298,0.0,0.0,0.0,0.0,0.0,-127304.0,0.2766623489296762,0.0
299,0.0,0.0,0.0,0.0,0.0,-126582.0,0.3929318786977092,0.0
300,0.0,0.0,0.0,0.0,0.0,-126713.0,0.3922929617256159,0.0
301,0.0,0.0,0.0,0.0,0.0,-128253.0,0.011180803179740906,0.0
302,0.0,0.0,0.0,0.0,0.0,-128545.0,0.7325994035927579,0.0
303,0.0,0.0,0.0,0.0,0.0,-130136.0,0.2366014862054726,0.0
304,0.0,0.0,0.0,0.0,0.0,-130948.0,0.925606859891559,0.0
305,0.0,0.0,0.0,0.0,0.0,-132434.0,0.9354581084626261,0.0
306,0.0,0.0,0.0,0.0,0.0,-133447.0,0.7792545948759653,0.0
307,0.0,0.0,0.0,0.0,0.0,-135552.0,0.5818329289613757,0.0
308,0.0,0.0,0.0,0.0,0.0,-136615.0,0.2721754540980328,0.0
309,0.0,0.0,0.0,0.0,0.0,-136693.0,0.5670194723352324,0.0
310,0.0,0.0,0.0,0.0,0.0,-138098.0,0.9284077229094692,0.0
311,0.0,0.0,0.0,0.0,0.0,-140628.0,0.5099182429839857,0.0
312,0.0,0.0,0.0,0.0,0.0,-141797.0,0.1130411768972408,0.0
313,0.0,0.0,0.0,0.0,0.0,-141909.0,0.5723788719624281,0.0
314,0.0,0.0,0.0,0.0,0.0,-144227.0,0.9957388507318683,0.0
315,0.0,0.0,0.0,0.0,0.0,-144766.0,0.843000371940434,0.0
316,0.0,0.0,0.0,0.0,0.0,-146170.0,0.8851208088453859,0.0
317,0.0,0.0,0.0,0.0,0.0,-146372.0,0.45358916782424785,0.0
318,0.0,0.0,0.0,0.0,0.0,-145751.0,0.5639264016936067,0.0
319,0.0,0.0,0.0,0.0,0.0,-146379.0,0.9661273321253248,0.0
320,0.0,0.0,0.0,0.0,0.0,-148230.0,0.8451250459183939,0.0
321,0.0,0.0,0.0,0.0,0.0,-149360.0,0.1343404154467862,0.0
322,0.0,0.0,0.0,0.0,0.0,-151626.0,0.39830668264767155,0.0
323,0.0,0.0,0.0,0.0,0.0,-152481.0,0.8835528944619,0.0
324,0.0,0.0,0.0,0.0,0.0,-152643.0,0.7501273017551284,0.0
325,0.0,0.0,0.0,0.0,0.0,-153260.0,0.1916626688616816,0.0
326,0.0,0.0,0.0,0.0,0.0,-155475.0,0.6231831037148368,0.0
327,0.0,0.0,0.0,0.0,0.0,-156361.0,0.06098015571478754,0.0
328,0.0,0.0,0.0,0.0,0.0,-158255.0,0.5380721096589696,0.0
329,0.0,0.0,0.0,0.0,0.0,-159683.0,0.6852439748181496,0.0
330,0.0,0.0,0.0,0.0,0.0,-158778.0,0.4383698244346306,0.0
331,0.0,0.0,0.0,0.0,0.0,-159617.0,0.14013156699365936,0.0
332,0.0,0.0,0.0,0.0,0.0,-158950.0,0.04735392506700009,0.0
333,0.0,0.0,0.0,0.0,0.0,-160173.0,0.3761968822509516,0.0
334,0.0,0.0,0.0,0.0,0.0,-160707.0,0.44229917344637215,0.0
335,0.0,0.0,0.0,0.0,0.0,-158936.0,0.07651807961519808,0.0
336,0.0,0.0,0.0,0.0,0.0,-159311.0,0.3222098503902089,0.0
337,0.0,0.0,0.0,0.0,0.0,-158143.0,0.010584143281448632,0.0
338,0.0,0.0,0.0,0.0,0.0,-157872.0,0.7705528627557214,0.0
339,0.0,0.0,0.0,0.0,0.0,-160267.0,0.7877904791093897,0.0
340,0.0,0.0,0.0,0.0,0.0,-160487.0,0.518128355848603,0.0
341,0.0,0.0,0.0,0.0,0.0,-162778.0,0.5185474463214632,0.0
342,0.0,0.0,0.0,0.0,0.0,-163960.0,0.19545746289077215,0.0
343,0.0,0.0,0.0,0.0,0.0,-166025.0,0.9436278843204491,0.0
344,0.0,0.0,0.0,0.0,0.0,-167502.0,0.943172868603142,0.0
345,0.0,0.0,0.0,0.0,0.0,-166828.0,0.4867781482753344,0.0
346,0.0,0.0,0.0,0.0,0.0,-167926.0,0.6372461200226098,0.0
347,0.0,0.0,0.0,0.0,0.0,-168127.0,0.15034315511002205,0.0
348,0.0,0.0,0.0,0.0,0.0,-166337.0,0.5426291707262862,0.0
349,0.0,0.0,0.0,0.0,0.0,-166328.0,0.6550864088931121,0.0
350,0.0,0.0,0.0,0.0,0.0,-167913.0,0.8122833788220305,0.0
351,0.0,0.0,0.0,0.0,0.0,-170576.0,0.578696431912249,0.0
352,0.0,0.0,0.0,0.0,0.0,-174574.0,0.1464103176840581,0.0
353,0.0,0.0,0.0,0.0,0.0,-176332.0,0.037674415652872995,0.0
354,0.0,0.0,0.0,0.0,0.0,-177448.0,0.7600422070827335,0.0
355,0.0,0.0,0.0,0.0,0.0,-176882.0,0.2263971781649161,0.0
356,0.0,0.0,0.0,0.0,0.0,-178164.0,0.3539227582223248,0.0
357,0.0,0.0,0.0,0.0,0.0,-178342.0,0.5780904554994777,0.0
358,0.0,0.0,0.0,0.0,0.0,-179333.0,0.288868786621606,0.0
359,0.0,0.0,0.0,0.0,0.0,-179704.0,0.3811312776233535,0.0
360,0.0,0.0,0.0,0.0,0.0,-180912.0,0.6931111679004971,0.0
361,0.0,0.0,0.0,0.0,0.0,-183795.0,0.12200269781169482,0.0
362,0.0,0.0,0.0,0.0,0.0,-185103.0,0.5259067034348845,0.0
363,0.0,0.0,0.0,0.0,0.0,-186503.0,0.6016767265100498,0.0
364,0.0,0.0,0.0,0.0,0.0,-188920.0,0.3866037010739092,0.0
365,0.0,0.0,0.0,0.0,0.0,-188180.0,0.2522052235726733,0.0
366,0.0,0.0,0.0,0.0,0.0,-189051.0,0.6471133043814916,0.0
367,0.0,0.0,0.0,0.0,0.0,-192045.0,0.24512930747005157,0.0
368,0.0,0.0,0.0,0.0,0.0,-196266.0,0.15327404011623003,0.0
369,0.0,0.0,0.0,0.0,0.0,-198924.0,0.19441012656898238,0.0
370,0.0,0.0,0.0,0.0,0.0,-199889.0,0.9039083120878786,0.0
371,0.0,0.0,0.0,0.0,0.0,-201430.0,0.7815283758100122,0.0
372,0.0,0.0,0.0,0.0,0.0,-204946.0,0.026319236465496942,0.0
373,0.0,0.0,0.0,0.0,0.0,-206075.0,0.9780078274488915,0.0
374,0.0,0.0,0.0,0.0,0.0,-205546.0,0.60524620662909,0.0
375,0.0,0.0,0.0,0.0,0.0,-206742.0,0.8990971947205253,0.0
376,0.0,0.0,0.0,0.0,0.0,-206375.0,0.8815866567019839,0.0
377,0.0,0.0,0.0,0.0,0.0,-207706.0,0.7125749899423681,0.0
378,0.0,0.0,0.0,0.0,0.0,-206764.0,0.23684307403163984,0.0
379,0.0,0.0,0.0,0.0,0.0,-205171.0,0.9920296075288206,0.0
380,0.0,0.0,0.0,0.0,0.0,-205049.0,0.09242344231461175,0.0
381,0.0,0.0,0.0,0.0,0.0,-207208.0,0.24569006214733236,0.0
382,0.0,0.0,0.0,0.0,0.0,-208510.0,0.10524181352229789,0.0
383,0.0,0.0,0.0,0.0,0.0,-207220.0,0.5437166104675271,0.0
384,0.0,0.0,0.0,0.0,0.0,-208780.0,0.05043690770980902,0.0
385,0.0,0.0,0.0,0.0,0.0,-211762.0,0.8740709699632134,0.0
386,0.0,0.0,0.0,0.0,0.0,-215826.0,0.6855467859422788,0.0
387,0.0,0.0,0.0,0.0,0.0,-218444.0,0.4952689846395515,0.0
388,0.0,0.0,0.0,0.0,0.0,-218280.0,0.02253485840628855,0.0
389,0.0,0.0,0.0,0.0,0.0,-219844.0,0.010700236860429868,0.0
390,0.0,0.0,0.0,0.0,0.0,-223173.0,0.5062041055934969,0.0
391,0.0,0.0,0.0,0.0,0.0,-223971.0,0.9668913316272665,0.0
392,0.0,0.0,0.0,0.0,0.0,-227296.0,0.9820628678135108,0.0
393,0.0,0.0,0.0,0.0,0.0,-229725.0,0.16478621459100395,0.0
394,0.0,0.0,0.0,0.0,0.0,-228658.0,0.741330284072319,0.0
395,0.0,0.0,0.0,0.0,0.0,-230318.0,0.15222203519078903,0.0
396,0.0,0.0,0.0,0.0,0.0,-230734.0,0.4974918068619445,0.0
397,0.0,0.0,0.0,0.0,0.0,-232582.0,0.14846962847514078,0.0
398,0.0,0.0,0.0,0.0,0.0,-236371.0,0.33027268562000245,0.0
399,0.0,0.0,0.0,0.0,0.0,-238624.0,0.25595712635549717,0.0
400,0.0,0.0,0.0,0.0,0.0,-238229.0,0.9355818595504388,0.0
401,0.0,0.0,0.0,0.0,0.0,-240012.0,0.18817370137549005,0.0
402,0.0,0.0,0.0,0.0,0.0,-240167.0,0.35675854701548815,0.0
403,0.0,0.0,0.0,0.0,0.0,-242149.0,0.9726493225316517,0.0
404,0.0,0.0,0.0,0.0,0.0,-246310.0,0.21263704722514376,0.0
405,0.0,0.0,0.0,0.0,0.0,-247519.0,0.8681058799556922,0.0
406,0.0,0.0,0.0,0.0,0.0,-250577.0,0.8359395831066649,0.0
407,0.0,0.0,0.0,0.0,0.0,-255533.0,0.19544559152564034,0.0
408,0.0,0.0,0.0,0.0,0.0,-258669.0,0.6990658384747803,0.0
409,0.0,0.0,0.0,0.0,0.0,-259901.0,0.38279049628181383,0.0
410,0.0,0.0,0.0,0.0,0.0,-259968.0,0.9019827849697322,0.0
411,0.0,0.0,0.0,0.0,0.0,-261287.0,0.2759488616429735,0.0
412,0.0,0.0,0.0,0.0,0.0,-264711.0,0.8296877809916623,0.0
413,0.0,0.0,0.0,0.0,0.0,-267191.0,0.8421864972333424,0.0
414,0.0,0.0,0.0,0.0,0.0,-267012.0,0.34816692455206066,0.0
415,0.0,0.0,0.0,0.0,0.0,-268386.0,0.5286417040042579,0.0
416,0.0,0.0,0.0,0.0,0.0,-268853.0,0.7443946403218433,0.0
417,0.0,0.0,0.0,0.0,0.0,-266598.0,0.3524760174914263,0.0
418,0.0,0.0,0.0,0.0,0.0,-266960.0,0.5122581603354774,0.0
419,0.0,0.0,0.0,0.0,0.0,-266243.0,0.5557518096757121,0.0
420,0.0,0.0,0.0,0.0,0.0,-267301.0,0.9013513750978746,0.0
421,0.0,0.0,0.0,0.0,0.0,-266534.0,0.22138986934442073,0.0
422,0.0,0.0,0.0,0.0,0.0,-266456.0,0.12947074737166986,0.0
423,0.0,0.0,0.0,0.0,0.0,-270606.0,0.576439791591838,0.0
424,0.0,0.0,0.0,0.0,0.0,-271468.0,0.6696738848113455,0.0
425,0.0,0.0,0.0,0.0,0.0,-273379.0,0.9585012976895086,0.0
426,0.0,0.0,0.0,0.0,0.0,-278392.0,0.735816950793378,0.0
427,0.0,0.0,0.0,0.0,0.0,-280160.0,0.6061583569971845,0.0
428,0.0,0.0,0.0,0.0,0.0,-283886.0,0.6770837568328716,0.0
429,0.0,0.0,0.0,0.0,0.0,-289507.0,0.488285742350854,0.0
430,0.0,0.0,0.0,0.0,0.0,-293152.0,0.017360416590236127,0.0
431,0.0,0.0,0.0,0.0,0.0,-297114.0,0.20260668563423678,0.0
432,0.0,0.0,0.0,0.0,0.0,-298863.0,0.1496514079044573,0.0
433,0.0,0.0,0.0,0.0,0.0,-302602.0,0.13231785641983151,0.0
434,0.0,0.0,0.0,0.0,0.0,-303841.0,0.8932629044284113,0.0
435,0.0,0.0,0.0,0.0,0.0,-306776.0,0.21148082480067387,0.0
436,0.0,0.0,0.0,0.0,0.0,-313037.0,0.1960613281116821,0.0
437,0.0,0.0,0.0,0.0,0.0,-315409.0,0.2698100181296468,0.0
438,0.0,0.0,0.0,0.0,0.0,-319692.0,0.3583625850151293,0.0
439,0.0,0.0,0.0,0.0,0.0,-321609.0,0.47869020322104916,0.0
440,0.0,0.0,0.0,0.0,0.0,-322461.0,0.29244625725550577,0.0
441,0.0,0.0,0.0,0.0,0.0,-325445.0,0.9992688514757901,0.0
442,0.0,0.0,0.0,0.0,0.0,-325872.0,0.0160049632540904,0.0
443,0.0,0.0,0.0,0.0,0.0,-328981.0,0.2104374329210259,0.0
444,0.0,0.0,0.0,0.0,0.0,-329534.0,0.6184435162576847,0.0
445,0.0,0.0,0.0,0.0,0.0,-327534.0,0.2542665360379033,0.0
446,0.0,0.0,0.0,0.0,0.0,-328460.0,0.5285446812631562,0.0
447,0.0,0.0,0.0,0.0,0.0,-332480.0,0.9937321668840013,0.0
448,0.0,0.0,0.0,0.0,0.0,-333983.0,0.742648312007077,0.0
449,0.0,0.0,0.0,0.0,0.0,-337845.0,0.4780796017148532,0.0
450,0.0,0.0,0.0,0.0,0.0,-339690.0,0.4963508775108494,0.0
451,0.0,0.0,0.0,0.0,0.0,-338014.0,0.1712828284362331,0.0
452,0.0,0.0,0.0,0.0,0.0,-339628.0,0.996450008242391,0.0
453,0.0,0.0,0.0,0.0,0.0,-344607.0,0.04753876809263602,0.0
454,0.0,0.0,0.0,0.0,0.0,-347407.0,0.2983945232699625,0.0
455,0.0,0.0,0.0,0.0,0.0,-353118.0,0.17163856368279085,0.0
456,0.0,0.0,0.0,0.0,0.0,-355647.0,0.3031071822042577,0.0
457,0.0,0.0,0.0,0.0,0.0,-356151.0,0.7835026538232341,0.0
458,0.0,0.0,0.0,0.0,0.0,-359142.0,0.24516877281712368,0.0
459,0.0,0.0,0.0,0.0,0.0,-364780.0,0.06903673679335043,0.0
460,0.0,0.0,0.0,0.0,0.0,-367182.0,0.7226663399487734,0.0
461,0.0,0.0,0.0,0.0,0.0,-372449.0,0.2742015193798579,0.0
462,0.0,0.0,0.0,0.0,0.0,-374474.0,0.47001100826309994,0.0
463,0.0,0.0,0.0,0.0,0.0,-379056.0,0.08850827935384586,0.0
464,0.0,0.0,0.0,0.0,0.0,-385317.0,0.29003668879158795,0.0
465,0.0,0.0,0.0,0.0,0.0,-394845.0,0.1454120806301944,0.0
466,0.0,0.0,0.0,0.0,0.0,-400470.0,0.1897561439545825,0.0
467,0.0,0.0,0.0,0.0,0.0,-407057.0,0.29760103893931955,0.0
468,0.0,0.0,0.0,0.0,0.0,-417147.0,0.2244569308240898,0.0
469,0.0,0.0,0.0,0.0,0.0,-421984.0,0.563939219689928,0.0
470,0.0,0.0,0.0,0.0,0.0,-430530.0,0.34885732020484284,0.0
471,0.0,0.0,0.0,0.0,0.0,-435917.0,0.676605710585136,0.0
472,0.0,0.0,0.0,0.0,0.0,-437027.0,0.03289953508647159,0.0
473,0.0,0.0,0.0,0.0,0.0,-442825.0,0.7984916644054465,0.0
474,0.0,0.0,0.0,0.0,0.0,-444538.0,0.9574463252793066,0.0
475,0.0,0.0,0.0,0.0,0.0,-450211.0,0.9081606192048639,0.0
476,0.0,0.0,0.0,0.0,0.0,-460155.0,0.6844490672228858,0.0
477,0.0,0.0,0.0,0.0,0.0,-466734.0,0.18104404024779797,0.0
478,0.0,0.0,0.0,0.0,0.0,-469777.0,0.2703582791145891,0.0
479,0.0,0.0,0.0,0.0,0.0,-476917.0,0.40301287663169205,0.0
480,0.0,0.0,0.0,0.0,0.0,-480554.0,0.18254369735950604,0.0
481,0.0,0.0,0.0,0.0,0.0,-479629.0,0.06474700273247436,0.0
482,0.0,0.0,0.0,0.0,0.0,-481434.0,0.7065055060083978,0.0
483,0.0,0.0,0.0,0.0,0.0,-488408.0,0.8699594748322852,0.0
484,0.0,0.0,0.0,0.0,0.0,-489275.0,0.873613927338738,0.0
485,0.0,0.0,0.0,0.0,0.0,-495423.0,0.17163003771565855,0.0
486,0.0,0.0,0.0,0.0,0.0,-497810.0,0.5331874623079784,0.0
487,0.0,0.0,0.0,0.0,0.0,-503308.0,0.47021936520468444,0.0
488,0.0,0.0,0.0,0.0,0.0,-504258.0,0.28781033417908475,0.0
489,0.0,0.0,0.0,0.0,0.0,-509567.0,0.06287706061266363,0.0
490,0.0,0.0,0.0,0.0,0.0,-511924.0,0.3872378199012019,0.0
491,0.0,0.0,0.0,0.0,0.0,-509253.0,0.28627863875590265,0.0
492,0.0,0.0,0.0,0.0,0.0,-511582.0,0.6061561938840896,0.0
493,0.0,0.0,0.0,0.0,0.0,-510682.0,0.3260085535584949,0.0
494,0.0,0.0,0.0,0.0,0.0,-507530.0,0.657134217384737,0.0
495,0.0,0.0,0.0,0.0,0.0,-502476.0,0.3871512379264459,0.0
496,0.0,0.0,0.0,0.0,0.0,-500987.0,0.9135803777026013,0.0
497,0.0,0.0,0.0,0.0,0.0,-498390.0,0.7332039012107998,0.0
498,0.0,0.0,0.0,0.0,0.0,-499348.0,0.9385291995131411,0.0
499,0.0,0.0,0.0,0.0,0.0,-504401.0,0.8810942457639612,0.0
500,0.0,0.0,0.0,0.0,0.0,-515351.0,0.8418099476257339,0.0
501,0.0,0.0,0.0,0.0,0.0,-521384.0,0.6365298414020799,0.0
502,0.0,0.0,0.0,0.0,0.0,-522280.0,0.4192808272782713,0.0
503,0.0,0.0,0.0,0.0,0.0,-525853.0,0.0890212202211842,0.0
504,0.0,0.0,0.0,0.0,0.0,-532177.0,0.5291549388784915,0.0
505,0.0,0.0,0.0,0.0,0.0,-535946.0,0.418901669443585,0.0
506,0.0,0.0,0.0,0.0,0.0,-533069.0,0.30843845498748124,0.0
507,0.0,0.0,0.0,0.0,0.0,-534439.0,0.2997902213828638,0.0
508,0.0,0.0,0.0,0.0,0.0,-542196.0,0.9079635230591521,0.0
509,0.0,0.0,0.0,0.0,0.0,-544825.0,0.9670738964341581,0.0
510,0.0,0.0,0.0,0.0,0.0,-541647.0,0.8145102089038119,0.0
511,0.0,0.0,0.0,0.0,0.0,-543166.0,0.38447343721054494,0.0
512,0.0,0.0,0.0,0.0,0.0,-540368.0,0.7101125831250101,0.0
513,0.0,0.0,0.0,0.0,0.0,-534713.0,0.8618080533342436,0.0
514,0.0,0.0,0.0,0.0,0.0,-535415.0,0.655232738237828,0.0
515,0.0,0.0,0.0,0.0,0.0,-536291.0,0.013406153535470366,0.0
516,0.0,0.0,0.0,0.0,0.0,-539021.0,0.3072002395056188,0.0
517,0.0,0.0,0.0,0.0,0.0,-550935.0,0.43164927780162543,0.0
518,0.0,0.0,0.0,0.0,0.0,-555287.0,0.92446167266462,0.0
519,0.0,0.0,0.0,0.0,0.0,-564110.0,0.7067746637621894,0.0
520,0.0,0.0,0.0,0.0,0.0,-570116.0,0.345822797389701,0.0
521,0.0,0.0,0.0,0.0,0.0,-571082.0,0.9879971953341737,0.0
522,0.0,0.0,0.0,0.0,0.0,-576714.0,0.20086243364494294,0.0
523,0.0,0.0,0.0,0.0,0.0,-579017.0,0.5862279875436798,0.0
524,0.0,0.0,0.0,0.0,0.0,-584120.0,0.5574885169044137,0.0
525,0.0,0.0,0.0,0.0,0.0,-587858.0,0.199080913211219,0.0
526,0.0,0.0,0.0,0.0,0.0,-583900.0,0.6081439080880955,0.0
527,0.0,0.0,0.0,0.0,0.0,-585502.0,0.6993161296704784,0.0
528,0.0,0.0,0.0,0.0,0.0,-585511.0,0.9787957307416946,0.0
529,0.0,0.0,0.0,0.0,0.0,-588189.0,0.691326119704172,0.0
530,0.0,0.0,0.0,0.0,0.0,-598804.0,0.8861833560513332,0.0
531,0.0,0.0,0.0,0.0,0.0,-600576.0,0.38969674799591303,0.0
532,0.0,0.0,0.0,0.0,0.0,-607705.0,0.7755600406089798,0.0
533,0.0,0.0,0.0,0.0,0.0,-608547.0,0.9644214811269194,0.0
534,0.0,0.0,0.0,0.0,0.0,-608211.0,0.4759862822247669,0.0
535,0.0,0.0,0.0,0.0,0.0,-600740.0,0.43276741972658783,0.0
536,0.0,0.0,0.0,0.0,0.0,-599659.0,0.3593545809853822,0.0
537,0.0,0.0,0.0,0.0,0.0,-600226.0,0.1876972714671865,0.0
538,0.0,0.0,0.0,0.0,0.0,-603017.0,0.8756075362907723,0.0
539,0.0,0.0,0.0,0.0,0.0,-612109.0,0.7392476114910096,0.0
540,0.0,0.0,0.0,0.0,0.0,-619632.0,0.695663338759914,0.0
541,0.0,0.0,0.0,0.0,0.0,-618863.0,0.022426522220484912,0.0
542,0.0,0.0,0.0,0.0,0.0,-622386.0,0.17979421373456717,0.0
543,0.0,0.0,0.0,0.0,0.0,-629658.0,0.6623054230585694,0.0
544,0.0,0.0,0.0,0.0,0.0,-639650.0,0.9656449233880267,0.0
545,0.0,0.0,0.0,0.0,0.0,-645920.0,0.704080881900154,0.0
546,0.0,0.0,0.0,0.0,0.0,-654510.0,0.7300478664692491,0.0
547,0.0,0.0,0.0,0.0,0.0,-668081.0,0.05023604002781212,0.0
548,0.0,0.0,0.0,0.0,0.0,-677478.0,0.4754105528118089,0.0
549,0.0,0.0,0.0,0.0,0.0,-688778.0,0.9586736038327217,0.0
550,0.0,0.0,0.0,0.0,0.0,-703769.0,0.08555850118864328,0.0
551,0.0,0.0,0.0,0.0,0.0,-709993.0,0.039327698410488665,0.0
552,0.0,0.0,0.0,0.0,0.0,-718851.0,0.43614521506242454,0.0
553,0.0,0.0,0.0,0.0,0.0,-734990.0,0.8728546570055187,0.0
554,0.0,0.0,0.0,0.0,0.0,-745772.0,0.22484120377339423,0.0
555,0.0,0.0,0.0,0.0,0.0,-749601.0,0.27903821552172303,0.0
556,0.0,0.0,0.0,0.0,0.0,-758195.0,0.19554915686603636,0.0
557,0.0,0.0,0.0,0.0,0.0,-765743.0,0.32345699111465365,0.0
558,0.0,0.0,0.0,0.0,0.0,-764288.0,0.7190330291632563,0.0
559,0.0,0.0,0.0,0.0,0.0,-770897.0,0.37283322075381875,0.0
560,0.0,0.0,0.0,0.0,0.0,-776856.0,0.8285280466079712,0.0
561,0.0,0.0,0.0,0.0,0.0,-784368.0,0.5314604672603309,0.0
562,0.0,0.0,0.0,0.0,0.0,-800004.0,0.7137267387006432,0.0
563,0.0,0.0,0.0,0.0,0.0,-811127.0,0.17874154751189053,0.0
564,0.0,0.0,0.0,0.0,0.0,-811896.0,0.6562515979167074,0.0
565,0.0,0.0,0.0,0.0,0.0,-822034.0,0.9733019333798438,0.0
566,0.0,0.0,0.0,0.0,0.0,-825416.0,0.4930323369335383,0.0
567,0.0,0.0,0.0,0.0,0.0,-822513.0,0.31520376342814416,0.0
568,0.0,0.0,0.0,0.0,0.0,-827637.0,0.3184796328423545,0.0
569,0.0,0.0,0.0,0.0,0.0,-828063.0,0.10304804018232971,0.0
570,0.0,0.0,0.0,0.0,0.0,-822608.0,0.8694369641598314,0.0
571,0.0,0.0,0.0,0.0,0.0,-824960.0,0.6484517648350447,0.0
572,0.0,0.0,0.0,0.0,0.0,-818223.0,0.5119954907568172,0.0
573,0.0,0.0,0.0,0.0,0.0,-818678.0,0.8939724225783721,0.0
574,0.0,0.0,0.0,0.0,0.0,-829190.0,0.876731353928335,0.0
575,0.0,0.0,0.0,0.0,0.0,-832383.0,0.27920188126154244,0.0
576,0.0,0.0,0.0,0.0,0.0,-826832.0,0.48996788810472935,0.0
577,0.0,0.0,0.0,0.0,0.0,-822558.0,0.31107866822276264,0.0
578,0.0,0.0,0.0,0.0,0.0,-810489.0,0.13391348125878721,0.0
579,0.0,0.0,0.0,0.0,0.0,-804606.0,0.030473570805042982,0.0
580,0.0,0.0,0.0,0.0,0.0,-797947.0,0.09788237849716097,0.0
581,0.0,0.0,0.0,0.0,0.0,-797076.0,0.16536716488189995,0.0
582,0.0,0.0,0.0,0.0,0.0,-804624.0,0.49495091033168137,0.0
583,0.0,0.0,0.0,0.0,0.0,-806323.0,0.9914018893614411,0.0
584,0.0,0.0,0.0,0.0,0.0,-810654.0,0.6389574505155906,0.0
585,0.0,0.0,0.0,0.0,0.0,-824534.0,0.6966329248389229,0.0
586,0.0,0.0,0.0,0.0,0.0,-830077.0,0.012093232129700482,0.0
587,0.0,0.0,0.0,0.0,0.0,-843915.0,0.7664795257151127,0.0
588,0.0,0.0,0.0,0.0,0.0,-847845.0,0.13530554808676243,0.0
589,0.0,0.0,0.0,0.0,0.0,-860533.0,0.051947421045042574,0.0
590,0.0,0.0,0.0,0.0,0.0,-870887.0,0.7028251534793526,0.0
591,0.0,0.0,0.0,0.0,0.0,-882738.0,0.46699780912604183,0.0
592,0.0,0.0,0.0,0.0,0.0,-901355.0,0.19020940351765603,0.0
593,0.0,0.0,0.0,0.0,0.0,-907959.0,0.01563608890864998,0.0
594,0.0,0.0,0.0,0.0,0.0,-919939.0,0.4053950969828293,0.0
595,0.0,0.0,0.0,0.0,0.0,-924096.0,0.23947956634219736,0.0
596,0.0,0.0,0.0,0.0,0.0,-934395.0,0.31497783144004643,0.0
597,0.0,0.0,0.0,0.0,0.0,-939131.0,0.3530559039209038,0.0
598,0.0,0.0,0.0,0.0,0.0,-937662.0,0.8109948810888454,0.0
599,0.0,0.0,0.0,0.0,0.0,-940477.0,0.3316601262195036,0.0
600,0.0,0.0,0.0,0.0,0.0,-940388.0,0.0747408001916483,0.0
601,0.0,0.0,0.0,0.0,0.0,-944280.0,0.21749814902432263,0.0
602,0.0,0.0,0.0,0.0,0.0,-956847.0,0.786833472084254,0.0
603,0.0,0.0,0.0,0.0,0.0,-965643.0,0.935532538453117,0.0
604,0.0,0.0,0.0,0.0,0.0,-975346.0,0.4536304206121713,0.0
605,0.0,0.0,0.0,0.0,0.0,-981648.0,0.3819054540945217,0.0
606,0.0,0.0,0.0,0.0,0.0,-994296.0,0.9881386096822098,0.0
607,0.0,0.0,0.0,0.0,0.0,-997171.0,0.45586557942442596,0.0
608,0.0,0.0,0.0,0.0,0.0,-999825.0,0.12442553055007011,0.0
609,0.0,0.0,0.0,0.0,0.0,-1003696.0,0.33229829370975494,0.0
610,0.0,0.0,0.0,0.0,0.0,-1011748.0,0.39837442710995674,0.0
611,0.0,0.0,0.0,0.0,0.0,-1032278.0,0.049042411730624735,0.0
612,0.0,0.0,0.0,0.0,0.0,-1038441.0,0.07989361218642443,0.0
613,0.0,0.0,0.0,0.0,0.0,-1056451.0,0.3425950782839209,0.0
614,0.0,0.0,0.0,0.0,0.0,-1063263.0,0.7116547517944127,0.0
615,0.0,0.0,0.0,0.0,0.0,-1061209.0,0.8951177466660738,0.0
616,0.0,0.0,0.0,0.0,0.0,-1064723.0,0.7018987582996488,0.0
617,0.0,0.0,0.0,0.0,0.0,-1063953.0,0.09247420495375991,0.0
618,0.0,0.0,0.0,0.0,0.0,-1069344.0,0.5952178894076496,0.0
619,0.0,0.0,0.0,0.0,0.0,-1081502.0,0.39094146341085434,0.0
620,0.0,0.0,0.0,0.0,0.0,-1087428.0,0.16241805767640471,0.0
621,0.0,0.0,0.0,0.0,0.0,-1095102.0,0.8157441555522382,0.0
622,0.0,0.0,0.0,0.0,0.0,-1109746.0,0.00706458929926157,0.0
623,0.0,0.0,0.0,0.0,0.0,-1116519.0,0.453679223312065,0.0
624,0.0,0.0,0.0,0.0,0.0,-1125938.0,0.943816632963717,0.0
625,0.0,0.0,0.0,0.0,0.0,-1145791.0,0.3525475913193077,0.0
626,0.0,0.0,0.0,0.0,0.0,-1155375.0,0.5554553254041821,0.0
627,0.0,0.0,0.0,0.0,0.0,-1171643.0,0.9082361490000039,0.0
628,0.0,0.0,0.0,0.0,0.0,-1189266.0,0.25515281804837286,0.0
629,0.0,0.0,0.0,0.0,0.0,-1198648.0,0.9229937470518053,0.0
630,0.0,0.0,0.0,0.0,0.0,-1213794.0,0.27163562295027077,0.0
631,0.0,0.0,0.0,0.0,0.0,-1223015.0,0.8015541289933026,0.0
632,0.0,0.0,0.0,0.0,0.0,-1224659.0,0.048717113211750984,0.0
633,0.0,0.0,0.0,0.0,0.0,-1233485.0,0.8463528924621642,0.0
634,0.0,0.0,0.0,0.0,0.0,-1234862.0,0.9102020491845906,0.0
635,0.0,0.0,0.0,0.0,0.0,-1245428.0,0.13671316532418132,0.0
636,0.0,0.0,0.0,0.0,0.0,-1250457.0,0.44406240223906934,0.0
637,0.0,0.0,0.0,0.0,0.0,-1245781.0,0.17038989951834083,0.0
638,0.0,0.0,0.0,0.0,0.0,-1248511.0,0.1655652525369078,0.0
639,0.0,0.0,0.0,0.0,0.0,-1239918.0,0.10148117458447814,0.0
640,0.0,0.0,0.0,0.0,0.0,-1246791.0,0.0962397800758481,0.0
641,0.0,0.0,0.0,0.0,0.0,-1263067.0,0.11919337534345686,0.0
642,0.0,0.0,0.0,0.0,0.0,-1264417.0,0.42154719727113843,0.0
643,0.0,0.0,0.0,0.0,0.0,-1278296.0,0.3377024226356298,0.0
644,0.0,0.0,0.0,0.0,0.0,-1276987.0,0.05536795314401388,0.0
645,0.0,0.0,0.0,0.0,0.0,-1284852.0,0.32751650433056056,0.0
646,0.0,0.0,0.0,0.0,0.0,-1300252.0,0.38745711161755025,0.0
647,0.0,0.0,0.0,0.0,0.0,-1328782.0,0.33016698667779565,0.0
648,0.0,0.0,0.0,0.0,0.0,-1350196.0,0.4229638527613133,0.0
649,0.0,0.0,0.0,0.0,0.0,-1368512.0,0.7687559411861002,0.0
650,0.0,0.0,0.0,0.0,0.0,-1396390.0,0.8333265769761056,0.0
651,0.0,0.0,0.0,0.0,0.0,-1414781.0,0.43913253559730947,0.0
652,0.0,0.0,0.0,0.0,0.0,-1427369.0,0.7549696546047926,0.0
653,0.0,0.0,0.0,0.0,0.0,-1432679.0,0.09724837448447943,0.0
654,0.0,0.0,0.0,0.0,0.0,-1444125.0,0.22573186783120036,0.0
655,0.0,0.0,0.0,0.0,0.0,-1468297.0,0.6509185575414449,0.0
656,0.0,0.0,0.0,0.0,0.0,-1479461.0,0.9633464636281133,0.0
657,0.0,0.0,0.0,0.0,0.0,-1502920.0,0.7342951763421297,0.0
658,0.0,0.0,0.0,0.0,0.0,-1511935.0,0.4690046706236899,0.0
659,0.0,0.0,0.0,0.0,0.0,-1531825.0,0.16888556815683842,0.0
660,0.0,0.0,0.0,0.0,0.0,-1540652.0,0.3587533785030246,0.0
661,0.0,0.0,0.0,0.0,0.0,-1557086.0,0.677355624968186,0.0
662,0.0,0.0,0.0,0.0,0.0,-1579259.0,0.008697593118995428,0.0
663,0.0,0.0,0.0,0.0,0.0,-1614864.0,0.5412172954529524,0.0
664,0.0,0.0,0.0,0.0,0.0,-1629757.0,0.9260919508524239,0.0
665,0.0,0.0,0.0,0.0,0.0,-1625652.0,0.543589896755293,0.0
666,0.0,0.0,0.0,0.0,0.0,-1635333.0,0.9459349131211638,0.0
667,0.0,0.0,0.0,0.0,0.0,-1639464.0,0.04671049467287958,0.0
668,0.0,0.0,0.0,0.0,0.0,-1633245.0,0.5307577205821872,0.0
669,0.0,0.0,0.0,0.0,0.0,-1641811.0,0.1579745023045689,0.0
670,0.0,0.0,0.0,0.0,0.0,-1643760.0,0.5619338760152459,0.0
671,0.0,0.0,0.0,0.0,0.0,-1654607.0,0.10944368341006339,0.0
672,0.0,0.0,0.0,0.0,0.0,-1659935.0,0.7184867809992284,0.0
673,0.0,0.0,0.0,0.0,0.0,-1652189.0,0.6248241036664695,0.0
674,0.0,0.0,0.0,0.0,0.0,-1654495.0,0.8758272437844425,0.0
675,0.0,0.0,0.0,0.0,0.0,-1670134.0,0.37213370273821056,0.0
676,0.0,0.0,0.0,0.0,0.0,-1678514.0,0.8756292955949903,0.0
677,0.0,0.0,0.0,0.0,0.0,-1693892.0,0.0864475704729557,0.0
678,0.0,0.0,0.0,0.0,0.0,-1722428.0,0.8806916386820376,0.0
679,0.0,0.0,0.0,0.0,0.0,-1741413.0,0.1436951677314937,0.0
680,0.0,0.0,0.0,0.0,0.0,-1764342.0,0.5292110717855394,0.0
681,0.0,0.0,0.0,0.0,0.0,-1771829.0,0.046735087875276804,0.0
682,0.0,0.0,0.0,0.0,0.0,-1793263.0,0.6029519126750529,0.0
683,0.0,0.0,0.0,0.0,0.0,-1801207.0,0.03868332924321294,0.0
684,0.0,0.0,0.0,0.0,0.0,-1815733.0,0.303089878289029,0.0
685,0.0,0.0,0.0,0.0,0.0,-1817564.0,0.14443864580243826,0.0
686,0.0,0.0,0.0,0.0,0.0,-1831852.0,0.5493252617307007,0.0
687,0.0,0.0,0.0,0.0,0.0,-1838705.0,0.24481952120549977,0.0
688,0.0,0.0,0.0,0.0,0.0,-1832421.0,0.2983310667332262,0.0
689,0.0,0.0,0.0,0.0,0.0,-1838350.0,0.7164674259256572,0.0
690,0.0,0.0,0.0,0.0,0.0,-1864578.0,0.0508680148050189,0.0
691,0.0,0.0,0.0,0.0,0.0,-1871186.0,0.171492007561028,0.0
692,0.0,0.0,0.0,0.0,0.0,-1899195.0,0.8111541448161006,0.0
693,0.0,0.0,0.0,0.0,0.0,-1908450.0,0.39117926731705666,0.0
694,0.0,0.0,0.0,0.0,0.0,-1925676.0,0.6963560050353408,0.0
695,0.0,0.0,0.0,0.0,0.0,-1962618.0,0.6870945461560041,0.0
696,0.0,0.0,0.0,0.0,0.0,-1979356.0,0.03721402701921761,0.0
697,0.0,0.0,0.0,0.0,0.0,-2004907.0,0.49482324556447566,0.0
698,0.0,0.0,0.0,0.0,0.0,-2044051.0,0.621734962798655,0.0
699,0.0,0.0,0.0,0.0,0.0,-2069466.0,0.7720765941776335,0.0
700,0.0,0.0,0.0,0.0,0.0,-2071309.0,0.4000056367367506,0.0
701,0.0,0.0,0.0,0.0,0.0,-2094018.0,0.9835613139439374,0.0
702,0.0,0.0,0.0,0.0,0.0,-2136387.0,0.4727475307881832,0.0
703,0.0,0.0,0.0,0.0,0.0,-2157151.0,0.7906628120690584,0.0
704,0.0,0.0,0.0,0.0,0.0,-2186828.0,0.9616736988537014,0.0
705,0.0,0.0,0.0,0.0,0.0,-2229871.0,0.5456908321939409,0.0
706,0.0,0.0,0.0,0.0,0.0,-2256941.0,0.7587827271781862,0.0
707,0.0,0.0,0.0,0.0,0.0,-2265036.0,0.3665899336338043,0.0
708,0.0,0.0,0.0,0.0,0.0,-2290324.0,0.20739094726741314,0.0
709,0.0,0.0,0.0,0.0,0.0,-2332310.0,0.6999059398658574,0.0
710,0.0,0.0,0.0,0.0,0.0,-2357308.0,0.9945149589329958,0.0
711,0.0,0.0,0.0,0.0,0.0,-2404271.0,0.33572081243619323,0.0
712,0.0,0.0,0.0,0.0,0.0,-2448774.0,0.023405161686241627,0.0
713,0.0,0.0,0.0,0.0,0.0,-2475571.0,0.8616232122294605,0.0
714,0.0,0.0,0.0,0.0,0.0,-2506090.0,3.5987887531518936E-4,0.0
715,0.0,0.0,0.0,0.0,0.0,-2526086.0,0.5599145935848355,0.0
716,0.0,0.0,0.0,0.0,0.0,-2557173.0,0.49217894161120057,0.0
717,0.0,0.0,0.0,0.0,0.0,-2567336.0,0.4554697466082871,0.0
718,0.0,0.0,0.0,0.0,0.0,-2563689.0,0.7193424687720835,0.0
719,0.0,0.0,0.0,0.0,0.0,-2543091.0,0.767429331317544,0.0
720,0.0,0.0,0.0,0.0,0.0,-2549476.0,0.861889645922929,0.0
721,0.0,0.0,0.0,0.0,0.0,-2585803.0,0.484529169742018,0.0
722,0.0,0.0,0.0,0.0,0.0,-2638012.0,0.9824910322204232,0.0
723,0.0,0.0,0.0,0.0,0.0,-2683100.0,0.7428648662753403,0.0
724,0.0,0.0,0.0,0.0,0.0,-2695569.0,0.7620488507673144,0.0
725,0.0,0.0,0.0,0.0,0.0,-2726943.0,0.9386524730361998,0.0
726,0.0,0.0,0.0,0.0,0.0,-2778647.0,0.7937955935485661,0.0
727,0.0,0.0,0.0,0.0,0.0,-2827946.0,0.05995121784508228,0.0
728,0.0,0.0,0.0,0.0,0.0,-2858681.0,0.9083013734780252,0.0
729,0.0,0.0,0.0,0.0,0.0,-2913337.0,0.9704627455212176,0.0
730,0.0,0.0,0.0,0.0,0.0,-2948237.0,0.06309068715199828,0.0
731,0.0,0.0,0.0,0.0,0.0,-2960201.0,0.24048769613727927,0.0
732,0.0,0.0,0.0,0.0,0.0,-3001876.0,0.8100365679711103,0.0
733,0.0,0.0,0.0,0.0,0.0,-3021944.0,0.1492184796370566,0.0
734,0.0,0.0,0.0,0.0,0.0,-3048668.0,0.6480723693966866,0.0
735,0.0,0.0,0.0,0.0,0.0,-3110759.0,0.6379991555586457,0.0
736,0.0,0.0,0.0,0.0,0.0,-3145159.0,0.21854247665032744,0.0
737,0.0,0.0,0.0,0.0,0.0,-3159173.0,0.9089957298710942,0.0
738,0.0,0.0,0.0,0.0,0.0,-3157601.0,0.4916884722188115,0.0
739,0.0,0.0,0.0,0.0,0.0,-3173471.0,0.4892240590415895,0.0
740,0.0,0.0,0.0,0.0,0.0,-3178969.0,0.6857462432235479,0.0
741,0.0,0.0,0.0,0.0,0.0,-3153574.0,0.23575265472754836,0.0
742,0.0,0.0,0.0,0.0,0.0,-3174483.0,0.4476073100231588,0.0
743,0.0,0.0,0.0,0.0,0.0,-3172773.0,0.5288773509673774,0.0
744,0.0,0.0,0.0,0.0,0.0,-3192090.0,0.6954464674927294,0.0
745,0.0,0.0,0.0,0.0,0.0,-3221616.0,0.6301472992636263,0.0
746,0.0,0.0,0.0,0.0,0.0,-3233736.0,0.583083891775459,0.0
747,0.0,0.0,0.0,0.0,0.0,-3273817.0,0.716035617981106,0.0
748,0.0,0.0,0.0,0.0,0.0,-3294205.0,0.4695950038731098,0.0
749,0.0,0.0,0.0,0.0,0.0,-3330540.0,0.5238399389199913,0.0
750,0.0,0.0,0.0,0.0,0.0,-3361629.0,0.10393569804728031,0.0
751,0.0,0.0,0.0,0.0,0.0,-3358255.0,0.6723146950826049,0.0
752,0.0,0.0,0.0,0.0,0.0,-3394564.0,0.3642668002285063,0.0
753,0.0,0.0,0.0,0.0,0.0,-3413137.0,0.230248698964715,0.0
754,0.0,0.0,0.0,0.0,0.0,-3447483.0,0.8313519638031721,0.0
755,0.0,0.0,0.0,0.0,0.0,-3505243.0,0.42543493676930666,0.0
756,0.0,0.0,0.0,0.0,0.0,-3528058.0,0.5024242079816759,0.0
757,0.0,0.0,0.0,0.0,0.0,-3573097.0,0.8023453489877284,0.0
758,0.0,0.0,0.0,0.0,0.0,-3592120.0,0.2552289026789367,0.0
759,0.0,0.0,0.0,0.0,0.0,-3632791.0,0.02479957789182663,0.0
760,0.0,0.0,0.0,0.0,0.0,-3700063.0,0.9752807742916048,0.0
761,0.0,0.0,0.0,0.0,0.0,-3748450.0,0.5669113346375525,0.0
762,0.0,0.0,0.0,0.0,0.0,-3784647.0,0.8789514331147075,0.0
763,0.0,0.0,0.0,0.0,0.0,-3800529.0,0.2933857371099293,0.0
764,0.0,0.0,0.0,0.0,0.0,-3774323.0,0.9778997534886003,0.0
765,0.0,0.0,0.0,0.0,0.0,-3776543.0,0.5745936464518309,0.0
766,0.0,0.0,0.0,0.0,0.0,-3760723.0,0.13557796878740191,0.0
767,0.0,0.0,0.0,0.0,0.0,-3761794.0,0.5038956203497946,0.0
768,0.0,0.0,0.0,0.0,0.0,-3799085.0,0.7220214931294322,0.0
769,0.0,0.0,0.0,0.0,0.0,-3813111.0,0.5265164813026786,0.0
770,0.0,0.0,0.0,0.0,0.0,-3809061.0,0.2706664693541825,0.0
771,0.0,0.0,0.0,0.0,0.0,-3844388.0,0.43440896458923817,0.0
772,0.0,0.0,0.0,0.0,0.0,-3856450.0,0.5860174181871116,0.0
773,0.0,0.0,0.0,0.0,0.0,-3859099.0,0.30351011035963893,0.0
774,0.0,0.0,0.0,0.0,0.0,-3877486.0,0.7340811295434833,0.0
775,0.0,0.0,0.0,0.0,0.0,-3928318.0,0.20768222957849503,0.0
776,0.0,0.0,0.0,0.0,0.0,-3957259.0,0.9563149139285088,0.0
777,0.0,0.0,0.0,0.0,0.0,-3958258.0,0.8807383291423321,0.0
778,0.0,0.0,0.0,0.0,0.0,-3984055.0,0.11829629587009549,0.0
779,0.0,0.0,0.0,0.0,0.0,-4006166.0,0.587143995333463,0.0
780,0.0,0.0,0.0,0.0,0.0,-3987179.0,0.8816134235821664,0.0
781,0.0,0.0,0.0,0.0,0.0,-4008823.0,0.07876431103795767,0.0
782,0.0,0.0,0.0,0.0,0.0,-4003156.0,0.8397707338444889,0.0
783,0.0,0.0,0.0,0.0,0.0,-4033539.0,0.5180376754142344,0.0
784,0.0,0.0,0.0,0.0,0.0,-4077864.0,0.5248578879982233,0.0
785,0.0,0.0,0.0,0.0,0.0,-4092206.0,0.9221342750824988,0.0
786,0.0,0.0,0.0,0.0,0.0,-4136326.0,0.026415308006107807,0.0
787,0.0,0.0,0.0,0.0,0.0,-4134029.0,0.9439418106339872,0.0
788,0.0,0.0,0.0,0.0,0.0,-4164211.0,0.9801975013688207,0.0
789,0.0,0.0,0.0,0.0,0.0,-4168688.0,0.7568654087372124,0.0
790,0.0,0.0,0.0,0.0,0.0,-4195287.0,0.15667715668678284,0.0
791,0.0,0.0,0.0,0.0,0.0,-4197108.0,0.4117821045219898,0.0
792,0.0,0.0,0.0,0.0,0.0,-4233713.0,0.9231154406443238,0.0
793,0.0,0.0,0.0,0.0,0.0,-4257314.0,0.5211936729028821,0.0
794,0.0,0.0,0.0,0.0,0.0,-4298524.0,0.04410943388938904,0.0
795,0.0,0.0,0.0,0.0,0.0,-4375577.0,0.36330847814679146,0.0
796,0.0,0.0,0.0,0.0,0.0,-4409109.0,0.8607894349843264,0.0
797,0.0,0.0,0.0,0.0,0.0,-4432563.0,0.764888477511704,0.0
798,0.0,0.0,0.0,0.0,0.0,-4410544.0,0.011914042755961418,0.0
799,0.0,0.0,0.0,0.0,0.0,-4448973.0,0.35835184808820486,0.0
800,0.0,0.0,0.0,0.0,0.0,-4442819.0,0.9633238026872277,0.0
801,0.0,0.0,0.0,0.0,0.0,-4478495.0,0.8568538390100002,0.0
802,0.0,0.0,0.0,0.0,0.0,-4483412.0,0.444435128942132,0.0
803,0.0,0.0,0.0,0.0,0.0,-4454086.0,0.4741789195686579,0.0
804,0.0,0.0,0.0,0.0,0.0,-4456625.0,0.8105204245075583,0.0
805,0.0,0.0,0.0,0.0,0.0,-4441105.0,0.7491782046854496,0.0
806,0.0,0.0,0.0,0.0,0.0,-4455526.0,0.5868982020765543,0.0
807,0.0,0.0,0.0,0.0,0.0,-4492689.0,0.28668052051216364,0.0
808,0.0,0.0,0.0,0.0,0.0,-4499616.0,0.839252888225019,0.0
809,0.0,0.0,0.0,0.0,0.0,-4481263.0,0.6119873998686671,0.0
810,0.0,0.0,0.0,0.0,0.0,-4460098.0,0.3378690369427204,0.0
811,0.0,0.0,0.0,0.0,0.0,-4435561.0,0.5417000539600849,0.0
812,0.0,0.0,0.0,0.0,0.0,-4443126.0,0.3742037136107683,0.0
813,0.0,0.0,0.0,0.0,0.0,-4497956.0,0.84781354945153,0.0
814,0.0,0.0,0.0,0.0,0.0,-4568006.0,0.9519001459702849,0.0
815,0.0,0.0,0.0,0.0,0.0,-4588671.0,0.3282159250229597,0.0
816,0.0,0.0,0.0,0.0,0.0,-4585756.0,0.9525187136605382,0.0
817,0.0,0.0,0.0,0.0,0.0,-4597632.0,0.0774449510499835,0.0
818,0.0,0.0,0.0,0.0,0.0,-4645293.0,0.841517430730164,0.0
819,0.0,0.0,0.0,0.0,0.0,-4658062.0,0.22420497331768274,0.0
820,0.0,0.0,0.0,0.0,0.0,-4630697.0,0.1715589864179492,0.0
821,0.0,0.0,0.0,0.0,0.0,-4636439.0,0.024190722033381462,0.0
822,0.0,0.0,0.0,0.0,0.0,-4696508.0,0.6952228024601936,0.0
823,0.0,0.0,0.0,0.0,0.0,-4704487.0,0.44102256931364536,0.0
824,0.0,0.0,0.0,0.0,0.0,-4750661.0,0.7225838657468557,0.0
825,0.0,0.0,0.0,0.0,0.0,-4778319.0,0.5099900867789984,0.0
826,0.0,0.0,0.0,0.0,0.0,-4837086.0,0.15012274775654078,0.0
827,0.0,0.0,0.0,0.0,0.0,-4846250.0,0.35487427096813917,0.0
828,0.0,0.0,0.0,0.0,0.0,-4894651.0,0.09000009298324585,0.0
829,0.0,0.0,0.0,0.0,0.0,-4887550.0,0.4074101345613599,0.0
830,0.0,0.0,0.0,0.0,0.0,-4908826.0,0.13340273313224316,0.0
831,0.0,0.0,0.0,0.0,0.0,-4899123.0,0.4461066210642457,0.0
832,0.0,0.0,0.0,0.0,0.0,-4927222.0,0.25541813112795353,0.0
833,0.0,0.0,0.0,0.0,0.0,-4915799.0,0.9542368520051241,0.0
834,0.0,0.0,0.0,0.0,0.0,-4939293.0,0.7676349114626646,0.0
835,0.0,0.0,0.0,0.0,0.0,-4986144.0,0.9945798208937049,0.0
836,0.0,0.0,0.0,0.0,0.0,-5083737.0,0.1025414178147912,0.0
837,0.0,0.0,0.0,0.0,0.0,-5116125.0,0.707464961335063,0.0
838,0.0,0.0,0.0,0.0,0.0,-5181479.0,0.3548668706789613,0.0
839,0.0,0.0,0.0,0.0,0.0,-5206796.0,0.17975060548633337,0.0
840,0.0,0.0,0.0,0.0,0.0,-5253152.0,0.5260597290471196,0.0
841,0.0,0.0,0.0,0.0,0.0,-5270416.0,0.2919528530910611,0.0
842,0.0,0.0,0.0,0.0,0.0,-5261068.0,0.9670614935457706,0.0
843,0.0,0.0,0.0,0.0,0.0,-5276976.0,0.5641148108989,0.0
844,0.0,0.0,0.0,0.0,0.0,-5341096.0,0.9630060214549303,0.0
845,0.0,0.0,0.0,0.0,0.0,-5368676.0,0.4195495918393135,0.0
846,0.0,0.0,0.0,0.0,0.0,-5345000.0,0.21926686819642782,0.0
847,0.0,0.0,0.0,0.0,0.0,-5358585.0,0.19037872832268476,0.0
848,0.0,0.0,0.0,0.0,0.0,-5418855.0,0.38932547345757484,0.0
849,0.0,0.0,0.0,0.0,0.0,-5522042.0,0.3976027863100171,0.0
850,0.0,0.0,0.0,0.0,0.0,-5564420.0,0.29601838905364275,0.0
851,0.0,0.0,0.0,0.0,0.0,-5644755.0,0.8222942370921373,0.0
852,0.0,0.0,0.0,0.0,0.0,-5673875.0,0.07469203229993582,0.0
853,0.0,0.0,0.0,0.0,0.0,-5683820.0,0.4496108004823327,0.0
854,0.0,0.0,0.0,0.0,0.0,-5720730.0,0.9039838928729296,0.0
855,0.0,0.0,0.0,0.0,0.0,-5815177.0,0.42614230047911406,0.0
856,0.0,0.0,0.0,0.0,0.0,-5863255.0,0.20626288373023272,0.0
857,0.0,0.0,0.0,0.0,0.0,-5936683.0,0.9716965891420841,0.0
858,0.0,0.0,0.0,0.0,0.0,-5988316.0,0.2234863042831421,0.0
859,0.0,0.0,0.0,0.0,0.0,-5992174.0,0.6188602987676859,0.0
860,0.0,0.0,0.0,0.0,0.0,-6036469.0,0.5866573201492429,0.0
861,0.0,0.0,0.0,0.0,0.0,-6047099.0,0.2152848681434989,0.0
862,0.0,0.0,0.0,0.0,0.0,-6040634.0,0.5609830245375633,0.0
863,0.0,0.0,0.0,0.0,0.0,-6055730.0,0.5040244925767183,0.0
864,0.0,0.0,0.0,0.0,0.0,-6118059.0,0.4943466931581497,0.0
865,0.0,0.0,0.0,0.0,0.0,-6142722.0,0.7648578807711601,0.0
866,0.0,0.0,0.0,0.0,0.0,-6206598.0,0.7983304718509316,0.0
867,0.0,0.0,0.0,0.0,0.0,-6228485.0,0.08526632376015186,0.0
868,0.0,0.0,0.0,0.0,0.0,-6194129.0,0.6194911692291498,0.0
869,0.0,0.0,0.0,0.0,0.0,-6244425.0,0.04534884821623564,0.0
870,0.0,0.0,0.0,0.0,0.0,-6246607.0,0.2894957847893238,0.0
871,0.0,0.0,0.0,0.0,0.0,-6273659.0,0.7298504123464227,0.0
872,0.0,0.0,0.0,0.0,0.0,-6376517.0,0.8781411107629538,0.0
873,0.0,0.0,0.0,0.0,0.0,-6432364.0,0.5182696003466845,0.0
874,0.0,0.0,0.0,0.0,0.0,-6502934.0,0.74952482432127,0.0
875,0.0,0.0,0.0,0.0,0.0,-6660866.0,0.39164646062999964,0.0
876,0.0,0.0,0.0,0.0,0.0,-6750937.0,0.9486896628513932,0.0
877,0.0,0.0,0.0,0.0,0.0,-6878024.0,0.36972693260759115,0.0
878,0.0,0.0,0.0,0.0,0.0,-6961353.0,0.5918773375451565,0.0
879,0.0,0.0,0.0,0.0,0.0,-6988678.0,0.20149144530296326,0.0
880,0.0,0.0,0.0,0.0,0.0,-7036935.0,0.186751420609653,0.0
881,0.0,0.0,0.0,0.0,0.0,-7149017.0,0.9224680466577411,0.0
882,0.0,0.0,0.0,0.0,0.0,-7219520.0,0.11067827325314283,0.0
883,0.0,0.0,0.0,0.0,0.0,-7302303.0,0.5313354963436723,0.0
884,0.0,0.0,0.0,0.0,0.0,-7341336.0,0.8339821882545948,0.0
885,0.0,0.0,0.0,0.0,0.0,-7333404.0,0.24310691934078932,0.0
886,0.0,0.0,0.0,0.0,0.0,-7371021.0,0.5517817987129092,0.0
887,0.0,0.0,0.0,0.0,0.0,-7481803.0,0.1947669479995966,0.0
888,0.0,0.0,0.0,0.0,0.0,-7546794.0,0.7577569037675858,0.0
889,0.0,0.0,0.0,0.0,0.0,-7538049.0,0.09945530164986849,0.0
890,0.0,0.0,0.0,0.0,0.0,-7619043.0,0.9345976123586297,0.0
891,0.0,0.0,0.0,0.0,0.0,-7748119.0,0.30215740855783224,0.0
892,0.0,0.0,0.0,0.0,0.0,-7834069.0,0.9254706017673016,0.0
893,0.0,0.0,0.0,0.0,0.0,-7965991.0,0.30044863000512123,0.0
894,0.0,0.0,0.0,0.0,0.0,-8080420.0,0.949278206564486,0.0
895,0.0,0.0,0.0,0.0,0.0,-8117135.0,0.048091684468090534,0.0
896,0.0,0.0,0.0,0.0,0.0,-8211266.0,0.004785526543855667,0.0
897,0.0,0.0,0.0,0.0,0.0,-8241615.0,0.49171492736786604,0.0
898,0.0,0.0,0.0,0.0,0.0,-8227623.0,0.16757272835820913,0.0
899,0.0,0.0,0.0,0.0,0.0,-8280594.0,0.11775911971926689,0.0
900,0.0,0.0,0.0,0.0,0.0,-8389679.0,0.625063106417656,0.0
901,0.0,0.0,0.0,0.0,0.0,-8434648.0,0.6902988608926535,0.0
902,0.0,0.0,0.0,0.0,0.0,-8435678.0,0.12357551045715809,0.0
903,0.0,0.0,0.0,0.0,0.0,-8483286.0,0.4980067629367113,0.0
904,0.0,0.0,0.0,0.0,0.0,-8573855.0,0.2323462888598442,0.0
905,0.0,0.0,0.0,0.0,0.0,-8640088.0,0.5981649160385132,0.0
906,0.0,0.0,0.0,0.0,0.0,-8663633.0,0.6143284793943167,0.0
907,0.0,0.0,0.0,0.0,0.0,-8747607.0,0.7991428002715111,0.0
908,0.0,0.0,0.0,0.0,0.0,-8798013.0,0.6601519752293825,0.0
909,0.0,0.0,0.0,0.0,0.0,-8876331.0,0.4221513085067272,0.0
910,0.0,0.0,0.0,0.0,0.0,-8938175.0,0.040831176564097404,0.0
911,0.0,0.0,0.0,0.0,0.0,-8922455.0,0.44179181195795536,0.0
912,0.0,0.0,0.0,0.0,0.0,-8999846.0,0.43939273431897163,0.0
913,0.0,0.0,0.0,0.0,0.0,-8999090.0,0.4577350281178951,0.0
914,0.0,0.0,0.0,0.0,0.0,-9056650.0,0.45986893959343433,0.0
915,0.0,0.0,0.0,0.0,0.0,-9103130.0,0.6805893965065479,0.0
916,0.0,0.0,0.0,0.0,0.0,-9183486.0,0.004774520173668861,0.0
917,0.0,0.0,0.0,0.0,0.0,-9240959.0,0.7673018854111433,0.0
918,0.0,0.0,0.0,0.0,0.0,-9335488.0,0.9007043223828077,0.0
919,0.0,0.0,0.0,0.0,0.0,-9381345.0,0.3892751205712557,0.0
920,0.0,0.0,0.0,0.0,0.0,-9485493.0,0.22408144176006317,0.0
921,0.0,0.0,0.0,0.0,0.0,-9634002.0,0.19552059657871723,0.0
922,0.0,0.0,0.0,0.0,0.0,-9719334.0,0.9241686277091503,0.0
923,0.0,0.0,0.0,0.0,0.0,-9720672.0,0.36625771783292294,0.0
924,0.0,0.0,0.0,0.0,0.0,-9833546.0,0.758764224126935,0.0
925,0.0,0.0,0.0,0.0,0.0,-9849566.0,0.788593290373683,0.0
926,0.0,0.0,0.0,0.0,0.0,-9949757.0,0.14210536889731884,0.0
927,0.0,0.0,0.0,0.0,0.0,-9947114.0,0.9120018407702446,0.0
928,0.0,0.0,0.0,0.0,0.0,-9988062.0,0.40966263599693775,0.0
929,0.0,0.0,0.0,0.0,0.0,-1.0080031E7,0.4743940606713295,0.0
930,0.0,0.0,0.0,0.0,0.0,-1.0091515E7,0.010015401989221573,0.0
931,0.0,0.0,0.0,0.0,0.0,-1.0051121E7,0.5913072358816862,0.0
932,0.0,0.0,0.0,0.0,0.0,-1.0082039E7,0.6462858039885759,0.0
933,0.0,0.0,0.0,0.0,0.0,-1.0162136E7,0.812308182939887,0.0
934,0.0,0.0,0.0,0.0,0.0,-1.0154798E7,0.8332308307290077,0.0
935,0.0,0.0,0.0,0.0,0.0,-1.0122816E7,0.8804396484047174,0.0
936,0.0,0.0,0.0,0.0,0.0,-1.0038437E7,0.5955178644508123,0.0
937,0.0,0.0,0.0,0.0,0.0,-1.010123E7,0.25575675442814827,0.0
938,0.0,0.0,0.0,0.0,0.0,-1.0206706E7,0.03560020215809345,0.0
939,0.0,0.0,0.0,0.0,0.0,-1.0392401E7,0.7314423527568579,0.0
940,0.0,0.0,0.0,0.0,0.0,-1.0485251E7,0.8724127318710089,0.0
941,0.0,0.0,0.0,0.0,0.0,-1.0615596E7,0.07258019782602787,0.0
942,0.0,0.0,0.0,0.0,0.0,-1.0793841E7,0.7614658828824759,0.0
943,0.0,0.0,0.0,0.0,0.0,-1.0925805E7,0.49222297593951225,0.0
944,0.0,0.0,0.0,0.0,0.0,-1.0987359E7,0.32420507445931435,0.0
945,0.0,0.0,0.0,0.0,0.0,-1.1080767E7,0.9093893840909004,0.0
946,0.0,0.0,0.0,0.0,0.0,-1.1268229E7,0.45964256674051285,0.0
947,0.0,0.0,0.0,0.0,0.0,-1.1311906E7,0.4021661151200533,0.0
948,0.0,0.0,0.0,0.0,0.0,-1.1444267E7,0.3709820378571749,0.0
949,0.0,0.0,0.0,0.0,0.0,-1.1534373E7,0.32927910797297955,0.0
950,0.0,0.0,0.0,0.0,0.0,-1.1641013E7,0.031203193590044975,0.0
951,0.0,0.0,0.0,0.0,0.0,-1.1879548E7,0.8766724411398172,0.0
952,0.0,0.0,0.0,0.0,0.0,-1.2012535E7,0.8378759156912565,0.0
953,0.0,0.0,0.0,0.0,0.0,-1.2192625E7,0.10383998230099678,0.0
954,0.0,0.0,0.0,0.0,0.0,-1.2369699E7,0.19682691991329193,0.0
955,0.0,0.0,0.0,0.0,0.0,-1.2453066E7,0.9594741631299257,0.0
956,0.0,0.0,0.0,0.0,0.0,-1.2640801E7,0.0468408428132534,0.0
957,0.0,0.0,0.0,0.0,0.0,-1.2806028E7,0.9922487847507,0.0
958,0.0,0.0,0.0,0.0,0.0,-1.2813362E7,0.30656364373862743,0.0
959,0.0,0.0,0.0,0.0,0.0,-1.294187E7,0.41456276923418045,0.0
960,0.0,0.0,0.0,0.0,0.0,-1.2976809E7,0.046307334676384926,0.0
961,0.0,0.0,0.0,0.0,0.0,-1.2893862E7,0.0013151653110980988,0.0
962,0.0,0.0,0.0,0.0,0.0,-1.2891433E7,0.41737148724496365,0.0
963,0.0,0.0,0.0,0.0,0.0,-1.2825615E7,0.1502234824001789,0.0
964,0.0,0.0,0.0,0.0,0.0,-1.2898975E7,0.29031128250062466,0.0
965,0.0,0.0,0.0,0.0,0.0,-1.3019323E7,0.29257334023714066,0.0
966,0.0,0.0,0.0,0.0,0.0,-1.3069495E7,0.9089540205895901,0.0
967,0.0,0.0,0.0,0.0,0.0,-1.2978383E7,0.18813076987862587,0.0
968,0.0,0.0,0.0,0.0,0.0,-1.2991953E7,0.15703720226883888,0.0
969,0.0,0.0,0.0,0.0,0.0,-1.2968076E7,0.9252611640840769,0.0
970,0.0,0.0,0.0,0.0,0.0,-1.2811517E7,0.8772259224206209,0.0
971,0.0,0.0,0.0,0.0,0.0,-1.2778582E7,0.3231056109070778,0.0
972,0.0,0.0,0.0,0.0,0.0,-1.2709723E7,0.09547273628413677,0.0
973,0.0,0.0,0.0,0.0,0.0,-1.2727305E7,0.004069825634360313,0.0
974,0.0,0.0,0.0,0.0,0.0,-1.2828825E7,0.23613051138818264,0.0
975,0.0,0.0,0.0,0.0,0.0,-1.2952967E7,0.756605226546526,0.0
976,0.0,0.0,0.0,0.0,0.0,-1.2905538E7,0.2738437782973051,0.0
977,0.0,0.0,0.0,0.0,0.0,-1.2880025E7,0.6242664232850075,0.0
978,0.0,0.0,0.0,0.0,0.0,-1.3014491E7,0.6785574406385422,0.0
979,0.0,0.0,0.0,0.0,0.0,-1.3143653E7,0.3555693905800581,0.0
980,0.0,0.0,0.0,0.0,0.0,-1.321379E7,0.46216173470020294,0.0
981,0.0,0.0,0.0,0.0,0.0,-1.3331817E7,0.8747922386974096,0.0
982,0.0,0.0,0.0,0.0,0.0,-1.355214E7,0.002739742398262024,0.0
983,0.0,0.0,0.0,0.0,0.0,-1.3703388E7,0.5910656340420246,0.0
984,0.0,0.0,0.0,0.0,0.0,-1.3759264E7,0.31842304579913616,0.0
985,0.0,0.0,0.0,0.0,0.0,-1.3861103E7,0.6821310073137283,0.0
986,0.0,0.0,0.0,0.0,0.0,-1.4028725E7,0.9488444216549397,0.0
987,0.0,0.0,0.0,0.0,0.0,-1.4296214E7,0.12865710444748402,0.0
988,0.0,0.0,0.0,0.0,0.0,-1.4505906E7,0.17366734519600868,0.0
989,0.0,0.0,0.0,0.0,0.0,-1.4673363E7,0.7768725957721472,0.0
990,0.0,0.0,0.0,0.0,0.0,-1.4700915E7,0.5850159805268049,0.0
991,0.0,0.0,0.0,0.0,0.0,-1.4830055E7,0.4014247599989176,0.0
992,0.0,0.0,0.0,0.0,0.0,-1.4855619E7,0.3498870376497507,0.0
993,0.0,0.0,0.0,0.0,0.0,-1.4958644E7,0.936407906934619,0.0
994,0.0,0.0,0.0,0.0,0.0,-1.5189209E7,0.252780769020319,0.0
995,0.0,0.0,0.0,0.0,0.0,-1.5320435E7,0.9663123190402985,0.0
996,0.0,0.0,0.0,0.0,0.0,-1.5496081E7,0.7688171695917845,0.0
997,0.0,0.0,0.0,0.0,0.0,-1.5651965E7,0.0771974716335535,0.0
998,0.0,0.0,0.0,0.0,0.0,-1.5670971E7,0.07517854496836662,0.0
999,0.0,0.0,0.0,0.0,0.0,-1.5858634E7,0.05371064879000187,0.0
1000,0.0,0.0,0.0,0.0,0.0,-1.5982885E7,0.2128929290920496,0.0
