1,20.0,20.0,20.0,20.0,20.0,20.0,20.0,20.0,20.0,20.0
2,0.0,0.0,20.0,20.0,20.0,20.0,40.0,40.0,20.0,20.0
3,7.0,0.0,20.0,20.0,20.0,20.0,27.0,40.0,40.0,22.0
4,58.0,33.0,20.0,40.0,20.0,20.0,20.0,61.0,20.0,16.0
5,20.0,0.0,0.0,0.0,37.0,53.0,0.0,5.0,0.0,0.0
6,0.0,0.0,34.0,0.0,20.0,0.0,114.0,0.0,0.0,0.0
7,110.0,0.0,0.0,13.0,0.0,0.0,120.0,95.0,0.0,0.0
8,39.0,0.0,0.0,56.0,0.0,0.0,0.0,27.0,0.0,0.0
9,79.0,0.0,0.0,0.0,0.0,22.0,0.0,112.0,0.0,0.0
10,24.0,0.0,0.0,0.0,0.0,145.0,0.0,42.0,67.0,0.0
11,0.0,0.0,13.0,81.0,31.0,0.0,22.0,3.0,0.0,15.0
12,7.0,0.0,24.0,65.0,0.0,0.0,0.0,43.0,88.0,87.0
13,82.0,0.0,0.0,14.0,81.0,0.0,0.0,0.0,91.0,0.0
14,21.0,84.0,0.0,39.0,0.0,0.0,25.0,0.0,65.0,69.0
15,28.0,0.0,127.0,0.0,10.0,0.0,6.0,111.0,74.0,0.0
16,0.0,0.0,13.0,0.0,38.0,0.0,0.0,72.0,37.0,0.0
17,0.0,9.0,55.0,84.0,0.0,0.0,0.0,0.0,164.0,62.0
18,13.0,0.0,53.0,56.0,0.0,0.0,9.0,50.0,61.0,81.0
19,0.0,0.0,154.0,24.0,0.0,0.0,51.0,49.0,8.0,90.0
20,46.0,0.0,161.0,46.0,37.0,0.0,0.0,58.0,54.0,0.0
21,0.0,18.0,92.0,0.0,25.0,0.0,13.0,78.0,70.0,0.0
22,22.0,0.0,0.0,5.0,0.0,0.0,75.0,77.0,45.0,0.0
23,0.0,0.0,0.0,90.0,119.0,0.0,0.0,31.0,0.0,0.0
24,22.0,25.0,0.0,28.0,165.0,27.0,1.0,7.0,0.0,0.0
25,0.0,0.0,29.0,0.0,0.0,0.0,36.0,0.0,0.0,0.0
26,8.0,0.0,0.0,0.0,0.0,144.0,0.0,0.0,0.0,0.0
27,0.0,51.0,0.0,0.0,98.0,77.0,0.0,0.0,0.0,0.0
28,0.0,0.0,0.0,0.0,0.0,65.0,0.0,0.0,0.0,0.0
29,61.0,0.0,0.0,19.0,5.0,100.0,0.0,46.0,0.0,0.0
30,5.0,0.0,0.0,0.0,110.0,32.0,23.0,40.0,0.0,76.0
31,0.0,0.0,0.0,4.0,15.0,69.0,21.0,0.0,0.0,0.0
32,178.0,0.0,0.0,0.0,0.0,89.0,0.0,0.0,104.0,0.0
33,133.0,0.0,0.0,18.0,61.0,54.0,0.0,0.0,0.0,0.0
34,53.0,0.0,101.0,87.0,0.0,62.0,0.0,0.0,0.0,0.0
35,52.0,85.0,90.0,98.0,0.0,31.0,0.0,0.0,0.0,0.0
36,0.0,113.0,56.0,0.0,0.0,103.0,0.0,57.0,0.0,0.0
37,0.0,0.0,136.0,29.0,0.0,118.0,116.0,19.0,0.0,0.0
38,24.0,14.0,89.0,0.0,0.0,104.0,137.0,0.0,0.0,0.0
39,102.0,49.0,58.0,0.0,91.0,95.0,16.0,60.0,0.0,22.0
40,0.0,121.0,33.0,0.0,44.0,75.0,0.0,60.0,0.0,37.0
41,0.0,29.0,13.0,0.0,0.0,44.0,2.0,60.0,0.0,34.0
42,0.0,0.0,31.0,52.0,32.0,40.0,0.0,20.0,32.0,52.0
43,0.0,54.0,0.0,23.0,0.0,0.0,0.0,0.0,0.0,74.0
44,0.0,12.0,40.0,9.0,0.0,0.0,0.0,0.0,45.0,143.0
45,0.0,49.0,0.0,0.0,0.0,0.0,0.0,0.0,0.0,166.0
46,0.0,37.0,19.0,0.0,0.0,0.0,0.0,0.0,3.0,45.0
47,0.0,0.0,5.0,103.0,0.0,0.0,0.0,4.0,0.0,135.0
48,8.0,0.0,17.0,99.0,0.0,0.0,46.0,0.0,0.0,0.0
49,0.0,290.0,0.0,0.0,0.0,0.0,0.0,0.0,11.0,74.0
50,0.0,51.0,0.0,51.0,72.0,9.0,18.0,13.0,0.0,46.0
51,0.0,150.0,0.0,61.0,0.0,0.0,0.0,0.0,74.0,0.0
52,0.0,97.0,0.0,0.0,1.0,0.0,17.0,28.0,47.0,69.0
53,54.0,76.0,10.0,0.0,79.0,44.0,0.0,45.0,0.0,0.0
54,63.0,18.0,44.0,0.0,62.0,5.0,0.0,21.0,0.0,0.0
55,0.0,150.0,0.0,0.0,51.0,0.0,0.0,0.0,0.0,4.0
56,59.0,80.0,0.0,8.0,48.0,0.0,0.0,0.0,44.0,0.0
57,0.0,60.0,0.0,21.0,40.0,34.0,0.0,0.0,0.0,91.0
58,0.0,126.0,24.0,0.0,0.0,0.0,0.0,0.0,0.0,31.0
59,0.0,102.0,22.0,0.0,0.0,60.0,58.0,0.0,0.0,37.0
60,50.0,33.0,29.0,0.0,0.0,60.0,0.0,0.0,1.0,56.0
61,0.0,0.0,0.0,0.0,0.0,37.0,0.0,0.0,0.0,116.0
62,70.0,0.0,24.0,0.0,0.0,0.0,0.0,0.0,11.0,28.0
63,0.0,0.0,12.0,59.0,0.0,0.0,54.0,0.0,0.0,13.0
64,0.0,1.0,19.0,89.0,0.0,0.0,16.0,0.0,0.0,31.0
65,0.0,0.0,0.0,47.0,0.0,0.0,91.0,0.0,3.0,0.0
66,0.0,0.0,0.0,0.0,0.0,0.0,106.0,0.0,0.0,55.0
67,0.0,0.0,28.0,82.0,82.0,0.0,0.0,78.0,0.0,0.0
68,0.0,0.0,0.0,110.0,0.0,0.0,3.0,0.0,0.0,45.0
69,0.0,43.0,0.0,105.0,0.0,0.0,42.0,0.0,0.0,0.0
70,0.0,0.0,6.0,46.0,0.0,0.0,0.0,2.0,49.0,44.0
71,0.0,60.0,16.0,39.0,0.0,0.0,0.0,0.0,0.0,48.0
72,0.0,0.0,43.0,37.0,0.0,0.0,78.0,0.0,0.0,82.0
73,29.0,0.0,43.0,33.0,0.0,0.0,39.0,12.0,0.0,97.0
74,0.0,42.0,4.0,0.0,0.0,0.0,146.0,0.0,0.0,86.0
75,15.0,0.0,0.0,0.0,105.0,0.0,66.0,26.0,0.0,86.0
76,11.0,0.0,0.0,0.0,24.0,0.0,0.0,30.0,143.0,40.0
77,93.0,31.0,0.0,0.0,0.0,0.0,75.0,13.0,0.0,0.0
78,25.0,7.0,0.0,0.0,0.0,0.0,0.0,16.0,69.0,0.0
79,11.0,103.0,0.0,0.0,0.0,0.0,76.0,0.0,61.0,0.0
80,17.0,0.0,0.0,68.0,77.0,1.0,0.0,14.0,65.0,0.0
81,0.0,44.0,0.0,0.0,0.0,0.0,0.0,0.0,67.0,8.0
82,22.0,0.0,0.0,0.0,20.0,48.0,0.0,0.0,0.0,0.0
83,46.0,134.0,0.0,0.0,0.0,38.0,0.0,9.0,6.0,0.0
84,0.0,106.0,0.0,0.0,0.0,0.0,0.0,0.0,13.0,0.0
85,0.0,140.0,0.0,0.0,0.0,0.0,0.0,0.0,0.0,0.0
86,39.0,88.0,0.0,0.0,6.0,0.0,0.0,0.0,0.0,0.0
87,44.0,48.0,4.0,0.0,35.0,0.0,0.0,11.0,9.0,60.0
88,0.0,11.0,28.0,0.0,0.0,49.0,0.0,0.0,0.0,5.0
89,41.0,0.0,37.0,0.0,32.0,0.0,0.0,0.0,0.0,0.0
90,0.0,29.0,52.0,0.0,0.0,23.0,0.0,41.0,1.0,55.0
91,12.0,0.0,10.0,43.0,3.0,0.0,0.0,4.0,47.0,0.0
92,44.0,0.0,0.0,68.0,50.0,23.0,0.0,47.0,0.0,0.0
93,55.0,0.0,0.0,20.0,0.0,0.0,0.0,0.0,112.0,73.0
94,0.0,0.0,0.0,68.0,0.0,0.0,0.0,0.0,68.0,60.0
95,140.0,0.0,0.0,38.0,40.0,0.0,0.0,0.0,13.0,8.0
96,46.0,2.0,0.0,0.0,53.0,3.0,0.0,0.0,45.0,0.0
97,0.0,0.0,55.0,32.0,0.0,0.0,0.0,20.0,73.0,0.0
98,0.0,31.0,22.0,0.0,0.0,0.0,0.0,0.0,119.0,0.0
99,0.0,0.0,0.0,0.0,0.0,0.0,62.0,27.0,48.0,0.0
100,0.0,57.0,0.0,44.0,29.0,0.0,31.0,19.0,68.0,55.0
101,0.0,103.0,10.0,6.0,0.0,0.0,16.0,0.0,38.0,3.0
102,62.0,68.0,0.0,0.0,0.0,0.0,0.0,0.0,0.0,0.0
103,41.0,51.0,0.0,0.0,93.0,20.0,0.0,42.0,0.0,0.0
104,0.0,161.0,0.0,0.0,44.0,0.0,0.0,0.0,0.0,0.0
105,0.0,131.0,0.0,0.0,121.0,29.0,0.0,0.0,0.0,0.0
106,0.0,0.0,0.0,0.0,0.0,0.0,0.0,0.0,0.0,0.0
107,19.0,0.0,0.0,0.0,16.0,0.0,0.0,56.0,0.0,0.0
108,20.0,0.0,0.0,0.0,57.0,0.0,0.0,0.0,0.0,0.0
109,0.0,0.0,0.0,0.0,0.0,5.0,0.0,10.0,0.0,7.0
110,9.0,0.0,20.0,11.0,83.0,0.0,0.0,0.0,0.0,16.0
111,0.0,0.0,42.0,0.0,99.0,0.0,0.0,0.0,0.0,0.0
112,0.0,0.0,39.0,0.0,181.0,0.0,12.0,0.0,0.0,0.0
113,0.0,0.0,0.0,0.0,160.0,10.0,0.0,27.0,0.0,0.0
114,0.0,0.0,0.0,46.0,0.0,42.0,0.0,0.0,47.0,0.0
115,0.0,0.0,53.0,0.0,0.0,46.0,0.0,36.0,66.0,0.0
116,0.0,0.0,0.0,0.0,0.0,0.0,140.0,37.0,0.0,0.0
117,0.0,0.0,0.0,48.0,0.0,24.0,0.0,38.0,55.0,0.0
118,0.0,5.0,0.0,36.0,0.0,41.0,0.0,32.0,14.0,68.0
119,0.0,0.0,28.0,0.0,17.0,60.0,43.0,0.0,0.0,0.0
120,136.0,57.0,0.0,41.0,0.0,41.0,0.0,53.0,0.0,0.0
121,106.0,0.0,47.0,0.0,0.0,37.0,0.0,15.0,0.0,27.0
122,44.0,1.0,16.0,0.0,0.0,61.0,40.0,0.0,15.0,0.0
123,4.0,11.0,23.0,0.0,0.0,44.0,49.0,60.0,67.0,0.0
124,0.0,45.0,45.0,32.0,0.0,0.0,0.0,54.0,52.0,0.0
125,0.0,0.0,41.0,0.0,0.0,60.0,3.0,35.0,47.0,37.0
126,0.0,0.0,0.0,0.0,0.0,66.0,0.0,32.0,50.0,0.0
127,74.0,0.0,44.0,0.0,25.0,0.0,13.0,5.0,57.0,13.0
128,0.0,0.0,0.0,18.0,120.0,0.0,0.0,7.0,0.0,44.0
129,0.0,122.0,60.0,0.0,0.0,0.0,0.0,0.0,0.0,0.0
130,15.0,38.0,32.0,47.0,30.0,0.0,0.0,49.0,10.0,0.0
131,95.0,0.0,46.0,0.0,0.0,0.0,0.0,0.0,10.0,0.0
132,24.0,40.0,15.0,0.0,0.0,0.0,194.0,0.0,0.0,0.0
133,24.0,0.0,25.0,0.0,155.0,67.0,6.0,0.0,15.0,0.0
134,0.0,117.0,27.0,1.0,84.0,12.0,0.0,0.0,0.0,0.0
135,21.0,94.0,30.0,0.0,5.0,15.0,6.0,19.0,0.0,0.0
136,0.0,95.0,0.0,0.0,0.0,0.0,183.0,1.0,0.0,0.0
137,0.0,0.0,0.0,38.0,55.0,0.0,81.0,0.0,0.0,0.0
138,0.0,11.0,0.0,24.0,0.0,0.0,151.0,0.0,0.0,12.0
139,0.0,144.0,4.0,15.0,16.0,0.0,0.0,0.0,3.0,5.0
140,0.0,127.0,0.0,0.0,113.0,0.0,70.0,0.0,0.0,0.0
141,0.0,0.0,0.0,0.0,89.0,0.0,189.0,0.0,0.0,0.0
142,0.0,0.0,0.0,22.0,0.0,0.0,62.0,0.0,0.0,0.0
143,0.0,0.0,0.0,34.0,105.0,0.0,32.0,0.0,0.0,37.0
144,0.0,0.0,0.0,0.0,0.0,0.0,253.0,0.0,6.0,0.0
145,0.0,0.0,0.0,0.0,0.0,0.0,79.0,29.0,0.0,0.0
146,0.0,0.0,0.0,0.0,0.0,0.0,82.0,0.0,0.0,0.0
147,0.0,0.0,0.0,0.0,0.0,0.0,97.0,0.0,0.0,0.0
148,0.0,0.0,0.0,0.0,46.0,0.0,0.0,0.0,0.0,0.0
149,0.0,0.0,0.0,1.0,0.0,0.0,0.0,43.0,0.0,0.0
150,0.0,0.0,0.0,9.0,79.0,0.0,94.0,0.0,0.0,0.0
151,0.0,0.0,0.0,0.0,58.0,35.0,45.0,0.0,0.0,0.0
152,0.0,0.0,14.0,66.0,0.0,0.0,0.0,0.0,7.0,37.0
153,11.0,0.0,0.0,66.0,32.0,1.0,154.0,0.0,0.0,29.0
154,56.0,0.0,35.0,66.0,0.0,0.0,0.0,0.0,72.0,21.0
155,78.0,0.0,16.0,64.0,11.0,0.0,0.0,0.0,62.0,0.0
156,78.0,0.0,0.0,49.0,0.0,0.0,141.0,0.0,34.0,0.0
157,39.0,0.0,0.0,0.0,0.0,0.0,185.0,0.0,24.0,0.0
158,49.0,106.0,11.0,0.0,142.0,0.0,0.0,5.0,0.0,0.0
159,62.0,4.0,0.0,0.0,70.0,4.0,0.0,21.0,0.0,58.0
160,62.0,68.0,0.0,0.0,5.0,0.0,0.0,84.0,0.0,47.0
161,62.0,0.0,0.0,0.0,37.0,53.0,33.0,73.0,0.0,0.0
162,29.0,27.0,0.0,0.0,8.0,15.0,0.0,0.0,0.0,50.0
163,0.0,73.0,0.0,49.0,81.0,11.0,4.0,0.0,0.0,48.0
164,47.0,111.0,0.0,30.0,33.0,21.0,145.0,73.0,0.0,0.0
165,0.0,39.0,0.0,0.0,45.0,53.0,0.0,57.0,0.0,0.0
166,0.0,0.0,61.0,0.0,0.0,0.0,132.0,0.0,0.0,0.0
167,0.0,70.0,0.0,0.0,83.0,0.0,0.0,0.0,0.0,12.0
168,33.0,0.0,0.0,0.0,0.0,0.0,97.0,0.0,0.0,0.0
169,0.0,0.0,0.0,0.0,29.0,15.0,0.0,47.0,0.0,0.0
170,0.0,71.0,0.0,0.0,0.0,0.0,0.0,46.0,0.0,67.0
171,0.0,26.0,0.0,37.0,21.0,0.0,78.0,0.0,0.0,56.0
172,0.0,0.0,15.0,0.0,59.0,38.0,0.0,53.0,0.0,0.0
173,19.0,0.0,97.0,0.0,44.0,20.0,151.0,0.0,0.0,0.0
174,3.0,0.0,93.0,0.0,0.0,0.0,95.0,0.0,0.0,15.0
175,11.0,76.0,59.0,0.0,0.0,73.0,48.0,0.0,0.0,0.0
176,47.0,76.0,0.0,15.0,0.0,0.0,144.0,25.0,0.0,0.0
177,60.0,54.0,28.0,0.0,0.0,0.0,0.0,0.0,68.0,4.0
178,60.0,5.0,13.0,0.0,16.0,0.0,276.0,0.0,0.0,0.0
179,0.0,0.0,0.0,0.0,0.0,0.0,140.0,0.0,12.0,0.0
180,0.0,0.0,64.0,0.0,42.0,0.0,108.0,0.0,0.0,47.0
181,28.0,0.0,59.0,0.0,0.0,0.0,167.0,43.0,19.0,0.0
182,22.0,0.0,0.0,0.0,21.0,0.0,0.0,0.0,57.0,80.0
183,47.0,70.0,0.0,0.0,0.0,0.0,6.0,0.0,85.0,80.0
184,37.0,28.0,0.0,0.0,0.0,0.0,349.0,0.0,92.0,80.0
185,0.0,0.0,0.0,0.0,114.0,0.0,0.0,4.0,50.0,11.0
186,0.0,56.0,0.0,36.0,0.0,0.0,72.0,8.0,0.0,4.0
187,0.0,0.0,0.0,0.0,37.0,0.0,244.0,0.0,8.0,0.0
188,21.0,0.0,0.0,0.0,63.0,0.0,12.0,59.0,4.0,0.0
189,7.0,0.0,0.0,83.0,1.0,0.0,0.0,0.0,0.0,0.0
190,8.0,0.0,0.0,0.0,86.0,2.0,60.0,0.0,66.0,0.0
191,0.0,0.0,0.0,0.0,0.0,0.0,351.0,0.0,59.0,0.0
192,4.0,0.0,0.0,0.0,0.0,0.0,199.0,0.0,59.0,0.0
193,38.0,80.0,0.0,2.0,0.0,7.0,174.0,1.0,0.0,0.0
194,71.0,45.0,88.0,12.0,15.0,25.0,0.0,0.0,0.0,0.0
195,53.0,0.0,20.0,0.0,0.0,0.0,295.0,0.0,0.0,0.0
196,56.0,22.0,30.0,12.0,13.0,49.0,31.0,0.0,54.0,0.0
197,0.0,26.0,0.0,0.0,27.0,51.0,0.0,0.0,0.0,0.0
198,0.0,9.0,0.0,100.0,13.0,31.0,104.0,0.0,0.0,6.0
199,0.0,0.0,0.0,0.0,0.0,4.0,244.0,11.0,0.0,0.0
200,0.0,0.0,47.0,27.0,12.0,23.0,0.0,60.0,0.0,49.0
201,0.0,30.0,0.0,0.0,0.0,0.0,381.0,0.0,0.0,0.0
202,0.0,70.0,17.0,1.0,0.0,0.0,0.0,56.0,0.0,31.0
203,0.0,49.0,56.0,0.0,0.0,0.0,299.0,69.0,0.0,0.0
204,26.0,66.0,15.0,96.0,90.0,0.0,22.0,0.0,77.0,53.0
205,0.0,74.0,0.0,95.0,0.0,0.0,68.0,0.0,3.0,85.0
206,0.0,0.0,0.0,59.0,37.0,35.0,14.0,0.0,0.0,0.0
207,0.0,0.0,43.0,63.0,97.0,0.0,0.0,0.0,62.0,59.0
208,11.0,0.0,56.0,0.0,34.0,0.0,47.0,0.0,0.0,0.0
209,9.0,61.0,56.0,14.0,0.0,44.0,0.0,0.0,30.0,42.0
210,0.0,0.0,63.0,0.0,0.0,0.0,353.0,0.0,64.0,30.0
211,9.0,0.0,0.0,0.0,0.0,0.0,458.0,0.0,0.0,0.0
212,0.0,0.0,0.0,78.0,0.0,34.0,419.0,0.0,0.0,0.0
213,0.0,0.0,0.0,0.0,0.0,16.0,243.0,0.0,0.0,0.0
214,0.0,0.0,0.0,0.0,0.0,0.0,378.0,0.0,0.0,0.0
215,0.0,0.0,46.0,0.0,0.0,0.0,297.0,0.0,48.0,0.0
216,0.0,0.0,0.0,13.0,0.0,0.0,120.0,0.0,0.0,48.0
217,0.0,0.0,0.0,0.0,0.0,0.0,27.0,0.0,0.0,0.0
218,0.0,0.0,0.0,0.0,0.0,0.0,0.0,0.0,67.0,0.0
219,0.0,0.0,6.0,0.0,0.0,133.0,0.0,0.0,9.0,0.0
220,0.0,0.0,31.0,0.0,0.0,76.0,0.0,0.0,0.0,0.0
221,56.0,92.0,0.0,0.0,0.0,0.0,164.0,79.0,0.0,0.0
222,0.0,74.0,0.0,0.0,0.0,29.0,22.0,0.0,28.0,10.0
223,62.0,16.0,0.0,0.0,2.0,47.0,193.0,0.0,0.0,17.0
224,68.0,20.0,73.0,0.0,21.0,53.0,189.0,0.0,5.0,0.0
225,0.0,0.0,42.0,0.0,30.0,28.0,0.0,0.0,29.0,53.0
226,0.0,58.0,0.0,17.0,0.0,50.0,0.0,0.0,0.0,0.0
227,0.0,56.0,0.0,80.0,17.0,46.0,41.0,0.0,0.0,0.0
228,0.0,0.0,0.0,0.0,0.0,0.0,0.0,0.0,0.0,0.0
229,0.0,0.0,0.0,5.0,0.0,41.0,385.0,0.0,0.0,0.0
230,0.0,53.0,0.0,0.0,0.0,0.0,240.0,14.0,0.0,0.0
231,32.0,60.0,0.0,0.0,51.0,67.0,38.0,0.0,41.0,0.0
232,34.0,0.0,23.0,58.0,0.0,12.0,241.0,0.0,0.0,0.0
233,0.0,0.0,59.0,0.0,5.0,0.0,0.0,32.0,64.0,80.0
234,23.0,0.0,0.0,0.0,0.0,38.0,236.0,9.0,64.0,80.0
235,27.0,4.0,0.0,67.0,0.0,43.0,78.0,58.0,36.0,80.0
236,0.0,51.0,53.0,64.0,73.0,21.0,20.0,4.0,0.0,80.0
237,5.0,0.0,0.0,0.0,50.0,0.0,0.0,0.0,7.0,76.0
238,0.0,0.0,0.0,0.0,0.0,31.0,401.0,28.0,0.0,0.0
239,0.0,0.0,0.0,45.0,47.0,0.0,0.0,46.0,0.0,0.0
240,0.0,0.0,0.0,0.0,0.0,0.0,0.0,119.0,0.0,50.0
241,56.0,0.0,0.0,54.0,0.0,0.0,151.0,0.0,0.0,0.0
242,0.0,0.0,0.0,0.0,0.0,0.0,262.0,0.0,0.0,0.0
243,87.0,23.0,10.0,30.0,0.0,8.0,0.0,44.0,25.0,0.0
244,70.0,70.0,0.0,18.0,72.0,25.0,15.0,0.0,14.0,67.0
245,54.0,49.0,0.0,0.0,9.0,0.0,35.0,91.0,0.0,67.0
246,37.0,0.0,0.0,0.0,0.0,0.0,0.0,98.0,0.0,0.0
247,60.0,0.0,4.0,18.0,22.0,22.0,99.0,88.0,0.0,0.0
248,11.0,0.0,0.0,0.0,7.0,0.0,0.0,0.0,0.0,0.0
249,0.0,80.0,63.0,31.0,0.0,47.0,32.0,43.0,0.0,73.0
250,27.0,77.0,22.0,0.0,36.0,47.0,0.0,39.0,0.0,53.0
251,17.0,34.0,0.0,1.0,26.0,74.0,100.0,30.0,0.0,73.0
252,0.0,0.0,73.0,0.0,65.0,74.0,326.0,16.0,0.0,9.0
253,19.0,73.0,72.0,30.0,68.0,0.0,11.0,56.0,0.0,33.0
254,30.0,73.0,59.0,27.0,38.0,44.0,175.0,56.0,0.0,22.0
255,16.0,80.0,66.0,0.0,52.0,45.0,0.0,58.0,66.0,51.0
256,34.0,0.0,65.0,24.0,19.0,34.0,120.0,60.0,69.0,0.0
257,41.0,0.0,60.0,0.0,23.0,15.0,110.0,0.0,0.0,45.0
258,10.0,16.0,60.0,11.0,63.0,23.0,317.0,0.0,37.0,23.0
259,0.0,0.0,0.0,0.0,63.0,33.0,161.0,0.0,0.0,0.0
260,0.0,85.0,0.0,0.0,0.0,0.0,86.0,0.0,0.0,0.0
261,5.0,66.0,0.0,10.0,73.0,27.0,0.0,43.0,0.0,0.0
262,0.0,60.0,9.0,43.0,0.0,35.0,252.0,0.0,0.0,73.0
263,6.0,27.0,0.0,0.0,0.0,0.0,253.0,0.0,0.0,47.0
264,0.0,0.0,65.0,0.0,53.0,45.0,204.0,20.0,0.0,41.0
265,0.0,59.0,10.0,13.0,66.0,50.0,94.0,70.0,48.0,42.0
266,64.0,0.0,0.0,27.0,62.0,0.0,0.0,0.0,0.0,49.0
267,84.0,24.0,68.0,67.0,69.0,63.0,0.0,27.0,0.0,0.0
268,0.0,0.0,68.0,0.0,85.0,85.0,0.0,4.0,55.0,0.0
269,0.0,52.0,0.0,96.0,0.0,57.0,328.0,0.0,31.0,0.0
270,63.0,56.0,0.0,39.0,45.0,0.0,103.0,0.0,0.0,81.0
271,74.0,2.0,68.0,52.0,71.0,0.0,35.0,0.0,0.0,16.0
272,57.0,15.0,3.0,0.0,60.0,0.0,495.0,0.0,0.0,0.0
273,62.0,57.0,60.0,0.0,12.0,0.0,89.0,87.0,0.0,33.0
274,0.0,37.0,0.0,0.0,0.0,0.0,557.0,8.0,10.0,0.0
275,0.0,0.0,0.0,0.0,0.0,0.0,405.0,0.0,0.0,0.0
276,0.0,0.0,0.0,69.0,0.0,0.0,340.0,0.0,0.0,29.0
277,0.0,0.0,0.0,38.0,0.0,0.0,347.0,0.0,0.0,0.0
278,0.0,0.0,17.0,0.0,0.0,0.0,662.0,0.0,0.0,0.0
279,0.0,0.0,0.0,0.0,0.0,0.0,0.0,0.0,0.0,0.0
280,0.0,0.0,0.0,0.0,0.0,0.0,75.0,0.0,2.0,0.0
281,0.0,0.0,0.0,18.0,0.0,0.0,105.0,0.0,0.0,0.0
282,14.0,0.0,0.0,0.0,0.0,0.0,128.0,0.0,0.0,0.0
283,1.0,0.0,0.0,25.0,0.0,0.0,64.0,0.0,0.0,0.0
284,0.0,0.0,0.0,2.0,0.0,30.0,0.0,79.0,55.0,0.0
285,0.0,0.0,46.0,20.0,48.0,63.0,0.0,18.0,16.0,0.0
286,29.0,0.0,0.0,0.0,0.0,0.0,171.0,0.0,0.0,0.0
287,0.0,0.0,17.0,0.0,21.0,37.0,44.0,0.0,0.0,0.0
288,0.0,0.0,0.0,0.0,34.0,46.0,0.0,0.0,0.0,0.0
289,0.0,0.0,0.0,64.0,15.0,0.0,0.0,60.0,0.0,0.0
290,0.0,0.0,23.0,44.0,0.0,0.0,0.0,0.0,0.0,104.0
291,0.0,0.0,0.0,6.0,0.0,0.0,0.0,23.0,82.0,0.0
292,28.0,0.0,0.0,53.0,28.0,40.0,160.0,0.0,23.0,55.0
293,106.0,0.0,0.0,0.0,0.0,0.0,271.0,0.0,0.0,47.0
294,46.0,84.0,113.0,31.0,0.0,30.0,210.0,7.0,0.0,57.0
295,89.0,79.0,88.0,20.0,0.0,23.0,97.0,33.0,0.0,0.0
296,19.0,2.0,88.0,0.0,59.0,0.0,16.0,86.0,45.0,73.0
297,0.0,60.0,72.0,13.0,49.0,40.0,0.0,69.0,0.0,68.0
298,0.0,61.0,70.0,0.0,78.0,46.0,305.0,25.0,27.0,68.0
299,0.0,0.0,0.0,30.0,0.0,0.0,0.0,0.0,0.0,11.0
300,0.0,0.0,0.0,0.0,0.0,0.0,276.0,0.0,0.0,0.0
301,0.0,69.0,0.0,0.0,0.0,0.0,0.0,0.0,0.0,20.0
302,69.0,0.0,24.0,6.0,0.0,38.0,0.0,0.0,0.0,0.0
303,0.0,0.0,0.0,0.0,30.0,0.0,0.0,0.0,29.0,0.0
304,0.0,0.0,0.0,0.0,0.0,0.0,0.0,71.0,0.0,0.0
305,66.0,0.0,49.0,63.0,0.0,0.0,0.0,28.0,0.0,0.0
306,0.0,0.0,0.0,17.0,0.0,0.0,382.0,0.0,0.0,0.0
307,0.0,0.0,0.0,0.0,0.0,0.0,240.0,0.0,0.0,0.0
308,0.0,0.0,0.0,0.0,18.0,0.0,0.0,50.0,0.0,55.0
309,0.0,0.0,0.0,0.0,0.0,0.0,249.0,31.0,0.0,0.0
310,0.0,0.0,0.0,59.0,0.0,0.0,0.0,0.0,0.0,0.0
311,0.0,0.0,30.0,33.0,0.0,0.0,0.0,0.0,44.0,15.0
312,22.0,0.0,70.0,0.0,63.0,0.0,89.0,0.0,23.0,26.0
313,25.0,20.0,70.0,0.0,70.0,55.0,186.0,22.0,67.0,0.0
314,0.0,41.0,70.0,63.0,70.0,56.0,134.0,0.0,47.0,0.0
315,43.0,29.0,66.0,63.0,70.0,0.0,126.0,0.0,64.0,0.0
316,0.0,32.0,13.0,0.0,74.0,0.0,314.0,44.0,64.0,0.0
317,53.0,17.0,76.0,0.0,0.0,45.0,0.0,51.0,27.0,66.0
318,53.0,8.0,56.0,0.0,0.0,0.0,449.0,0.0,0.0,14.0
319,57.0,0.0,0.0,0.0,50.0,0.0,0.0,67.0,35.0,43.0
320,64.0,0.0,0.0,0.0,0.0,65.0,167.0,0.0,52.0,0.0
321,0.0,72.0,0.0,73.0,0.0,0.0,0.0,46.0,0.0,0.0
322,0.0,69.0,0.0,9.0,30.0,0.0,71.0,49.0,0.0,0.0
323,0.0,50.0,0.0,0.0,70.0,61.0,0.0,0.0,0.0,5.0
324,0.0,0.0,31.0,0.0,70.0,50.0,0.0,5.0,0.0,0.0
325,0.0,0.0,0.0,27.0,0.0,0.0,254.0,61.0,0.0,0.0
326,76.0,0.0,49.0,56.0,61.0,0.0,14.0,0.0,0.0,8.0
327,73.0,0.0,36.0,34.0,0.0,0.0,96.0,67.0,3.0,30.0
328,42.0,27.0,3.0,81.0,42.0,0.0,0.0,58.0,15.0,0.0
329,0.0,0.0,38.0,9.0,0.0,0.0,336.0,1.0,0.0,8.0
330,0.0,0.0,0.0,0.0,5.0,0.0,379.0,0.0,0.0,0.0
331,0.0,0.0,0.0,0.0,0.0,26.0,201.0,0.0,29.0,0.0
332,0.0,0.0,0.0,0.0,0.0,3.0,70.0,0.0,63.0,0.0
333,0.0,43.0,51.0,0.0,77.0,0.0,390.0,20.0,21.0,0.0
334,0.0,0.0,31.0,0.0,23.0,0.0,261.0,0.0,0.0,0.0
335,0.0,68.0,0.0,0.0,36.0,0.0,225.0,18.0,36.0,0.0
336,0.0,15.0,0.0,77.0,0.0,0.0,336.0,0.0,0.0,0.0
337,0.0,0.0,35.0,0.0,0.0,0.0,140.0,0.0,0.0,0.0
338,0.0,0.0,0.0,48.0,0.0,66.0,187.0,0.0,0.0,62.0
339,0.0,0.0,10.0,0.0,0.0,57.0,0.0,0.0,0.0,0.0
340,25.0,0.0,57.0,0.0,0.0,1.0,98.0,0.0,0.0,0.0
341,0.0,12.0,0.0,0.0,0.0,0.0,177.0,0.0,0.0,0.0
342,0.0,0.0,0.0,0.0,0.0,0.0,318.0,0.0,0.0,0.0
343,0.0,0.0,0.0,0.0,0.0,0.0,346.0,0.0,0.0,0.0
344,0.0,15.0,0.0,0.0,0.0,0.0,0.0,0.0,0.0,0.0
345,0.0,0.0,0.0,0.0,0.0,11.0,240.0,0.0,0.0,0.0
346,0.0,0.0,0.0,0.0,0.0,11.0,322.0,0.0,0.0,0.0
347,2.0,0.0,0.0,0.0,0.0,0.0,0.0,0.0,18.0,0.0
348,0.0,0.0,3.0,0.0,0.0,0.0,295.0,0.0,0.0,0.0
349,0.0,0.0,0.0,0.0,0.0,0.0,128.0,50.0,0.0,0.0
350,0.0,0.0,0.0,0.0,0.0,0.0,0.0,0.0,0.0,0.0
351,24.0,0.0,0.0,0.0,0.0,73.0,0.0,73.0,67.0,0.0
352,0.0,0.0,0.0,0.0,0.0,37.0,0.0,53.0,32.0,0.0
353,0.0,0.0,0.0,0.0,0.0,0.0,461.0,0.0,0.0,34.0
354,0.0,0.0,0.0,0.0,0.0,9.0,147.0,30.0,0.0,0.0
355,0.0,0.0,0.0,0.0,0.0,0.0,252.0,0.0,0.0,37.0
356,87.0,30.0,0.0,0.0,0.0,0.0,115.0,62.0,38.0,0.0
357,20.0,51.0,22.0,0.0,0.0,0.0,0.0,0.0,0.0,0.0
358,0.0,0.0,0.0,0.0,0.0,15.0,401.0,0.0,0.0,0.0
359,0.0,0.0,0.0,0.0,0.0,0.0,0.0,0.0,4.0,0.0
360,0.0,0.0,0.0,0.0,30.0,0.0,0.0,0.0,0.0,0.0
361,0.0,2.0,0.0,0.0,0.0,1.0,0.0,0.0,0.0,110.0
362,76.0,23.0,0.0,0.0,0.0,0.0,0.0,32.0,0.0,0.0
363,77.0,0.0,33.0,0.0,0.0,0.0,8.0,40.0,18.0,0.0
364,2.0,0.0,34.0,0.0,0.0,0.0,0.0,0.0,0.0,0.0
365,0.0,4.0,16.0,0.0,30.0,70.0,163.0,0.0,0.0,0.0
366,0.0,1.0,81.0,0.0,19.0,43.0,0.0,2.0,87.0,0.0
367,27.0,0.0,13.0,0.0,0.0,0.0,0.0,0.0,85.0,0.0
368,28.0,0.0,2.0,0.0,68.0,43.0,147.0,0.0,34.0,65.0
369,0.0,42.0,0.0,0.0,0.0,0.0,0.0,0.0,0.0,22.0
370,30.0,0.0,0.0,0.0,0.0,0.0,0.0,65.0,0.0,0.0
371,0.0,0.0,0.0,0.0,3.0,0.0,0.0,45.0,26.0,76.0
372,0.0,37.0,0.0,0.0,0.0,0.0,0.0,0.0,6.0,0.0
373,0.0,10.0,43.0,0.0,24.0,19.0,219.0,0.0,20.0,124.0
374,39.0,75.0,0.0,57.0,0.0,32.0,0.0,0.0,1.0,0.0
375,86.0,0.0,40.0,0.0,0.0,59.0,137.0,0.0,0.0,0.0
376,0.0,65.0,73.0,0.0,0.0,58.0,182.0,6.0,51.0,6.0
377,55.0,70.0,0.0,0.0,7.0,0.0,0.0,0.0,22.0,0.0
378,42.0,0.0,62.0,59.0,0.0,10.0,254.0,0.0,0.0,0.0
379,0.0,0.0,58.0,0.0,10.0,0.0,0.0,0.0,0.0,85.0
380,0.0,0.0,0.0,0.0,0.0,0.0,224.0,0.0,37.0,0.0
381,0.0,0.0,48.0,0.0,111.0,15.0,0.0,32.0,0.0,0.0
382,70.0,0.0,0.0,0.0,0.0,0.0,0.0,0.0,32.0,0.0
383,69.0,0.0,0.0,2.0,0.0,32.0,0.0,0.0,24.0,37.0
384,0.0,37.0,39.0,0.0,113.0,0.0,0.0,0.0,0.0,0.0
385,0.0,0.0,0.0,0.0,68.0,58.0,55.0,0.0,40.0,95.0
386,0.0,4.0,0.0,4.0,0.0,57.0,0.0,0.0,42.0,0.0
387,0.0,0.0,0.0,0.0,52.0,64.0,66.0,0.0,0.0,0.0
388,0.0,0.0,25.0,0.0,88.0,0.0,212.0,0.0,0.0,0.0
389,0.0,36.0,0.0,103.0,0.0,0.0,105.0,0.0,0.0,0.0
390,0.0,0.0,0.0,0.0,0.0,0.0,0.0,0.0,0.0,74.0
391,0.0,0.0,0.0,0.0,0.0,0.0,185.0,0.0,0.0,0.0
392,0.0,30.0,0.0,38.0,0.0,0.0,0.0,0.0,0.0,0.0
393,9.0,45.0,0.0,0.0,0.0,0.0,130.0,0.0,0.0,0.0
394,0.0,40.0,46.0,0.0,59.0,0.0,0.0,18.0,0.0,0.0
395,0.0,26.0,53.0,41.0,0.0,0.0,0.0,56.0,36.0,61.0
396,64.0,65.0,12.0,74.0,41.0,34.0,0.0,89.0,17.0,50.0
397,70.0,3.0,44.0,0.0,68.0,0.0,0.0,0.0,63.0,2.0
398,19.0,37.0,0.0,0.0,58.0,64.0,285.0,0.0,40.0,0.0
399,43.0,18.0,0.0,149.0,0.0,42.0,0.0,32.0,0.0,0.0
400,8.0,0.0,63.0,24.0,71.0,0.0,0.0,21.0,0.0,93.0
401,48.0,19.0,55.0,19.0,0.0,40.0,66.0,0.0,73.0,0.0
402,0.0,57.0,56.0,0.0,0.0,0.0,0.0,21.0,20.0,46.0
403,37.0,45.0,23.0,0.0,31.0,9.0,70.0,36.0,0.0,0.0
404,34.0,2.0,67.0,0.0,71.0,0.0,32.0,59.0,30.0,43.0
405,11.0,69.0,19.0,149.0,56.0,0.0,0.0,20.0,15.0,27.0
406,42.0,8.0,10.0,141.0,76.0,9.0,51.0,73.0,0.0,0.0
407,42.0,61.0,0.0,2.0,76.0,14.0,0.0,69.0,58.0,60.0
408,57.0,61.0,0.0,0.0,63.0,0.0,294.0,9.0,3.0,60.0
409,0.0,85.0,25.0,0.0,0.0,43.0,496.0,0.0,0.0,0.0
410,0.0,83.0,57.0,0.0,87.0,0.0,4.0,0.0,0.0,21.0
411,0.0,0.0,57.0,66.0,87.0,0.0,37.0,19.0,7.0,84.0
412,42.0,0.0,84.0,0.0,80.0,17.0,0.0,0.0,26.0,68.0
413,57.0,0.0,84.0,45.0,1.0,35.0,0.0,0.0,69.0,63.0
414,74.0,89.0,82.0,0.0,29.0,10.0,23.0,56.0,69.0,89.0
415,92.0,95.0,14.0,0.0,14.0,0.0,265.0,18.0,81.0,37.0
416,50.0,75.0,31.0,140.0,0.0,0.0,268.0,15.0,79.0,0.0
417,40.0,62.0,0.0,99.0,10.0,0.0,165.0,0.0,0.0,79.0
418,59.0,0.0,100.0,23.0,39.0,24.0,190.0,73.0,5.0,51.0
419,0.0,0.0,0.0,0.0,0.0,0.0,379.0,45.0,0.0,0.0
420,0.0,0.0,16.0,0.0,0.0,41.0,464.0,0.0,0.0,0.0
421,0.0,0.0,11.0,38.0,51.0,7.0,158.0,47.0,0.0,0.0
422,14.0,0.0,37.0,0.0,0.0,0.0,95.0,0.0,0.0,0.0
423,0.0,0.0,73.0,0.0,0.0,38.0,0.0,67.0,0.0,0.0
424,0.0,0.0,0.0,0.0,62.0,0.0,0.0,67.0,0.0,10.0
425,0.0,0.0,0.0,31.0,47.0,17.0,114.0,1.0,0.0,81.0
426,71.0,0.0,37.0,0.0,22.0,0.0,0.0,55.0,56.0,62.0
427,54.0,0.0,22.0,33.0,0.0,0.0,79.0,19.0,65.0,0.0
428,30.0,69.0,0.0,27.0,67.0,0.0,74.0,2.0,80.0,73.0
429,0.0,45.0,29.0,74.0,67.0,0.0,97.0,0.0,80.0,51.0
430,71.0,45.0,1.0,40.0,54.0,40.0,0.0,37.0,75.0,71.0
431,30.0,0.0,14.0,0.0,0.0,53.0,94.0,0.0,57.0,0.0
432,22.0,0.0,0.0,28.0,0.0,0.0,479.0,0.0,0.0,0.0
433,0.0,0.0,18.0,0.0,0.0,0.0,35.0,58.0,0.0,0.0
434,54.0,35.0,0.0,61.0,0.0,14.0,12.0,0.0,26.0,69.0
435,0.0,0.0,21.0,59.0,0.0,3.0,250.0,0.0,0.0,12.0
436,0.0,42.0,0.0,0.0,10.0,50.0,2.0,0.0,59.0,0.0
437,0.0,28.0,5.0,0.0,45.0,0.0,149.0,23.0,0.0,0.0
438,9.0,38.0,42.0,39.0,37.0,63.0,75.0,45.0,44.0,39.0
439,38.0,13.0,0.0,26.0,0.0,0.0,58.0,44.0,32.0,44.0
440,23.0,0.0,29.0,0.0,0.0,0.0,710.0,0.0,0.0,51.0
441,11.0,0.0,0.0,0.0,0.0,0.0,397.0,0.0,0.0,0.0
442,0.0,0.0,0.0,4.0,0.0,0.0,113.0,0.0,0.0,0.0
443,0.0,0.0,0.0,0.0,0.0,0.0,166.0,0.0,0.0,0.0
444,0.0,23.0,56.0,0.0,0.0,0.0,38.0,0.0,0.0,0.0
445,0.0,15.0,11.0,0.0,28.0,78.0,0.0,0.0,0.0,22.0
446,66.0,0.0,17.0,0.0,0.0,6.0,0.0,0.0,0.0,45.0
447,66.0,0.0,34.0,43.0,0.0,0.0,0.0,67.0,0.0,32.0
448,42.0,27.0,0.0,50.0,0.0,10.0,0.0,67.0,9.0,58.0
449,0.0,0.0,49.0,0.0,0.0,0.0,289.0,52.0,0.0,28.0
450,66.0,0.0,47.0,0.0,0.0,63.0,88.0,0.0,0.0,0.0
451,0.0,0.0,0.0,0.0,0.0,0.0,482.0,0.0,0.0,14.0
452,0.0,0.0,0.0,0.0,0.0,34.0,290.0,0.0,0.0,53.0
453,0.0,0.0,0.0,0.0,0.0,0.0,406.0,0.0,19.0,0.0
454,0.0,0.0,0.0,17.0,0.0,0.0,251.0,0.0,5.0,0.0
455,0.0,0.0,0.0,0.0,0.0,60.0,68.0,19.0,0.0,53.0
456,0.0,0.0,0.0,0.0,46.0,1.0,0.0,0.0,80.0,0.0
457,0.0,0.0,0.0,55.0,0.0,0.0,315.0,45.0,0.0,0.0
458,0.0,0.0,0.0,0.0,66.0,0.0,145.0,0.0,67.0,0.0
459,0.0,0.0,1.0,0.0,50.0,0.0,0.0,52.0,32.0,0.0
460,30.0,66.0,0.0,0.0,4.0,73.0,634.0,0.0,0.0,0.0
461,16.0,45.0,0.0,0.0,0.0,41.0,213.0,0.0,5.0,0.0
462,0.0,57.0,27.0,0.0,27.0,0.0,0.0,0.0,0.0,0.0
463,31.0,18.0,69.0,0.0,0.0,0.0,31.0,0.0,0.0,0.0
464,0.0,1.0,0.0,0.0,28.0,0.0,36.0,60.0,0.0,0.0
465,0.0,24.0,0.0,0.0,0.0,0.0,0.0,37.0,35.0,0.0
466,0.0,0.0,0.0,0.0,0.0,0.0,92.0,40.0,0.0,0.0
467,0.0,33.0,0.0,59.0,0.0,1.0,0.0,0.0,67.0,0.0
468,0.0,0.0,0.0,0.0,0.0,0.0,299.0,0.0,0.0,20.0
469,0.0,0.0,0.0,0.0,41.0,0.0,277.0,0.0,0.0,0.0
470,51.0,0.0,41.0,0.0,33.0,0.0,0.0,0.0,0.0,0.0
471,0.0,0.0,0.0,0.0,0.0,53.0,166.0,0.0,0.0,0.0
472,0.0,0.0,42.0,0.0,0.0,0.0,237.0,0.0,0.0,53.0
473,0.0,0.0,0.0,0.0,0.0,0.0,289.0,0.0,0.0,41.0
474,2.0,0.0,0.0,0.0,0.0,0.0,1.0,0.0,0.0,57.0
475,0.0,0.0,0.0,0.0,0.0,0.0,154.0,15.0,0.0,43.0
476,0.0,0.0,0.0,0.0,9.0,0.0,0.0,0.0,0.0,42.0
477,0.0,0.0,0.0,0.0,0.0,0.0,358.0,0.0,0.0,0.0
478,0.0,28.0,0.0,0.0,16.0,0.0,0.0,9.0,13.0,0.0
479,0.0,0.0,0.0,0.0,0.0,0.0,0.0,34.0,0.0,0.0
480,90.0,41.0,0.0,18.0,53.0,32.0,237.0,55.0,0.0,60.0
481,73.0,24.0,0.0,13.0,0.0,0.0,56.0,0.0,0.0,0.0
482,0.0,0.0,0.0,0.0,57.0,11.0,0.0,64.0,0.0,0.0
483,16.0,51.0,20.0,37.0,49.0,37.0,0.0,0.0,0.0,0.0
484,0.0,0.0,0.0,0.0,0.0,0.0,0.0,57.0,84.0,30.0
485,0.0,0.0,0.0,0.0,0.0,0.0,0.0,0.0,59.0,0.0
486,0.0,0.0,0.0,55.0,0.0,0.0,0.0,0.0,34.0,58.0
487,41.0,0.0,0.0,49.0,0.0,0.0,157.0,0.0,0.0,0.0
488,0.0,0.0,0.0,0.0,0.0,7.0,280.0,0.0,0.0,0.0
489,26.0,40.0,24.0,54.0,14.0,0.0,0.0,52.0,52.0,33.0
490,0.0,38.0,0.0,0.0,0.0,18.0,231.0,0.0,0.0,0.0
491,0.0,0.0,0.0,53.0,0.0,0.0,248.0,0.0,0.0,0.0
492,13.0,0.0,67.0,0.0,73.0,0.0,98.0,0.0,59.0,0.0
493,6.0,0.0,38.0,0.0,49.0,87.0,41.0,63.0,41.0,40.0
494,21.0,0.0,74.0,33.0,0.0,12.0,0.0,63.0,0.0,0.0
495,0.0,0.0,0.0,44.0,0.0,0.0,0.0,63.0,63.0,36.0
496,32.0,0.0,0.0,0.0,0.0,0.0,0.0,0.0,23.0,0.0
497,16.0,0.0,0.0,53.0,0.0,0.0,407.0,12.0,0.0,0.0
498,0.0,0.0,0.0,15.0,10.0,0.0,100.0,0.0,0.0,0.0
499,0.0,63.0,0.0,0.0,0.0,0.0,0.0,0.0,39.0,0.0
500,64.0,63.0,0.0,0.0,0.0,22.0,288.0,66.0,0.0,53.0
501,32.0,63.0,0.0,2.0,0.0,33.0,58.0,65.0,7.0,0.0
502,44.0,51.0,19.0,0.0,0.0,56.0,0.0,59.0,0.0,0.0
503,62.0,64.0,79.0,0.0,34.0,0.0,41.0,24.0,67.0,18.0
504,0.0,0.0,0.0,0.0,0.0,0.0,476.0,0.0,0.0,0.0
505,0.0,0.0,0.0,0.0,0.0,0.0,293.0,0.0,0.0,0.0
506,0.0,0.0,0.0,0.0,0.0,0.0,417.0,0.0,0.0,0.0
507,0.0,0.0,0.0,0.0,0.0,0.0,64.0,0.0,0.0,49.0
508,0.0,0.0,0.0,30.0,0.0,0.0,212.0,0.0,43.0,0.0
509,0.0,0.0,21.0,41.0,0.0,0.0,0.0,0.0,0.0,0.0
510,0.0,63.0,0.0,24.0,26.0,0.0,0.0,68.0,21.0,0.0
511,0.0,55.0,0.0,55.0,24.0,11.0,0.0,8.0,39.0,27.0
512,0.0,44.0,0.0,54.0,0.0,0.0,233.0,0.0,0.0,44.0
513,72.0,49.0,28.0,18.0,0.0,0.0,0.0,0.0,0.0,0.0
514,0.0,18.0,93.0,0.0,60.0,0.0,0.0,0.0,0.0,0.0
515,0.0,9.0,61.0,0.0,0.0,18.0,0.0,0.0,0.0,30.0
516,0.0,0.0,0.0,0.0,0.0,0.0,0.0,0.0,32.0,37.0
517,0.0,0.0,0.0,0.0,0.0,0.0,537.0,0.0,0.0,0.0
518,0.0,0.0,0.0,0.0,0.0,0.0,0.0,0.0,29.0,0.0
519,0.0,55.0,0.0,0.0,0.0,0.0,0.0,38.0,0.0,5.0
520,0.0,0.0,0.0,0.0,29.0,12.0,279.0,71.0,0.0,0.0
521,20.0,0.0,0.0,0.0,75.0,0.0,0.0,70.0,0.0,30.0
522,0.0,0.0,0.0,0.0,0.0,29.0,148.0,43.0,0.0,0.0
523,0.0,0.0,0.0,55.0,0.0,44.0,286.0,56.0,0.0,0.0
524,0.0,5.0,0.0,0.0,0.0,0.0,397.0,0.0,59.0,0.0
525,0.0,0.0,0.0,0.0,0.0,0.0,160.0,0.0,0.0,63.0
526,11.0,41.0,7.0,0.0,0.0,30.0,56.0,0.0,0.0,10.0
527,12.0,47.0,0.0,0.0,0.0,0.0,0.0,0.0,0.0,0.0
528,3.0,47.0,20.0,52.0,0.0,0.0,0.0,19.0,42.0,0.0
529,0.0,10.0,0.0,0.0,0.0,5.0,0.0,23.0,0.0,0.0
530,0.0,0.0,38.0,0.0,0.0,55.0,0.0,32.0,0.0,0.0
531,0.0,0.0,26.0,14.0,0.0,58.0,161.0,14.0,0.0,33.0
532,43.0,0.0,79.0,47.0,0.0,59.0,0.0,8.0,0.0,54.0
533,67.0,0.0,71.0,0.0,10.0,72.0,35.0,0.0,0.0,52.0
534,7.0,0.0,71.0,0.0,0.0,72.0,69.0,32.0,0.0,46.0
535,0.0,0.0,55.0,0.0,0.0,71.0,0.0,0.0,0.0,0.0
536,0.0,7.0,0.0,0.0,0.0,0.0,402.0,0.0,0.0,0.0
537,0.0,0.0,0.0,16.0,0.0,0.0,513.0,0.0,0.0,0.0
538,0.0,0.0,0.0,0.0,25.0,0.0,0.0,0.0,0.0,0.0
539,0.0,0.0,0.0,39.0,57.0,0.0,124.0,0.0,60.0,0.0
540,25.0,66.0,0.0,0.0,43.0,5.0,105.0,0.0,60.0,0.0
541,74.0,0.0,0.0,20.0,0.0,0.0,0.0,0.0,60.0,20.0
542,24.0,0.0,0.0,0.0,0.0,0.0,150.0,0.0,8.0,0.0
543,91.0,52.0,0.0,67.0,13.0,28.0,89.0,0.0,27.0,0.0
544,39.0,24.0,0.0,67.0,0.0,0.0,165.0,0.0,24.0,0.0
545,0.0,0.0,1.0,34.0,69.0,0.0,0.0,0.0,12.0,18.0
546,28.0,0.0,0.0,0.0,106.0,20.0,0.0,0.0,0.0,56.0
547,0.0,33.0,0.0,42.0,0.0,0.0,0.0,0.0,19.0,0.0
548,6.0,0.0,19.0,0.0,0.0,0.0,134.0,0.0,0.0,0.0
549,0.0,14.0,70.0,0.0,0.0,0.0,21.0,0.0,0.0,0.0
550,67.0,0.0,0.0,0.0,0.0,0.0,66.0,73.0,0.0,0.0
551,55.0,0.0,0.0,0.0,0.0,0.0,208.0,31.0,0.0,0.0
552,8.0,3.0,0.0,10.0,29.0,57.0,128.0,0.0,0.0,0.0
553,24.0,11.0,0.0,21.0,59.0,79.0,20.0,35.0,35.0,58.0
554,0.0,0.0,0.0,0.0,11.0,53.0,215.0,0.0,40.0,6.0
555,0.0,0.0,0.0,0.0,31.0,0.0,95.0,0.0,0.0,0.0
556,0.0,69.0,0.0,0.0,0.0,0.0,833.0,0.0,0.0,0.0
557,0.0,0.0,0.0,47.0,0.0,0.0,206.0,0.0,0.0,0.0
558,0.0,0.0,0.0,0.0,0.0,0.0,378.0,0.0,0.0,0.0
559,0.0,0.0,0.0,0.0,0.0,0.0,38.0,0.0,0.0,65.0
560,0.0,0.0,0.0,0.0,0.0,0.0,174.0,0.0,0.0,0.0
561,0.0,44.0,15.0,0.0,0.0,0.0,0.0,0.0,0.0,0.0
562,14.0,18.0,70.0,0.0,0.0,0.0,0.0,0.0,0.0,0.0
563,0.0,29.0,75.0,0.0,0.0,79.0,0.0,0.0,0.0,0.0
564,78.0,0.0,45.0,0.0,0.0,0.0,0.0,2.0,0.0,0.0
565,47.0,5.0,0.0,2.0,0.0,0.0,37.0,0.0,56.0,29.0
566,0.0,48.0,0.0,0.0,64.0,67.0,0.0,0.0,0.0,0.0
567,0.0,0.0,0.0,0.0,57.0,0.0,166.0,0.0,0.0,21.0
568,67.0,0.0,36.0,80.0,0.0,0.0,22.0,0.0,0.0,3.0
569,30.0,0.0,69.0,0.0,0.0,0.0,0.0,0.0,0.0,0.0
570,0.0,0.0,64.0,0.0,64.0,60.0,0.0,84.0,0.0,44.0
571,0.0,0.0,42.0,19.0,89.0,15.0,0.0,73.0,0.0,0.0
572,18.0,32.0,0.0,18.0,71.0,0.0,0.0,60.0,8.0,56.0
573,14.0,0.0,0.0,29.0,69.0,5.0,276.0,47.0,6.0,56.0
574,0.0,31.0,33.0,14.0,69.0,0.0,315.0,0.0,0.0,0.0
575,0.0,30.0,0.0,0.0,0.0,0.0,269.0,0.0,0.0,0.0
576,0.0,0.0,51.0,0.0,0.0,45.0,849.0,0.0,0.0,0.0
577,0.0,0.0,0.0,0.0,0.0,20.0,362.0,0.0,13.0,0.0
578,22.0,14.0,0.0,12.0,0.0,64.0,5.0,0.0,0.0,0.0
579,0.0,19.0,0.0,0.0,0.0,37.0,0.0,0.0,34.0,0.0
580,7.0,12.0,0.0,54.0,0.0,0.0,3.0,21.0,16.0,0.0
581,0.0,29.0,0.0,0.0,0.0,0.0,0.0,0.0,0.0,0.0
582,0.0,11.0,60.0,7.0,0.0,0.0,0.0,0.0,9.0,0.0
583,0.0,14.0,55.0,0.0,0.0,0.0,40.0,0.0,0.0,0.0
584,0.0,47.0,33.0,0.0,0.0,8.0,0.0,0.0,0.0,0.0
585,0.0,36.0,0.0,32.0,0.0,0.0,0.0,0.0,13.0,47.0
586,0.0,3.0,0.0,52.0,53.0,0.0,0.0,0.0,40.0,57.0
587,54.0,0.0,0.0,0.0,51.0,0.0,0.0,0.0,87.0,0.0
588,0.0,11.0,0.0,0.0,32.0,0.0,21.0,74.0,76.0,0.0
589,0.0,0.0,0.0,0.0,3.0,0.0,0.0,10.0,50.0,22.0
590,38.0,0.0,29.0,59.0,0.0,0.0,85.0,50.0,54.0,0.0
591,7.0,51.0,28.0,0.0,60.0,0.0,0.0,0.0,20.0,51.0
592,0.0,0.0,0.0,36.0,0.0,0.0,276.0,0.0,0.0,0.0
593,0.0,0.0,33.0,0.0,0.0,0.0,491.0,0.0,29.0,44.0
594,0.0,0.0,0.0,67.0,0.0,0.0,295.0,0.0,0.0,13.0
595,49.0,0.0,16.0,35.0,27.0,48.0,132.0,14.0,0.0,0.0
596,41.0,0.0,55.0,41.0,60.0,0.0,506.0,39.0,67.0,2.0
597,24.0,0.0,0.0,39.0,38.0,0.0,201.0,0.0,37.0,35.0
598,12.0,0.0,0.0,0.0,0.0,70.0,88.0,60.0,0.0,0.0
599,40.0,11.0,57.0,0.0,0.0,0.0,22.0,0.0,57.0,6.0
600,16.0,0.0,0.0,0.0,0.0,0.0,0.0,32.0,40.0,58.0
601,0.0,0.0,0.0,16.0,0.0,0.0,0.0,18.0,0.0,58.0
602,0.0,7.0,0.0,0.0,38.0,0.0,0.0,48.0,4.0,30.0
603,0.0,0.0,24.0,0.0,0.0,15.0,121.0,48.0,0.0,0.0
604,0.0,55.0,0.0,0.0,49.0,0.0,0.0,0.0,0.0,0.0
605,0.0,68.0,9.0,0.0,10.0,0.0,0.0,8.0,0.0,3.0
606,0.0,0.0,0.0,0.0,0.0,0.0,521.0,0.0,0.0,0.0
607,43.0,0.0,0.0,1.0,0.0,0.0,0.0,18.0,56.0,0.0
608,0.0,0.0,40.0,0.0,0.0,0.0,147.0,0.0,0.0,0.0
609,0.0,32.0,0.0,0.0,0.0,0.0,243.0,0.0,0.0,29.0
610,0.0,44.0,0.0,0.0,0.0,0.0,422.0,0.0,0.0,0.0
611,0.0,0.0,0.0,0.0,0.0,0.0,130.0,48.0,0.0,0.0
612,0.0,0.0,0.0,0.0,0.0,0.0,322.0,0.0,0.0,0.0
613,0.0,0.0,0.0,32.0,0.0,0.0,547.0,0.0,0.0,0.0
614,0.0,0.0,0.0,13.0,1.0,0.0,424.0,0.0,0.0,0.0
615,23.0,0.0,48.0,0.0,13.0,0.0,157.0,0.0,0.0,0.0
616,70.0,0.0,61.0,67.0,46.0,58.0,69.0,73.0,43.0,50.0
617,10.0,0.0,0.0,40.0,0.0,93.0,31.0,0.0,0.0,0.0
618,0.0,0.0,5.0,10.0,0.0,0.0,0.0,19.0,0.0,73.0
619,0.0,0.0,0.0,0.0,0.0,0.0,234.0,0.0,0.0,69.0
620,0.0,0.0,0.0,0.0,0.0,0.0,0.0,0.0,0.0,47.0
621,0.0,0.0,0.0,0.0,0.0,0.0,0.0,0.0,0.0,27.0
622,0.0,0.0,0.0,0.0,0.0,25.0,20.0,0.0,30.0,0.0
623,72.0,0.0,0.0,0.0,0.0,0.0,0.0,11.0,0.0,0.0
624,0.0,0.0,0.0,0.0,78.0,0.0,0.0,0.0,0.0,0.0
625,0.0,0.0,24.0,0.0,48.0,0.0,0.0,70.0,0.0,0.0
626,32.0,0.0,72.0,0.0,35.0,0.0,63.0,53.0,68.0,0.0
627,0.0,18.0,39.0,0.0,0.0,0.0,0.0,50.0,0.0,0.0
628,0.0,0.0,0.0,43.0,2.0,0.0,117.0,0.0,0.0,0.0
629,0.0,4.0,11.0,0.0,54.0,103.0,0.0,0.0,0.0,0.0
630,57.0,27.0,0.0,0.0,0.0,45.0,4.0,53.0,0.0,44.0
631,0.0,65.0,0.0,39.0,0.0,41.0,0.0,7.0,0.0,0.0
632,0.0,27.0,0.0,0.0,0.0,57.0,309.0,0.0,0.0,14.0
633,65.0,0.0,0.0,12.0,63.0,0.0,436.0,53.0,0.0,0.0
634,3.0,0.0,0.0,18.0,0.0,0.0,385.0,0.0,0.0,0.0
635,0.0,0.0,0.0,54.0,0.0,0.0,159.0,53.0,0.0,30.0
636,20.0,42.0,60.0,67.0,42.0,0.0,214.0,0.0,60.0,0.0
637,67.0,0.0,3.0,67.0,9.0,0.0,0.0,1.0,34.0,60.0
638,51.0,0.0,0.0,0.0,0.0,37.0,28.0,0.0,25.0,45.0
639,0.0,50.0,0.0,0.0,41.0,29.0,167.0,8.0,0.0,65.0
640,0.0,57.0,0.0,39.0,0.0,0.0,0.0,0.0,0.0,0.0
641,0.0,0.0,0.0,0.0,6.0,23.0,0.0,0.0,0.0,0.0
642,0.0,28.0,0.0,0.0,0.0,6.0,11.0,17.0,0.0,0.0
643,0.0,0.0,0.0,38.0,0.0,0.0,0.0,38.0,0.0,0.0
644,0.0,0.0,26.0,58.0,0.0,0.0,0.0,0.0,0.0,0.0
645,0.0,49.0,0.0,0.0,0.0,0.0,239.0,0.0,23.0,0.0
646,0.0,0.0,0.0,0.0,0.0,0.0,500.0,13.0,0.0,0.0
647,0.0,0.0,0.0,42.0,0.0,15.0,17.0,0.0,38.0,0.0
648,0.0,9.0,0.0,40.0,0.0,25.0,6.0,0.0,86.0,73.0
649,51.0,0.0,0.0,0.0,0.0,0.0,0.0,67.0,85.0,0.0
650,47.0,0.0,0.0,0.0,61.0,0.0,28.0,67.0,66.0,0.0
651,0.0,0.0,0.0,0.0,0.0,53.0,327.0,3.0,0.0,0.0
652,0.0,0.0,0.0,0.0,44.0,0.0,256.0,0.0,27.0,65.0
653,40.0,0.0,60.0,0.0,0.0,0.0,396.0,0.0,0.0,0.0
654,0.0,0.0,0.0,0.0,49.0,0.0,231.0,64.0,0.0,0.0
655,0.0,0.0,44.0,0.0,35.0,0.0,115.0,0.0,30.0,0.0
656,73.0,0.0,67.0,32.0,0.0,64.0,179.0,0.0,0.0,0.0
657,0.0,35.0,0.0,0.0,0.0,0.0,0.0,67.0,38.0,0.0
658,0.0,70.0,0.0,0.0,0.0,21.0,304.0,27.0,0.0,67.0
659,0.0,0.0,0.0,0.0,1.0,0.0,56.0,44.0,9.0,7.0
660,0.0,13.0,0.0,0.0,0.0,0.0,0.0,0.0,17.0,0.0
661,65.0,23.0,0.0,0.0,0.0,0.0,0.0,0.0,0.0,0.0
662,0.0,0.0,0.0,0.0,0.0,0.0,0.0,0.0,0.0,38.0
663,0.0,0.0,1.0,0.0,0.0,0.0,0.0,0.0,23.0,0.0
664,0.0,0.0,0.0,0.0,0.0,58.0,52.0,0.0,0.0,0.0
665,0.0,0.0,27.0,0.0,0.0,0.0,0.0,0.0,0.0,34.0
666,54.0,48.0,37.0,50.0,0.0,7.0,184.0,0.0,55.0,0.0
667,0.0,25.0,90.0,0.0,50.0,0.0,0.0,45.0,43.0,0.0
668,64.0,0.0,80.0,0.0,34.0,0.0,0.0,38.0,69.0,53.0
669,63.0,0.0,77.0,34.0,54.0,42.0,28.0,26.0,38.0,11.0
670,48.0,53.0,56.0,19.0,54.0,0.0,0.0,0.0,23.0,67.0
671,33.0,50.0,0.0,36.0,59.0,0.0,224.0,46.0,0.0,65.0
672,27.0,0.0,0.0,38.0,0.0,0.0,463.0,39.0,0.0,40.0
673,23.0,0.0,0.0,45.0,45.0,31.0,389.0,51.0,51.0,25.0
674,0.0,79.0,0.0,0.0,0.0,3.0,452.0,48.0,0.0,77.0
675,0.0,17.0,43.0,0.0,46.0,24.0,154.0,51.0,0.0,0.0
676,60.0,0.0,70.0,59.0,0.0,46.0,66.0,51.0,80.0,0.0
677,20.0,0.0,70.0,26.0,67.0,0.0,0.0,0.0,74.0,0.0
678,0.0,28.0,103.0,100.0,90.0,42.0,394.0,0.0,46.0,30.0
679,68.0,0.0,65.0,100.0,90.0,99.0,0.0,0.0,40.0,0.0
680,10.0,0.0,52.0,97.0,90.0,99.0,0.0,0.0,0.0,65.0
681,0.0,44.0,62.0,44.0,90.0,99.0,250.0,23.0,41.0,44.0
682,7.0,58.0,0.0,0.0,90.0,88.0,0.0,0.0,0.0,37.0
683,38.0,58.0,68.0,0.0,90.0,5.0,30.0,11.0,36.0,42.0
684,0.0,69.0,0.0,0.0,90.0,63.0,108.0,0.0,0.0,0.0
685,0.0,34.0,20.0,0.0,90.0,34.0,0.0,0.0,0.0,7.0
686,96.0,32.0,60.0,76.0,90.0,0.0,98.0,73.0,0.0,63.0
687,0.0,0.0,50.0,54.0,90.0,80.0,18.0,73.0,78.0,56.0
688,99.0,39.0,28.0,109.0,111.0,80.0,0.0,113.0,0.0,63.0
689,0.0,0.0,108.0,94.0,102.0,100.0,171.0,113.0,90.0,52.0
690,133.0,60.0,148.0,66.0,46.0,151.0,0.0,112.0,150.0,0.0
691,99.0,51.0,148.0,15.0,87.0,151.0,230.0,125.0,100.0,81.0
692,97.0,46.0,148.0,116.0,59.0,146.0,393.0,93.0,104.0,0.0
693,95.0,95.0,148.0,101.0,86.0,146.0,135.0,93.0,79.0,81.0
694,145.0,120.0,148.0,148.0,42.0,139.0,350.0,146.0,132.0,67.0
695,198.0,204.0,208.0,208.0,192.0,189.0,0.0,206.0,132.0,173.0
696,390.0,391.0,395.0,395.0,337.0,396.0,33.0,393.0,371.0,362.0
697,386.0,371.0,402.0,402.0,348.0,403.0,0.0,400.0,400.0,399.0
698,386.0,339.0,332.0,200.0,331.0,204.0,1064.0,0.0,398.0,399.0
699,316.0,162.0,147.0,0.0,324.0,0.0,1045.0,0.0,398.0,320.0
700,274.0,0.0,0.0,0.0,222.0,0.0,1029.0,0.0,311.0,277.0
701,211.0,187.0,0.0,75.0,129.0,0.0,879.0,0.0,278.0,251.0
702,180.0,183.0,43.0,89.0,0.0,103.0,589.0,0.0,171.0,0.0
703,150.0,0.0,0.0,0.0,147.0,0.0,402.0,0.0,131.0,6.0
704,0.0,0.0,0.0,1.0,40.0,277.0,114.0,95.0,131.0,0.0
705,0.0,0.0,0.0,0.0,39.0,146.0,0.0,0.0,131.0,0.0
706,0.0,0.0,248.0,126.0,47.0,61.0,0.0,0.0,131.0,0.0
707,14.0,0.0,225.0,0.0,0.0,0.0,106.0,263.0,85.0,0.0
708,0.0,0.0,158.0,0.0,0.0,0.0,43.0,161.0,0.0,17.0
709,34.0,0.0,10.0,130.0,0.0,77.0,0.0,186.0,0.0,0.0
710,0.0,0.0,0.0,0.0,76.0,149.0,0.0,0.0,0.0,116.0
711,118.0,0.0,1.0,8.0,0.0,35.0,0.0,81.0,0.0,0.0
712,0.0,54.0,20.0,137.0,0.0,0.0,0.0,159.0,0.0,0.0
713,53.0,11.0,27.0,80.0,107.0,0.0,0.0,0.0,2.0,0.0
714,3.0,168.0,65.0,219.0,76.0,0.0,0.0,0.0,10.0,0.0
715,44.0,0.0,0.0,211.0,13.0,0.0,56.0,0.0,21.0,0.0
716,39.0,0.0,48.0,0.0,0.0,0.0,0.0,0.0,0.0,0.0
717,0.0,0.0,116.0,35.0,0.0,0.0,63.0,0.0,0.0,23.0
718,0.0,0.0,0.0,64.0,0.0,0.0,147.0,123.0,10.0,0.0
719,0.0,0.0,0.0,82.0,0.0,0.0,0.0,27.0,0.0,0.0
720,36.0,0.0,57.0,26.0,0.0,64.0,0.0,0.0,21.0,0.0
721,34.0,0.0,5.0,0.0,0.0,111.0,71.0,148.0,0.0,0.0
722,0.0,42.0,0.0,0.0,0.0,0.0,0.0,0.0,0.0,0.0
723,0.0,0.0,0.0,0.0,0.0,107.0,0.0,0.0,0.0,0.0
724,0.0,0.0,65.0,0.0,0.0,62.0,0.0,87.0,0.0,0.0
725,0.0,10.0,0.0,0.0,0.0,0.0,0.0,0.0,0.0,0.0
726,0.0,0.0,17.0,0.0,43.0,122.0,0.0,0.0,0.0,0.0
727,0.0,197.0,6.0,0.0,0.0,46.0,0.0,0.0,0.0,0.0
728,0.0,0.0,0.0,28.0,0.0,28.0,0.0,142.0,0.0,0.0
729,0.0,0.0,0.0,36.0,0.0,13.0,0.0,0.0,0.0,220.0
730,0.0,0.0,0.0,0.0,0.0,0.0,53.0,0.0,0.0,14.0
731,1.0,0.0,107.0,46.0,0.0,0.0,0.0,0.0,0.0,0.0
732,54.0,14.0,25.0,82.0,0.0,35.0,0.0,0.0,0.0,53.0
733,19.0,0.0,3.0,0.0,0.0,35.0,0.0,98.0,36.0,0.0
734,46.0,156.0,90.0,0.0,50.0,0.0,0.0,7.0,30.0,171.0
735,79.0,11.0,90.0,63.0,0.0,22.0,0.0,0.0,12.0,11.0
736,4.0,0.0,45.0,10.0,0.0,0.0,0.0,0.0,0.0,66.0
737,0.0,0.0,57.0,36.0,82.0,0.0,100.0,0.0,46.0,0.0
738,0.0,0.0,53.0,0.0,20.0,37.0,115.0,122.0,74.0,29.0
739,0.0,0.0,0.0,0.0,0.0,0.0,144.0,74.0,0.0,0.0
740,0.0,97.0,0.0,0.0,0.0,0.0,43.0,84.0,0.0,32.0
741,0.0,151.0,22.0,4.0,0.0,0.0,170.0,0.0,0.0,123.0
742,0.0,28.0,0.0,0.0,0.0,0.0,0.0,109.0,0.0,0.0
743,0.0,0.0,25.0,0.0,0.0,0.0,283.0,0.0,0.0,0.0
744,0.0,26.0,0.0,0.0,0.0,0.0,182.0,0.0,0.0,5.0
745,0.0,0.0,0.0,0.0,23.0,0.0,0.0,10.0,0.0,0.0
746,68.0,0.0,0.0,0.0,0.0,0.0,89.0,0.0,0.0,0.0
747,0.0,0.0,0.0,0.0,4.0,20.0,0.0,5.0,0.0,14.0
748,0.0,36.0,0.0,20.0,0.0,0.0,0.0,0.0,0.0,5.0
749,73.0,0.0,0.0,78.0,8.0,0.0,0.0,0.0,0.0,66.0
750,39.0,0.0,0.0,0.0,0.0,0.0,0.0,44.0,0.0,0.0
751,0.0,0.0,0.0,0.0,0.0,60.0,0.0,0.0,0.0,12.0
752,0.0,0.0,46.0,38.0,0.0,45.0,0.0,0.0,39.0,0.0
753,0.0,106.0,0.0,0.0,0.0,22.0,46.0,0.0,0.0,0.0
754,0.0,32.0,0.0,0.0,80.0,45.0,0.0,61.0,32.0,126.0
755,32.0,75.0,0.0,18.0,0.0,0.0,15.0,0.0,0.0,100.0
756,35.0,35.0,0.0,0.0,0.0,0.0,0.0,0.0,32.0,0.0
757,0.0,59.0,0.0,0.0,52.0,85.0,0.0,0.0,0.0,86.0
758,24.0,0.0,0.0,50.0,90.0,52.0,0.0,32.0,48.0,64.0
759,0.0,28.0,12.0,37.0,90.0,0.0,0.0,15.0,0.0,30.0
760,47.0,13.0,42.0,0.0,31.0,0.0,59.0,69.0,0.0,0.0
761,0.0,45.0,0.0,0.0,0.0,0.0,363.0,21.0,0.0,0.0
762,0.0,0.0,0.0,42.0,3.0,0.0,0.0,0.0,0.0,74.0
763,4.0,0.0,4.0,0.0,21.0,0.0,212.0,62.0,0.0,17.0
764,0.0,73.0,49.0,0.0,0.0,0.0,76.0,0.0,0.0,58.0
765,0.0,0.0,0.0,0.0,0.0,0.0,0.0,71.0,0.0,0.0
766,0.0,18.0,0.0,0.0,0.0,61.0,0.0,38.0,45.0,30.0
767,0.0,0.0,35.0,24.0,0.0,0.0,0.0,0.0,0.0,0.0
768,0.0,0.0,0.0,17.0,0.0,0.0,51.0,0.0,128.0,0.0
769,67.0,25.0,41.0,0.0,0.0,0.0,0.0,0.0,125.0,20.0
770,0.0,0.0,0.0,0.0,0.0,0.0,0.0,0.0,0.0,0.0
771,0.0,32.0,41.0,77.0,0.0,0.0,28.0,44.0,0.0,0.0
772,65.0,0.0,52.0,49.0,12.0,0.0,22.0,57.0,0.0,93.0
773,2.0,66.0,31.0,0.0,19.0,0.0,0.0,0.0,0.0,93.0
774,0.0,34.0,78.0,0.0,0.0,45.0,143.0,19.0,4.0,93.0
775,12.0,48.0,78.0,104.0,0.0,32.0,0.0,0.0,46.0,0.0
776,0.0,0.0,78.0,0.0,58.0,17.0,135.0,0.0,0.0,0.0
777,37.0,58.0,9.0,0.0,3.0,64.0,0.0,58.0,0.0,12.0
778,38.0,58.0,9.0,30.0,0.0,64.0,27.0,39.0,107.0,0.0
779,56.0,28.0,37.0,0.0,77.0,58.0,3.0,0.0,61.0,0.0
780,0.0,0.0,0.0,0.0,0.0,0.0,542.0,0.0,0.0,0.0
781,0.0,0.0,0.0,0.0,0.0,0.0,707.0,0.0,0.0,0.0
782,0.0,0.0,0.0,0.0,24.0,0.0,0.0,3.0,0.0,0.0
783,65.0,0.0,50.0,28.0,0.0,67.0,274.0,0.0,0.0,53.0
784,44.0,0.0,0.0,59.0,0.0,0.0,296.0,0.0,0.0,44.0
785,0.0,0.0,0.0,9.0,0.0,0.0,40.0,0.0,0.0,0.0
786,0.0,6.0,0.0,0.0,0.0,0.0,390.0,0.0,0.0,0.0
787,0.0,0.0,0.0,0.0,0.0,0.0,0.0,0.0,0.0,0.0
788,0.0,0.0,0.0,0.0,0.0,0.0,156.0,0.0,0.0,0.0
789,0.0,9.0,27.0,0.0,0.0,55.0,0.0,0.0,10.0,0.0
790,0.0,0.0,0.0,0.0,0.0,0.0,0.0,0.0,0.0,0.0
791,0.0,20.0,0.0,15.0,0.0,0.0,0.0,0.0,0.0,0.0
792,40.0,0.0,0.0,0.0,0.0,0.0,0.0,0.0,94.0,0.0
793,0.0,0.0,40.0,0.0,0.0,0.0,0.0,0.0,0.0,0.0
794,0.0,0.0,0.0,0.0,3.0,0.0,0.0,0.0,93.0,0.0
795,7.0,87.0,33.0,0.0,71.0,0.0,9.0,0.0,0.0,0.0
796,0.0,14.0,0.0,0.0,0.0,0.0,0.0,86.0,0.0,60.0
797,0.0,0.0,0.0,0.0,0.0,0.0,0.0,16.0,50.0,0.0
798,0.0,0.0,0.0,0.0,0.0,0.0,457.0,0.0,0.0,0.0
799,11.0,0.0,0.0,0.0,0.0,0.0,0.0,0.0,0.0,0.0
800,49.0,0.0,0.0,0.0,34.0,40.0,0.0,0.0,0.0,0.0
801,7.0,58.0,73.0,57.0,14.0,55.0,294.0,34.0,80.0,0.0
802,0.0,0.0,14.0,0.0,20.0,0.0,0.0,52.0,0.0,7.0
803,0.0,0.0,0.0,0.0,0.0,0.0,536.0,0.0,0.0,0.0
804,0.0,0.0,44.0,48.0,0.0,51.0,50.0,62.0,0.0,80.0
805,0.0,0.0,0.0,60.0,0.0,0.0,0.0,0.0,10.0,0.0
806,0.0,18.0,0.0,50.0,101.0,0.0,413.0,0.0,0.0,0.0
807,0.0,0.0,33.0,0.0,0.0,0.0,0.0,0.0,0.0,48.0
808,40.0,0.0,34.0,0.0,0.0,0.0,0.0,2.0,14.0,0.0
809,57.0,0.0,0.0,0.0,0.0,0.0,0.0,0.0,52.0,0.0
810,0.0,0.0,28.0,0.0,72.0,0.0,0.0,0.0,0.0,0.0
811,0.0,0.0,0.0,0.0,0.0,0.0,180.0,0.0,0.0,0.0
812,0.0,0.0,0.0,0.0,0.0,0.0,100.0,0.0,0.0,16.0
813,0.0,0.0,0.0,0.0,0.0,0.0,16.0,39.0,0.0,46.0
814,0.0,46.0,0.0,0.0,48.0,0.0,0.0,0.0,0.0,0.0
815,0.0,0.0,5.0,0.0,0.0,0.0,0.0,0.0,0.0,0.0
816,0.0,0.0,16.0,84.0,0.0,56.0,0.0,0.0,0.0,0.0
817,0.0,0.0,0.0,134.0,0.0,0.0,0.0,0.0,0.0,0.0
818,21.0,70.0,12.0,0.0,0.0,22.0,160.0,0.0,0.0,7.0
819,0.0,63.0,52.0,36.0,0.0,0.0,0.0,0.0,0.0,5.0
820,30.0,0.0,41.0,0.0,0.0,0.0,0.0,0.0,0.0,15.0
821,42.0,0.0,24.0,0.0,0.0,32.0,335.0,65.0,0.0,66.0
822,0.0,0.0,0.0,0.0,0.0,0.0,0.0,15.0,0.0,36.0
823,0.0,0.0,0.0,65.0,57.0,65.0,534.0,0.0,0.0,0.0
824,0.0,0.0,0.0,0.0,0.0,47.0,253.0,50.0,0.0,0.0
825,0.0,0.0,0.0,0.0,0.0,0.0,0.0,0.0,0.0,0.0
826,0.0,0.0,67.0,47.0,0.0,38.0,462.0,0.0,0.0,0.0
827,0.0,0.0,1.0,0.0,0.0,14.0,0.0,0.0,29.0,0.0
828,49.0,0.0,26.0,0.0,17.0,0.0,0.0,32.0,0.0,67.0
829,47.0,13.0,45.0,21.0,67.0,0.0,0.0,31.0,0.0,48.0
830,0.0,0.0,0.0,0.0,0.0,0.0,0.0,0.0,0.0,0.0
831,17.0,17.0,50.0,68.0,0.0,0.0,37.0,0.0,0.0,0.0
832,51.0,0.0,37.0,78.0,0.0,0.0,0.0,0.0,0.0,0.0
833,0.0,0.0,0.0,0.0,0.0,0.0,0.0,47.0,0.0,0.0
834,0.0,99.0,0.0,0.0,49.0,0.0,0.0,7.0,131.0,0.0
835,0.0,82.0,0.0,0.0,0.0,0.0,0.0,0.0,80.0,0.0
836,0.0,38.0,0.0,0.0,51.0,0.0,0.0,0.0,59.0,0.0
837,0.0,20.0,0.0,0.0,33.0,0.0,0.0,0.0,0.0,80.0
838,61.0,19.0,0.0,31.0,0.0,38.0,0.0,0.0,0.0,34.0
839,61.0,42.0,0.0,0.0,0.0,0.0,89.0,0.0,0.0,57.0
840,0.0,12.0,42.0,0.0,0.0,4.0,0.0,47.0,0.0,21.0
841,0.0,0.0,0.0,0.0,0.0,0.0,615.0,0.0,0.0,0.0
842,0.0,0.0,0.0,0.0,44.0,47.0,0.0,0.0,0.0,0.0
843,0.0,0.0,0.0,37.0,0.0,25.0,532.0,0.0,71.0,0.0
844,20.0,0.0,0.0,17.0,26.0,0.0,413.0,0.0,0.0,0.0
845,0.0,0.0,0.0,0.0,0.0,0.0,202.0,0.0,0.0,0.0
846,36.0,0.0,58.0,0.0,47.0,0.0,334.0,13.0,0.0,58.0
847,0.0,0.0,52.0,0.0,0.0,0.0,44.0,0.0,0.0,0.0
848,0.0,0.0,0.0,0.0,0.0,0.0,397.0,22.0,0.0,0.0
849,68.0,0.0,30.0,61.0,0.0,16.0,114.0,0.0,11.0,0.0
850,0.0,60.0,0.0,0.0,0.0,0.0,92.0,0.0,0.0,0.0
851,40.0,37.0,0.0,0.0,0.0,0.0,0.0,0.0,0.0,0.0
852,0.0,0.0,0.0,2.0,70.0,0.0,0.0,8.0,18.0,0.0
853,0.0,0.0,0.0,0.0,0.0,0.0,0.0,0.0,0.0,0.0
854,0.0,0.0,0.0,0.0,0.0,0.0,30.0,0.0,0.0,0.0
855,0.0,0.0,0.0,15.0,0.0,0.0,0.0,0.0,0.0,0.0
856,0.0,0.0,0.0,0.0,0.0,0.0,0.0,0.0,0.0,3.0
857,0.0,0.0,0.0,68.0,0.0,56.0,225.0,0.0,0.0,0.0
858,0.0,0.0,0.0,0.0,0.0,63.0,0.0,0.0,0.0,0.0
859,0.0,0.0,50.0,0.0,0.0,0.0,0.0,0.0,92.0,0.0
860,54.0,0.0,0.0,0.0,0.0,0.0,44.0,0.0,0.0,0.0
861,54.0,45.0,0.0,101.0,66.0,7.0,0.0,60.0,0.0,0.0
862,0.0,58.0,0.0,0.0,3.0,0.0,0.0,32.0,0.0,0.0
863,0.0,0.0,0.0,0.0,0.0,0.0,668.0,0.0,0.0,79.0
864,0.0,0.0,0.0,27.0,85.0,0.0,289.0,0.0,0.0,83.0
865,0.0,21.0,65.0,0.0,0.0,10.0,0.0,0.0,35.0,48.0
866,0.0,19.0,56.0,4.0,0.0,63.0,321.0,0.0,106.0,57.0
867,0.0,0.0,37.0,0.0,0.0,35.0,86.0,0.0,0.0,38.0
868,0.0,0.0,69.0,99.0,0.0,22.0,18.0,0.0,87.0,57.0
869,80.0,0.0,69.0,132.0,0.0,13.0,43.0,44.0,87.0,18.0
870,27.0,0.0,41.0,109.0,0.0,0.0,0.0,0.0,52.0,0.0
871,17.0,0.0,68.0,69.0,0.0,0.0,145.0,0.0,72.0,0.0
872,18.0,1.0,0.0,44.0,0.0,0.0,0.0,0.0,26.0,52.0
873,0.0,11.0,0.0,0.0,93.0,0.0,0.0,0.0,37.0,0.0
874,0.0,0.0,17.0,0.0,0.0,14.0,343.0,94.0,0.0,0.0
875,0.0,0.0,0.0,0.0,0.0,0.0,0.0,69.0,0.0,0.0
876,0.0,1.0,0.0,0.0,0.0,0.0,287.0,75.0,0.0,0.0
877,73.0,0.0,0.0,6.0,0.0,0.0,140.0,65.0,22.0,0.0
878,19.0,1.0,37.0,0.0,0.0,0.0,0.0,25.0,0.0,0.0
879,0.0,0.0,0.0,0.0,0.0,0.0,66.0,0.0,0.0,0.0
880,0.0,0.0,0.0,0.0,0.0,0.0,0.0,0.0,0.0,1.0
881,0.0,0.0,0.0,0.0,0.0,76.0,247.0,0.0,0.0,0.0
882,0.0,0.0,0.0,0.0,0.0,0.0,2.0,0.0,0.0,0.0
883,0.0,0.0,52.0,12.0,22.0,80.0,192.0,67.0,0.0,0.0
884,67.0,0.0,0.0,0.0,34.0,65.0,0.0,0.0,49.0,87.0
885,67.0,81.0,0.0,0.0,10.0,0.0,0.0,0.0,0.0,0.0
886,67.0,76.0,67.0,93.0,6.0,0.0,168.0,59.0,0.0,67.0
887,0.0,50.0,67.0,0.0,0.0,0.0,0.0,0.0,0.0,0.0
888,93.0,25.0,94.0,38.0,133.0,12.0,0.0,0.0,0.0,73.0
889,93.0,49.0,94.0,0.0,133.0,58.0,53.0,57.0,58.0,62.0
890,0.0,8.0,68.0,0.0,77.0,0.0,0.0,0.0,58.0,0.0
891,0.0,0.0,60.0,0.0,15.0,18.0,329.0,34.0,105.0,15.0
892,41.0,72.0,73.0,0.0,0.0,10.0,0.0,27.0,105.0,65.0
893,0.0,0.0,59.0,0.0,99.0,0.0,0.0,17.0,99.0,41.0
894,43.0,0.0,9.0,79.0,99.0,9.0,228.0,0.0,75.0,79.0
895,0.0,54.0,69.0,0.0,15.0,0.0,0.0,0.0,75.0,50.0
896,32.0,0.0,0.0,0.0,0.0,88.0,502.0,0.0,48.0,0.0
897,0.0,0.0,0.0,0.0,0.0,25.0,446.0,0.0,57.0,0.0
898,22.0,0.0,0.0,0.0,0.0,0.0,0.0,0.0,0.0,51.0
899,0.0,0.0,0.0,0.0,33.0,0.0,196.0,0.0,47.0,0.0
900,41.0,0.0,0.0,0.0,0.0,0.0,0.0,63.0,3.0,27.0
901,29.0,16.0,0.0,95.0,15.0,0.0,0.0,0.0,0.0,0.0
902,0.0,48.0,73.0,94.0,0.0,0.0,0.0,0.0,18.0,22.0
903,59.0,19.0,73.0,0.0,26.0,0.0,145.0,67.0,0.0,24.0
904,0.0,0.0,73.0,43.0,0.0,0.0,32.0,35.0,31.0,0.0
905,0.0,0.0,0.0,14.0,9.0,102.0,0.0,0.0,0.0,24.0
906,0.0,0.0,0.0,0.0,0.0,61.0,590.0,0.0,0.0,0.0
907,25.0,0.0,0.0,32.0,0.0,0.0,0.0,0.0,0.0,0.0
908,0.0,8.0,0.0,0.0,46.0,0.0,77.0,0.0,9.0,0.0
909,0.0,0.0,0.0,44.0,0.0,0.0,241.0,0.0,0.0,3.0
910,0.0,0.0,6.0,0.0,0.0,0.0,0.0,0.0,0.0,0.0
911,0.0,12.0,0.0,0.0,58.0,0.0,0.0,46.0,0.0,2.0
912,0.0,52.0,0.0,0.0,37.0,0.0,0.0,0.0,0.0,3.0
913,6.0,0.0,16.0,0.0,0.0,0.0,0.0,0.0,0.0,0.0
914,10.0,0.0,44.0,17.0,28.0,0.0,159.0,1.0,0.0,65.0
915,25.0,0.0,0.0,5.0,0.0,0.0,0.0,0.0,0.0,37.0
916,0.0,0.0,0.0,0.0,12.0,0.0,435.0,0.0,56.0,17.0
917,0.0,0.0,0.0,0.0,13.0,11.0,258.0,0.0,41.0,0.0
918,0.0,38.0,0.0,0.0,0.0,0.0,0.0,0.0,5.0,0.0
919,62.0,43.0,0.0,65.0,0.0,0.0,0.0,0.0,29.0,13.0
920,19.0,0.0,0.0,54.0,0.0,50.0,0.0,0.0,0.0,0.0
921,0.0,0.0,66.0,1.0,0.0,0.0,0.0,25.0,0.0,0.0
922,2.0,38.0,66.0,0.0,0.0,0.0,0.0,69.0,0.0,0.0
923,30.0,0.0,66.0,0.0,3.0,0.0,129.0,74.0,40.0,47.0
924,51.0,51.0,66.0,0.0,0.0,0.0,157.0,0.0,0.0,0.0
925,0.0,44.0,0.0,60.0,0.0,0.0,205.0,21.0,0.0,0.0
926,0.0,39.0,0.0,60.0,0.0,78.0,512.0,0.0,0.0,0.0
927,0.0,0.0,0.0,10.0,34.0,79.0,0.0,0.0,0.0,53.0
928,0.0,0.0,0.0,13.0,0.0,41.0,138.0,0.0,0.0,0.0
929,0.0,0.0,21.0,0.0,0.0,0.0,576.0,0.0,0.0,0.0
930,0.0,0.0,0.0,0.0,0.0,0.0,390.0,0.0,0.0,0.0
931,0.0,0.0,5.0,7.0,0.0,0.0,0.0,0.0,0.0,0.0
932,45.0,0.0,0.0,0.0,0.0,0.0,173.0,0.0,0.0,0.0
933,0.0,0.0,0.0,0.0,0.0,0.0,0.0,0.0,0.0,0.0
934,49.0,0.0,0.0,0.0,0.0,0.0,0.0,0.0,32.0,0.0
935,0.0,0.0,78.0,0.0,0.0,59.0,0.0,17.0,3.0,0.0
936,0.0,0.0,78.0,60.0,0.0,34.0,33.0,0.0,63.0,80.0
937,0.0,0.0,57.0,60.0,0.0,0.0,0.0,61.0,48.0,0.0
938,0.0,0.0,40.0,39.0,0.0,0.0,0.0,0.0,0.0,0.0
939,0.0,80.0,0.0,14.0,0.0,15.0,0.0,37.0,67.0,0.0
940,0.0,45.0,0.0,0.0,0.0,0.0,0.0,0.0,51.0,0.0
941,17.0,0.0,0.0,0.0,0.0,0.0,0.0,0.0,0.0,54.0
942,25.0,0.0,0.0,24.0,0.0,0.0,58.0,0.0,0.0,49.0
943,33.0,0.0,0.0,10.0,0.0,57.0,0.0,47.0,0.0,0.0
944,15.0,42.0,67.0,0.0,46.0,0.0,62.0,10.0,0.0,35.0
945,11.0,47.0,64.0,0.0,64.0,0.0,0.0,0.0,0.0,43.0
946,52.0,0.0,0.0,0.0,36.0,0.0,382.0,0.0,66.0,0.0
947,52.0,0.0,11.0,29.0,0.0,0.0,0.0,52.0,66.0,45.0
948,0.0,0.0,58.0,32.0,0.0,0.0,112.0,0.0,66.0,33.0
949,0.0,38.0,51.0,52.0,16.0,33.0,468.0,0.0,66.0,0.0
950,10.0,0.0,33.0,52.0,0.0,80.0,61.0,0.0,0.0,0.0
951,0.0,60.0,0.0,0.0,73.0,72.0,0.0,16.0,0.0,0.0
952,0.0,50.0,0.0,0.0,44.0,54.0,262.0,0.0,0.0,0.0
953,0.0,14.0,14.0,0.0,57.0,0.0,0.0,8.0,4.0,0.0
954,42.0,0.0,0.0,0.0,24.0,0.0,0.0,0.0,3.0,0.0
955,0.0,2.0,40.0,0.0,0.0,0.0,277.0,0.0,70.0,0.0
956,0.0,0.0,0.0,0.0,0.0,0.0,368.0,0.0,0.0,0.0
957,0.0,0.0,0.0,0.0,51.0,50.0,49.0,0.0,0.0,5.0
958,0.0,0.0,0.0,0.0,32.0,0.0,19.0,71.0,0.0,0.0
959,0.0,0.0,0.0,0.0,0.0,0.0,97.0,0.0,34.0,67.0
960,0.0,23.0,0.0,38.0,0.0,0.0,0.0,0.0,0.0,0.0
961,0.0,0.0,49.0,0.0,0.0,0.0,0.0,0.0,0.0,0.0
962,0.0,6.0,53.0,0.0,0.0,0.0,0.0,27.0,0.0,0.0
963,0.0,58.0,0.0,0.0,0.0,0.0,0.0,39.0,0.0,22.0
964,36.0,0.0,0.0,46.0,0.0,62.0,0.0,28.0,67.0,0.0
965,76.0,0.0,0.0,31.0,49.0,0.0,0.0,0.0,39.0,0.0
966,0.0,19.0,0.0,0.0,28.0,0.0,361.0,46.0,48.0,0.0
967,67.0,54.0,36.0,0.0,0.0,29.0,40.0,0.0,45.0,0.0
968,67.0,42.0,26.0,68.0,0.0,41.0,0.0,22.0,12.0,1.0
969,52.0,0.0,0.0,26.0,0.0,0.0,521.0,0.0,0.0,40.0
970,46.0,0.0,53.0,0.0,36.0,0.0,0.0,46.0,53.0,0.0
971,48.0,46.0,53.0,0.0,0.0,0.0,0.0,0.0,22.0,0.0
972,0.0,0.0,0.0,0.0,1.0,48.0,469.0,0.0,61.0,0.0
973,0.0,0.0,0.0,0.0,0.0,0.0,0.0,65.0,6.0,60.0
974,0.0,0.0,0.0,67.0,0.0,0.0,93.0,44.0,0.0,39.0
975,2.0,35.0,0.0,65.0,0.0,0.0,301.0,40.0,0.0,38.0
976,0.0,0.0,5.0,65.0,0.0,24.0,49.0,32.0,60.0,51.0
977,5.0,0.0,73.0,0.0,0.0,57.0,237.0,0.0,60.0,0.0
978,0.0,0.0,28.0,0.0,0.0,29.0,376.0,0.0,0.0,0.0
979,0.0,0.0,43.0,38.0,0.0,0.0,329.0,0.0,0.0,0.0
980,0.0,0.0,30.0,0.0,2.0,0.0,209.0,0.0,0.0,0.0
981,0.0,0.0,0.0,0.0,0.0,0.0,311.0,0.0,0.0,0.0
982,0.0,0.0,0.0,0.0,0.0,0.0,0.0,0.0,0.0,50.0
983,0.0,0.0,0.0,0.0,0.0,0.0,0.0,0.0,0.0,0.0
984,9.0,0.0,0.0,0.0,73.0,0.0,9.0,0.0,0.0,0.0
985,0.0,68.0,0.0,0.0,12.0,0.0,0.0,0.0,0.0,0.0
986,36.0,68.0,0.0,3.0,0.0,60.0,0.0,0.0,74.0,0.0
987,0.0,0.0,0.0,0.0,60.0,19.0,0.0,0.0,72.0,0.0
988,56.0,0.0,0.0,73.0,23.0,0.0,0.0,0.0,0.0,6.0
989,60.0,36.0,44.0,73.0,27.0,6.0,80.0,20.0,59.0,73.0
990,0.0,0.0,39.0,63.0,44.0,0.0,0.0,0.0,16.0,68.0
991,0.0,0.0,0.0,1.0,0.0,0.0,0.0,63.0,0.0,68.0
992,14.0,7.0,37.0,0.0,0.0,23.0,305.0,46.0,28.0,59.0
993,0.0,0.0,57.0,0.0,18.0,46.0,0.0,0.0,0.0,31.0
994,32.0,53.0,50.0,0.0,0.0,0.0,51.0,0.0,6.0,0.0
995,0.0,0.0,57.0,15.0,44.0,55.0,204.0,42.0,0.0,10.0
996,35.0,9.0,0.0,0.0,0.0,55.0,0.0,0.0,16.0,0.0
997,59.0,46.0,0.0,75.0,0.0,62.0,130.0,0.0,0.0,0.0
998,40.0,0.0,19.0,55.0,60.0,0.0,207.0,28.0,0.0,55.0
999,20.0,0.0,53.0,75.0,0.0,53.0,105.0,0.0,0.0,37.0
1000,0.0,0.0,53.0,75.0,60.0,0.0,45.0,43.0,63.0,25.0
