1,18.021286031498676,18.02128603156052,18.021286031516865,18.021286031476848,18.15915559226778
2,-31.09148534087217,-27.949540670682836,-20.417668203825087,-19.788634949101834,-59.54544677324793
3,-184.2827286566171,-203.6127718229145,-155.15634363849676,-187.0049281886004,-211.43164307661755
4,-17.461149888731597,-19.86748242260728,-8.995617654783928,-11.490921214155605,-0.7104598626820007
5,3.527062531664342,10.079926510823498,8.258722309359655,11.025194719179126,14.105723042614045
6,-2.5842727896451834,4.529370170675975,-9.809096565537402,-15.61385612758022,-24.51070761118899
7,-52.90157204140269,-90.74575494970122,-97.77142993192501,-95.84344412974497,-131.78681678314024
8,16.08209087537398,7.935132774429803,17.286840701306573,18.37117617833428,15.908378637098394
9,-35.42430787078683,-169.16969495819285,-135.03073676627173,-34.04097991608796,-166.81470101542618
10,-17.463241641031345,-16.141696300690455,-137.5466737643237,-88.82935977964735,-40.414860900672466
11,6.7888675124777365,-30.637515475851615,-77.88965765751345,-50.15607416415878,-1.7531629880058972
12,8.410200530404836,8.240167095551442,9.399655155710207,-65.95386331454392,12.166478277833448
13,-36.58893323991106,-41.054727993816414,-98.36536583800807,-94.48445366007763,-43.57856650053873
14,17.973570373148505,13.694646506284698,9.216326669193222,15.443436217292401,13.137679054721957
15,16.44508855134154,-46.20228557399969,-37.07932293077283,-56.26084430640185,-39.23886449121528
16,21.83697498352103,-19.964147905848222,-21.22610752811488,6.953332415336263,11.541261787397161
17,-30.465433958992435,-11.76711023338612,-0.7725851999821316,-30.361443901752864,-143.2596894155522
18,-55.09685280091344,-38.58470904965179,3.210092459248699,-74.85043916339146,12.891165346039998
19,20.287804383075127,4.679422234001322,5.185938847314901,-95.32286146279148,-3.7260906555184192
20,-159.06747752426054,-43.42180148618354,4.33202485908987,9.142229138910807,-19.129275980665625
21,-80.91973833706288,4.146422889642054,4.508188774852897,3.1004063561713338,-31.254344570845205
22,-122.30907294269309,-32.51040730225213,3.5517553348327056,8.504825883370358,-16.26132458101165
23,-21.944183596939183,-114.07062291992406,-9.9772571833837,-6.162897714731116,-52.94957189545403
24,-65.5603818674117,-87.77939835606594,-23.4246569934312,-37.40129925392921,-24.3736706646323
25,20.897111835281976,11.780800427013673,6.994626370542392,4.7761439807563875,6.022917607625459
26,-222.95253420592053,-2.7849775053400663,11.5209317614881,2.7369190135968893,-61.555407914260286
27,-163.79347928917377,6.3727317661087,-26.34981330564551,4.153226178600107,-6.0163299430214465
28,-27.661463444475885,-75.17278327583517,7.368838691410929,-16.07995203947985,-0.2933623965991501
29,13.575626284940881,-49.8503915375677,6.685470148779132,0.07188953395598219,4.590778540075007
30,-21.042245373433616,-126.21139618510097,-24.043258564584903,1.1157644733420966,-12.844913120292404
31,13.544348215744321,-88.10916604935846,20.028052396906787,-5.840238560255784,-25.189175067587712
32,15.47956599696954,4.149122760147293,7.5287340806062275,-0.34396489480241144,7.295590360845836
33,-28.987106787173616,6.559571595593297,-175.27076745028717,-0.8778240859546713,-11.625267311043899
34,6.345302926538352,8.833854514363338,15.833611000265591,1.0665236031163658,4.909976556495167
35,17.32032867527232,6.431185206849477,-82.84808139764937,-13.811198707485346,5.330262892497558
36,16.264803000851316,-33.69594144713119,-7.872184101390303,-0.6827521957347926,5.25769667332861
37,20.776800055175954,10.723640763555522,8.302404359814318,-2.1174326958625898,-7.4617458309548965
38,7.669022139982189,-22.561505039997428,-26.877181763422413,-0.9477478139615414,4.603171707496585
39,-228.1850414742039,-39.16091886038885,-132.6940845757199,-1.0553495794974879,-23.512982655098313
40,-1.9915890288357332,1.9121900461341284,12.608105903607793,-1.2882150107561756,3.768459057006112
41,20.902980779328573,-1.9107928213943524,13.495591177922506,-1.241854991452783,4.443886753371771
42,-37.12810910328153,10.564352393841546,-87.45964223985811,-4.008345008971446,-20.05338745805784
43,-11.753330670922878,-17.925446305527657,10.124411419577882,-1.5818123146091239,3.6903330665518297
44,19.47921930802113,8.931157244829592,47.53198634043292,-0.49664257919539523,2.568587480191127
45,16.945661925406966,10.34462564875139,-28.40728924875657,-4.098064340691053,3.7496559261307993
46,20.978906459903556,-50.39111996320753,4.36816746693512,-7.5140971340479155,3.5091834085924347
47,-6.501903725726152,10.32710764136391,-9.011433332165325,-4.3929456037622,-117.52593341080046
48,-78.35052500829624,5.88964918185593,-26.43493794842834,-3.9832656483140454,-0.16167664407839766
49,-18.21454164654733,-8.732116051405683,-12.63787132825928,-4.901310195455153,-5.512210780016176
50,-20.939341107103246,12.187360883295696,64.74042802739132,-0.5149886702674848,-71.2937973136577
51,18.152510480587807,9.788012689212337,34.99906471243412,-1.6935543678937393,2.803197964643914
52,53.286147029781205,16.303022769629024,6.9380072060230304,-0.7953183077552239,5.030691666059283
53,-52.61592874370854,16.321862803477416,2.937474646672854,-3.8494795268452435,6.353334162484316
54,6.037788495918903,-27.664881394093754,1.908011341951351,-5.843468695082265,4.804680354076481
55,28.23772892176021,19.774188529081584,0.8978724946100556,-3.4068067181560764,-80.40074341036961
56,-15.807383715651667,24.649416897302217,4.678131560574911,-6.47321145179194,4.699404348266398
57,-28.63878735347862,17.06136085993421,5.103027867484343,2.220180907708709,5.103454080524898
58,32.979231239840374,-59.15361262742954,3.053229248826028,-35.54704015297466,3.5846977246146707
59,-29.815187401735784,-66.08618043070601,-19.636538301449036,-9.112273314894992,5.7625009304247214
60,46.3535620141829,18.43249770268085,7.275962162013457,1.8222845262098417,5.148503847813117
61,-57.29716160530734,2.3379826864766073,6.892011621143865,-25.83084048767887,7.1819549331867165
62,-2.665274581473568,17.913012274881112,-15.04825617642382,2.337600233457124,0.8276553074520052
63,19.033606534898354,23.03640733769862,3.665677908593352,4.885747813370472,9.977003150530436
64,1.038030016597986,6.199014315963723,5.186604716856891,5.745769970768379,2.9361648965514178
65,-55.8212133250081,-135.48301438573617,-28.32001415936611,8.333702058242125,-56.14973224221103
66,-13.820732900547227,28.019962940728874,-23.533970596548897,-99.6644210937593,7.9527286464726785
67,-9.39070770741273,18.85165248990961,3.0837303487351164,-19.84987412560986,2.254564821572785
68,-1.476310621106677,-61.98785494825643,-16.478467947124955,-1.9361891434436984,6.322058124866999
69,-2.9474328064825386,36.64549944188002,1.2648074744174664,6.552034097510841,11.792643822373066
70,-1.55043515061152,-1.8434895147183852,4.257553381239632,6.807768969978497,10.668196552307563
71,-38.18624644292868,-7.161596769325115,4.701915821162402,-56.83186354742611,11.957360282100126
72,1.629401514222991,-129.1249014026398,5.471477946321102,5.717684288183591,11.235936440371006
73,-3.5502899600087403,-15.92980976216495,1.7811997055905522,5.182377570248718,-65.43063797864852
74,-4.546578713621784,-1.4379419965553097,-38.807591151569795,-20.809411493368316,13.798230699543637
75,0.1492850912909489,9.481230115611652,4.007108258443623,3.496087494908352,-2.990078573478968
76,0.7485966802541952,8.105462115155206,6.579875547136908,3.25470904921076,17.341714528876764
77,2.121185698895715,7.16248093249942,2.0134472081153945,-24.856966846333307,-53.596055706906554
78,0.42898444180900697,1.757516545460021,-125.51768235148484,3.2944317230940214,-20.766954909735432
79,6.446906991186552E-4,7.295129849858313,8.90402610122328,3.24389015163797,22.74822357548601
80,0.643659273195226,8.902413892838922,3.742424520984059,-29.182115312945825,-33.50398179720469
81,2.112973786243856,9.759716797024339,-10.935169693915668,5.597397533880212,15.279343084377615
82,1.319854521992056,10.172220277478118,11.929108585893118,7.0265945928804285,6.8749380750396085
83,-0.463752819921865,11.530138007699861,13.063430209807848,7.546829240498482,10.243533624543488
84,0.6540591279972432,5.66266112600897,10.263146396122465,2.438888213244354,-32.769056680827816
85,-10.070758246865807,12.3206895844487,-14.949095334963204,6.242353985058799,-3.663442931780992
86,0.3064163370636379,-86.55324635924808,-52.46621536996827,8.257259702888405,-31.253288183549557
87,0.6461543349796557,-15.097375722671131,11.229216019917658,-36.37266457097394,8.536434864230614
88,0.8509661031985161,1.6218735371803632,-101.24111530009759,-37.27647405350581,3.401616029574143
89,-2.429184959313716,-44.218112331578595,11.809457042776558,6.588679949676589,-46.19283019384966
90,2.382959413651406,11.933246678087016,9.98438276997149,9.634752233796462,4.21330364221285
91,4.111360416471143,-19.23439431920633,8.88231783844094,9.15143754329074,-2.137539823899715
92,4.4125182871021025,4.008194382196962,8.758892726003978,1.7591937397719448,-63.05968470906373
93,2.9060661341172818,9.928273329542208,2.137245879119291,5.128063261463467,-6.193840095544147
94,4.104088448283619,12.863013898040663,3.18305711564426,10.915161063057894,4.604450921124226
95,4.437850289868038,10.47223877842589,11.65647086026729,-14.983930320437139,-13.763536107577238
96,3.985826925682886,-57.50003716160609,12.654873346289605,12.127658445087945,-1.0559592956633423
97,2.396983678500874,8.021939445463431,-328.56094387041776,-69.47926358110271,2.171254545530246
98,2.11508405951281,7.577464447243983,-24.8520515205646,-49.450582544635836,3.0929579091134656
99,-7.347990122344072,-8.543731745627156,-25.612449005425333,-58.912837529442186,-51.990490978922026
100,8.900196803309427,5.765794899711182,10.501402150160175,14.964849897576642,1.4189594804192893
101,7.169673077387415,7.003008865820448,-43.36566563479664,-11.189052463685584,7.036972424568376
102,10.418215470202995,-12.084462002396322,0.009592015788257413,-45.765795362371136,64.98320077382596
103,10.484326430031615,-69.85371382724588,9.135419959714,14.682942657669628,-2.500666515687044
104,10.901114239316485,0.010520324549361249,5.253260720361141,12.146749144036221,26.954209154180717
105,9.8714331078736,-29.28185419487818,-17.921026288704525,17.470608889924733,14.479874190263217
106,10.970058951864303,4.634026315738083,7.908581992038307,11.268671878000532,12.284774309417116
107,12.496725988698472,4.569599169941284,6.529219554309748,6.080994354100767,-29.31712449180486
108,-6.8491580862646515,5.093783349668229,-48.205833188718316,14.7672226186005,-33.65315998157894
109,14.524161820642803,6.688339883279696,-5.31205429833426,-8.099366626260235,7.18500107870932
110,17.914987455190385,6.616725467265496,6.413885227382707,8.216019558425614,-26.913133266385557
111,16.255772482309112,9.412381484449725,6.822082080179825,14.126074366718967,-31.773516254477727
112,15.50048869224156,4.074794223251956,-44.28296705162211,-44.36446799875921,10.402951406322245
113,8.152171216732313,-52.0672537244609,-38.52635735864351,11.837472535124107,-44.04690335372288
114,6.516022525669541,-3.0717125165010657,-9.33382524991248,18.52889750421673,-36.83058578889177
115,20.4790140197656,-7.2244463283605,7.420872501288613,16.974290507874684,13.900249924514355
116,23.805594635443413,6.876988106891076,8.178644568144591,-20.133193627538276,-11.705792937358638
117,-56.99997506231193,-30.91341405077219,6.74910873663066,-4.567385766502412,-11.14203985622953
118,13.889403132534426,9.510474781141966,-43.60224957020728,-59.05850727057259,-22.703655018896825
119,25.812332587976925,-3.08249519187666,7.6298828220205905,12.553750812867293,11.88236004421924
120,25.54996170488448,-7.8720522194307705,9.569865756972831,-10.267893641073897,7.490678740556177
121,-61.32115272098872,10.22659392548303,-12.720311205514918,0.5319614396139514,11.79511386849481
122,-34.33625853737067,-193.2657324438551,0.8271680043017113,11.002357588749874,0.8593451081032981
123,23.780730601381947,9.452436670831958,-8.639387185585292,17.32803152874476,3.783567353224498
124,20.010088528712004,15.486850307090208,8.95983563603022,18.60229352476381,8.240456537190767
125,-36.81491180206467,9.497353048529476,-7.832081107752856,11.829849743575323,5.651420592148497
126,-108.13765855357633,2.62979228889526,9.096985427107029,15.68060029980552,13.417750937929668
127,17.834601600450696,9.591919540524032,-13.919622093104408,19.181724059446424,-110.90590631997475
128,-20.752928998284915,2.671254151426183,-81.64565019522524,22.469848386739613,23.06458964025296
129,16.35388471161059,23.428637825240003,-40.743305221047194,25.13249138509127,24.114686781424098
130,3.624540814154898,24.558008961812448,44.61911994951879,28.651630542713974,-26.07743553061664
131,10.982179120172077,21.98384701915529,-13.112641105031798,32.6754218137321,-16.58895941719311
132,15.1297433454165,11.578248759115013,17.884493866678895,3.6349078129278496,15.723123228501208
133,-41.90476289801154,-384.24440329761455,17.38917837768713,25.933099437144847,22.481553619458282
134,5.70979868160066,8.422508732404822,-34.70284398278454,23.84276621742356,12.401355738969869
135,12.899145616851456,20.08679692864098,-35.22956117418653,2.697076875187122,9.975944765545137
136,11.637270958701265,19.139666698198198,80.93593214455905,20.81683039960626,12.695007663871365
137,1.1742034585913643,-66.33873720476913,-10.992940149310016,-8.635769519605674,6.000098202268418
138,-53.52610048103452,-126.99127777262765,20.83360792410167,-232.54991751459602,14.402175882414667
139,20.48137702306849,-38.7752797498797,24.582879782617965,23.423090108772158,13.503440048445555
140,18.11513440941053,17.283718835623404,-147.85966640849801,16.237598430419894,-36.72356611468058
141,20.81493669456904,15.883206066077037,-14.219182627482951,23.801619062815007,10.588949592127392
142,12.158912603692443,4.631828370271251,28.72026045405437,49.15326921097221,12.70909621253486
143,20.041284002069006,-23.269441158532572,21.829369824306923,40.847695085965825,-6.171433529774731
144,13.706764223861683,11.305513770083053,9.401801149326275,16.864739434029616,10.202706720903734
145,-15.098393946042052,-13.820164246997592,24.56089924644948,3.768412559067656,-14.708742185030133
146,28.976711683713802,6.995177810560563,-8.497453453554044,18.92798543016761,8.995585710654268
147,12.232859128005657,-40.1892818342385,22.02074880416876,14.496083722478943,7.436573060743285
148,-153.25660809117835,-2.696283595134446,20.584914334018322,-37.22599436195014,-26.85972655632395
149,-27.0274180651777,8.095613205885456,23.062429291214357,43.85300481764716,5.647501593049128
150,-173.52051231692712,-1.3663563649352,-166.91855657305496,16.205675475634052,1.8117380464573216
151,17.48870220657409,2.759176293406199,27.136743993729397,26.996013582138403,8.163476022376926
152,-11.190337417026967,-36.831577118075074,29.213706044041828,22.006956632940273,-19.565632632610686
153,23.653263087617233,6.1089733875014645,30.00835771507991,12.649938983558968,6.717315755058735
154,14.422660884894867,9.843510251077532,31.475105422125125,36.36223228540621,-10.898009641030512
155,-12.2776694632812,12.416202386521036,16.38368059855202,-174.2509425894168,-17.805832916925283
156,25.77780405007252,-10.607318614847827,8.243323521321145,18.275472512672422,-211.69637201049773
157,27.690306525099004,-29.626578723858984,-58.70148455484741,37.65977319389276,-1.8168450077464513
158,-170.99870802201985,9.596113241390412,16.672049848359165,-398.16441571029645,-16.65036152819448
159,27.44413571045152,13.664369456197164,31.659764555775837,-187.64731899864273,-17.92111952534833
160,31.30010852029227,12.557855002054566,-231.57769492683656,1.7734982217589277,1.9262069844844518
161,-16.48178284275491,-27.008978937250504,-68.50969186041038,11.786733515167725,-11.078437788404699
162,33.76295992749874,11.974459474331525,33.27813201238314,25.500951031470322,9.820569299627095
163,6.887672580691287,2.8164177391554404,-0.8740930572384968,25.777290123394778,9.625465465716843
164,39.67851716819496,8.285539310054446,9.752021867043368,-35.38613692131548,8.821044138843718
165,26.70304812561517,-33.20884351696077,1.5646759185565315,24.485009849158814,-4.3998291587340645
166,40.07485349458875,-280.40734434886326,36.334267221620394,4.867921731991373,8.432607672562881
167,42.83858477558351,16.00729376265008,33.388043857714365,24.35415967462177,5.130611224325548
168,-309.12464087372064,18.93280832896562,19.151704623283877,-38.055695901664876,-12.657527171762922
169,0.4296261676317954,12.995499709268188,6.651387937996333,-41.73478457680176,-25.520886217720545
170,27.720402632949117,20.700666227257898,37.15041762222245,2.7810948380047193,2.753735220299859
171,37.806800181142535,24.117684506392834,37.57968728971173,22.483485728091182,0.43449349704314955
172,-41.044519939667225,-100.8703802236596,-1.1861935459855886,22.178497953727856,-14.493759735585627
173,19.961284289645846,25.413988319323835,39.332264956407016,24.91066005018547,3.224080518579285
174,-86.03708583417756,26.075721962439275,41.96904812731373,3.0795092150874552,-3.531627304684662
175,-200.39340611012085,-53.632429256980686,-32.10794189931403,8.271321874693967,-1.1902619903630693
176,26.147214079072,22.197031521678582,36.32491030288293,21.275098475514824,1.451652730218484
177,28.05346106296929,22.748984312554967,17.928522521578998,21.33775143735329,2.1205585032475938
178,-111.76802296009191,-31.891200693673454,-399.0564049726963,22.75300376190171,-26.781278570968425
179,2.2298002705792896,-2.9358944538762444,-162.8417441492129,23.040370555147092,-3.8600798852603475
180,-1028.833317376375,23.64373885196619,19.533949723670958,-64.669377946233,-4.802493579572911
181,-31.872601918670625,12.872800941611786,-158.24310794433404,25.376662752187258,-8.760191308552749
182,21.22867381724791,18.465033104284885,28.952180597734696,27.469814876549208,-0.35877003864152357
183,-16.341501751434407,15.836516984223636,-28.199633662552515,21.426970804586745,-4.860990828059585
184,23.697329676233494,0.9848287297681964,14.127435838163365,-96.63183877646952,-9.210871672315989
185,-91.19485435180104,14.20379179493466,-84.03145626094556,-160.66122504902887,-6.564541331703367
186,-124.92623316970275,-110.56102741404175,25.73523238247435,-68.87030998577393,-2.855473173167411
187,11.564494530888624,-99.2560853152354,33.727319790687034,-7.310535336888279,-0.6630760985717643
188,8.420576534692373,-19.30223211910925,-107.20254912790915,20.866716527332756,0.18149791381074465
189,22.983631669787428,-33.868151551560004,9.126022458865918,-534.7917875120911,0.3068617299795733
190,23.97589498018715,19.552491916168947,67.89788183547353,8.470617539402156,2.0874685410235543
191,7.501001620010356,-69.2878947371064,59.13896675714204,17.59103674879225,-21.058696130006865
192,-3.859072731487686,14.167898989180685,-141.70636850765732,-48.8981928843823,3.622743387530136
193,-4.989973220275715,25.38988198718289,26.4266978697342,20.910087038213533,1.9309451867557073
194,24.67008112147596,1.096520806360786,113.65857664873693,-47.788035998048144,4.276465558821656
195,39.72288207774545,2.5961226692816126,-79.9851206894491,24.821343510835504,6.9517857285172795
196,-176.26602661981087,-27.053888886235654,-108.04688929517579,0.1619655996983056,-147.8758512712484
197,17.96925648222532,14.811514844830526,-68.10739090334027,21.539044217450282,-12.155408136324695
198,14.076133601378388,11.769176663940016,33.01688613596343,21.209759320565354,6.971273823983211
199,-62.78227814110869,-374.9026864714506,1.0974380261650367,-8.263801389148284,12.962872758387675
200,39.36983582632092,18.84719193678029,-23.4005001271762,20.392883061515022,13.369128448171978
201,-225.74206511273587,16.074730747735885,-132.96409997639057,7.547875578940875,14.483740772622696
202,43.43645148933865,-11.667692792223534,67.39640268231778,16.70842263574741,-11.130838273951667
203,8.073319433915458,4.211157307447138,92.5537484629167,16.52422853597818,-4.712650424255116
204,1.1293343322904548,-54.044084282722906,-253.1771114182593,19.443093911424512,4.150684858948807
205,30.805324488432234,1.7711011833671364,17.692945840117318,35.80193110647997,13.733571205513726
206,-33.11982249439825,8.844056251637085,20.93517423963567,32.3144999946453,14.014941317363991
207,24.599669799779804,-0.09034165015327744,-12.026146085103392,-7.2511889781708305,13.720940046350734
208,9.550870054605184,14.99853841850927,31.45211963912152,17.263506742972822,14.886773312598962
209,23.034102680689102,14.565950977410466,13.55259579880294,24.775747237752512,-26.30359677899105
210,31.630711904537748,10.121712747341007,-56.22917525070807,22.10291680904629,11.57045677809947
211,16.59979763930096,19.00250652988325,-2.238705775947892,39.02977101572469,12.78501668178069
212,-239.93242891567206,23.164995194903895,-127.90891145173373,-173.05562992026535,12.385272021052515
213,27.091466995447263,5.681567273808469,-0.01702632302112761,-58.40478321946284,5.552949043169065
214,30.912327964560973,29.278029301118295,15.768719301231613,34.13993959555228,10.23967769806768
215,24.4969284852923,19.421263885582448,-6.896796108361741,-53.080643650995626,-75.75920497884363
216,-40.77467622868062,12.596984626703488,14.648601147800946,-148.5065145946719,-73.34036970518355
217,34.57302382335183,19.256740199703927,13.56996749848986,-32.59926573156554,11.004684646562964
218,4.731359778033948,30.24180288449861,15.700729152962595,21.636313461065583,12.234239401463128
219,37.23116884868432,29.956052888686827,16.168168536762096,15.987039463179826,12.73862948068927
220,39.33333526540082,36.345430585712165,25.147797745474236,31.580125171283726,10.636189463915798
221,38.00251981393376,31.9123940958998,16.044631366312387,23.17025100052706,12.302759897182113
222,35.03449829649617,18.68910869955289,24.137191249443276,25.412975764105795,11.259141918155365
223,-14.405826189162326,39.76578790483836,25.070778393666842,-7.903649389430939,-78.39162628318809
224,6.0620966657515964,-24.79748407655643,18.946679979817418,22.04313237810129,15.364241781855526
225,31.827768992094207,37.52446027084443,29.677748651298316,21.10768928498146,6.148688495359238
226,30.185369879211066,40.75816481042784,18.12583647194697,23.455079366845894,16.832377510254446
227,29.61187982172123,38.66842409992023,34.41202406047887,26.301241356068203,12.411942125458154
228,-7.176435212990327,18.791924469172955,-208.47284877577476,23.27696963224298,-36.562350647116546
229,30.70105797771248,-316.0948209017224,16.558832291484578,27.24176667622305,16.636410894174332
230,-581.738576179072,15.856974228245235,-58.01814169622594,-178.5432189214407,16.02750085630396
231,22.753200063012628,31.713714493809675,5.637127597925428,12.8290073196913,-68.0756458704418
232,30.100598435801658,-1.0058206410249113,-31.07245545620026,-20.036457097983657,18.705954944365658
233,9.841292158809665,33.336544368208706,24.32270172093922,13.686041082532029,-67.41759967737744
234,34.83713974960847,24.60123521141213,18.175865799892563,30.286683176895167,15.308228424924891
235,38.23154427625559,39.16694025335164,20.78681848886663,30.410687402210897,16.508697771274456
236,2.557711176290468,-30.311484891823056,19.883315585610035,-36.01349241797652,14.661994199541368
237,-165.63926882419764,-183.38566385187733,19.415772461579763,-87.96239257044363,12.54757989196878
238,45.517093529342674,42.84510756872987,6.889917361349944,-42.830666355883295,12.060329407901008
239,48.441346451916615,7.46936195899616,-142.49538458473035,-9.2467726304385,7.500521702977494
240,-7.387588131787197,43.94763457930094,17.32869067968568,21.66746530776618,13.423492727542907
241,6.6152356846723706,44.66294998012745,3.356055926782574,15.947219993417093,17.375652737035125
242,11.860465551824745,-11.060494353048853,5.634258659232728,23.979768702480214,18.95155988865372
243,-17.97666580657824,35.47052895379238,-11.21870795212817,29.042602839297615,-33.501343085590634
244,35.909399258533085,33.695616666955175,21.34153269293529,32.423662471246644,-4.708948430630699
245,10.118128447298659,-74.14431624425197,-313.96861688926583,-158.98218684230233,-45.66817622903909
246,32.354828691182774,-1.3403352051464026,-4.762909266872157,-37.937781981145235,23.83067310439219
247,32.683736924293044,-48.96412674884414,24.35219381634124,37.930544001479575,17.20795945807913
248,2.6409000864223344,30.64507552165378,-119.29281065383293,-46.84976947206087,-25.457321796118777
249,8.364993672534183,-148.52235067788206,25.704424392770306,-166.78784073959469,-22.450080487018568
250,26.868069445386936,22.973983646537818,23.113230775285047,-2.1229773916711565,26.89188618475964
251,-2.7455381047693663,7.8635332561752875,-20.175478827512052,18.771240529735223,-66.97142613816686
252,23.573648664954817,17.367962809905293,9.140860335817706,28.99891240624129,5.366893823949795
253,27.94339627140289,20.073669077690283,27.587829889809655,55.69592487339105,29.64432176221453
254,-271.76915834852844,24.410050294241955,-341.49045139221926,-158.10410817460797,-175.03695150553904
255,-97.03481157480564,-12.919621529017604,-99.96853839524556,-45.18948790414288,30.28410487684232
256,31.24859535881842,23.581441712507512,24.72372341845039,46.30569375252526,33.425088848074665
257,-30.642163191478176,-9.19449534722844,23.7481131507011,43.950884445723204,5.902371721113013
258,34.21337439941999,22.89288365092034,22.341114985145396,43.5717038934381,-31.443252595290687
259,32.588574994508235,14.47054704187758,26.029644870792254,39.47170898289187,-29.79950239451864
260,30.34104583122098,25.31687383415192,-41.656689942246885,31.860075187280017,24.995952744393435
261,-27.633143202889187,31.458547907561297,-29.304002510783903,43.956147257402336,-125.82499731980351
262,29.590742246917216,35.11225492354424,21.90336414189369,19.66331466174597,30.143374839550233
263,3.1200525241983996,-6.095674507298099,-89.10481882205931,-144.8609754255267,-184.43256739467324
264,16.274195376707212,32.610224671567266,-97.9972204098267,44.170593582759466,36.82516523455706
265,261.4431318905408,4.806947746048536,14.438007771736011,7.2790695164803765,30.87914680341055
266,32.72320784153999,38.15377963340143,14.337228347787459,23.041296313127532,42.55622063589544
267,-52.4838964251976,39.854523228492326,13.105168639591284,-58.05289637968963,21.70670578397403
268,-72.9556829845169,-40.59391495255113,7.322304119057662,-102.99126446205992,29.251089078323275
269,-267.2030580053761,34.0712826556628,17.499338486966735,31.355400894302875,-150.33487511146814
270,8.640066029976879,23.06395213376163,-2.8412843648329726,41.2704100153278,26.667793604457984
271,7.9316717494803015,13.256550735335622,17.08157345964537,27.842253531111055,-197.5780904277417
272,21.99896251471364,51.07551694387803,19.44679821632235,38.96380903220415,36.35257563582854
273,39.83729745721939,52.83759267334244,15.631089480204537,39.55272060932475,44.9510902099064
274,45.44031794984767,33.904454886091116,7.68913753981542,38.98997500752739,-10.331476849714818
275,49.432069612106716,41.95221699917238,8.84305551014404,28.85005971553619,1.7453658960657776
276,51.10333683044155,26.999905505639617,32.984592591052206,7.594808318179275,-113.63872109491422
277,52.656525969890936,23.51166463912523,36.54903562045001,40.70292820866598,-33.359240135854634
278,-58.5445927932451,48.65565561216499,30.336723414005974,45.82845785560494,34.34629258297355
279,11.082785668288125,36.03965118157794,21.894675112700497,28.573614028573502,36.597256360830215
280,-2.674388206745789,49.09045331701782,34.61584604867494,42.6381854079591,24.046417607944022
281,13.839167624806578,-22.40411700891491,37.94070385663508,-21.813562712806743,31.624545948707237
282,56.41637273321976,52.35831887261156,21.44038640843064,42.73464401920501,12.225626126743009
283,18.634645905964135,21.349888755066786,43.10092110429105,-63.436797883638064,30.462092449139163
284,-327.07969879435404,-105.43251735684316,20.808924388802552,22.33525810586434,21.08285104222523
285,12.328547936311224,-75.43417391653202,8.443581241597713,-140.13510858322843,21.031997223421058
286,-52.01885295023385,-46.38508469972294,21.006598744585062,9.083089599967934,16.273289624656172
287,60.547544213332,-249.15627314027006,-276.5986627969123,42.31447911133,12.796213905137847
288,24.444242073113855,48.063355453639815,42.44562246049463,-54.98443332331226,23.872293221589644
289,6.774234366945166,-30.5851281222931,37.81190778028031,-430.08982094979,-15.152285151943943
290,22.55112658917642,56.7319745101413,49.13351148063157,-5.443903615952877,-37.01064247084287
291,14.236083901123493,-721.5602836163816,13.595794325352472,-390.4852998984643,-39.04627149724547
292,49.52599003481009,-58.1791080091607,56.007512386924645,-61.05840439178428,-23.751206015884236
293,54.465889351842634,50.6602042573395,51.52757371208281,-31.980651694117114,-51.1505732121077
294,49.46691806535091,22.09447333298158,51.96226946032766,-78.16565038861154,15.718559328786796
295,43.037992835685145,43.002312853706826,214.04856041988387,-20.291213446471374,22.267970887340198
296,-125.84214175235684,-17.782283992397424,-4.678794490922883,-73.45042721037316,17.147907227496034
297,13.56831655732094,60.43870491423877,69.39699350054434,44.45015524025075,-5.989777892827988
298,45.486566854095145,58.5113943730903,31.547921262485033,40.34877210683044,11.398156809002103
299,19.613433883983816,39.73544086948095,76.17836524885934,41.685530776034284,29.966638573314412
300,-28.994430239625217,48.655153199026245,70.75432156776515,34.84012245068152,40.79532606923749
301,41.387186366991955,-17.77625839215034,74.36626507682377,-5.4456559974569245,-1.4342182342006708
302,62.94717669939564,-71.23978631452337,-54.3928138369447,32.73294698483369,47.35567254398484
303,-9.14326252007595,53.87225129075523,42.392150760715595,-0.41255223098778515,57.46063628249249
304,74.5326720157027,-46.95706522514229,-315.56978960317065,-45.226201892211975,52.668978213761875
305,-207.40532982889272,510.58140364767314,59.026522605076025,35.078102956340445,44.45784247937263
306,-101.22774091101019,-1.6057301409673528,-431.66559741211677,12.619718570822442,-460.83947617418744
307,40.47933180718974,-88.97279905391042,61.0911726397826,-44.930031283714925,-3.3176109828200424
308,84.25378265730978,39.88906568138191,14.388622482831124,-215.72638527974414,11.071244605402171
309,62.47893358582223,26.809869878925383,77.8675185268221,29.15897414070787,34.323630962382595
310,-116.61356118467666,-242.88257606617117,81.12579490456847,-9.0333388837862,-24.780563558713766
311,55.34000595231919,-158.06498981339973,26.969715279672528,17.195727020607592,-28.311956594778167
312,-268.6388726332152,-146.42136281762214,-43.66798989837116,27.340569068768673,37.73570483291405
313,72.61059477399976,374.4243635169041,91.01748022592801,35.03670823380526,43.48035869086016
314,60.9699424024584,-121.90262531406188,64.1510366613511,26.289860670302005,18.19417624066773
315,36.837487546035845,-61.59210619444639,24.993126134300837,53.67947945614287,35.68794640166743
316,58.560366560363036,-212.46418218583858,99.2143313333363,24.848139200774312,8.739449011231045
317,49.273115273601434,64.97551413645124,98.07931270029803,60.068133193519316,32.83676485167598
318,57.1343876312676,-32.41231430377229,-141.76987955128425,-5.39449292448262,44.40813010739657
319,54.255267727457976,79.23811567306984,23.92294032132486,29.435937615999137,35.45268578649848
320,-32.95090609170438,38.319222817372065,82.4677849784639,-123.46772470789438,38.92893500208447
321,20.8145165565802,72.32934450532775,78.24496729194652,5.242032627968001,40.588240330460394
322,-77.88057593724079,68.01423156312376,49.618779468073626,50.69376973032195,49.61831639341108
323,79.02359031109518,50.420587604196044,-284.53955469818175,-60.578024196358456,40.98994059488905
324,16.405565753222618,64.89143911810243,60.47918975983339,-51.026076010020915,51.94953569673089
325,86.14880532175448,50.48200267308857,57.98570496924367,-30.168209005139943,79.60893766795925
326,-36.07825989034609,49.85247876361245,11.444367669762869,-143.56652543610835,27.82183464661648
327,72.9947613139957,49.14823039720795,66.8993770563975,28.49800591809617,95.65394635150733
328,88.84845675280667,-242.72645076729896,72.32579034738592,2.55958947770705,24.2695251324767
329,56.2000139361553,50.35775703899708,86.10669688774942,-465.5414739081316,-116.34795035117713
330,93.23378200175648,45.74043336720206,53.020775412507646,-43.166530593785865,1.1325787695095642
331,-148.68275439155695,-148.4527717010351,77.87162252810231,-18.192761262245767,40.93565852542815
332,-61.43215387441887,56.79833091837645,-97.13429195242497,48.95572961903963,10.4344885775281
333,-83.55662487838708,45.997266622398456,64.03604189191537,-7.195275136604323,-40.811901182059955
334,34.31759375701222,-15.896526941556658,67.2510325554249,68.46015904996602,78.19002026961243
335,54.780192988306226,23.079562785453163,18.645188927461277,66.96587546690716,234.4943994243804
336,88.21523508687824,42.50464680560253,-10.524240328275482,57.16323670055135,-69.65137659071479
337,-84.16570659351419,-238.85181239074154,43.75309209302213,55.38937533144053,-47.956950071915344
338,86.07734371837432,57.12663732467627,72.76847449676279,64.36636101741897,5.113716712141468
339,-29.086947127587337,16.800817244082282,-87.98263433446118,54.45857401593821,-908.958487891272
340,85.0588822618738,48.46433236758094,63.89947196335561,105.47669090075942,-439.1204973941858
341,80.26188102429296,39.75218240366303,63.59170517574239,100.65139470194117,97.69637260928721
342,-558.6164346072765,40.40719819415972,-720.2450248581517,87.97715157277707,100.15678822420887
343,-94.39936864073388,57.11589844550326,-215.08593472305802,-28.940036186380894,48.68322125576378
344,47.134324871924036,53.06927617069596,101.47052413453639,-26.61819332484447,65.65771038738603
345,31.822866231839726,35.18608966770262,-2.4861099507688778,0.0013373471956583671,-74.05014044629206
346,38.17323067738835,-73.98254327354516,75.99209140830499,86.98659793566912,65.35679091022757
347,37.809892170906096,-391.07460304447886,-0.3758405261032749,65.80512499586621,20.353538285882678
348,32.76409259952561,64.08984674403473,83.87989354718593,72.1904661599765,80.73718853615719
349,30.18095570728474,67.87594246623485,48.95936449820874,-16.47071633415908,85.43972106523142
350,47.625742564865504,-35.1529472766706,89.1007092903892,75.37997091169382,90.7194789598725
351,44.69288752159264,-252.18848156926106,-167.08819199018762,-22.67315584426251,-170.49044778535608
352,57.173066973693494,69.18003401086025,16.098916972259758,66.57880948002276,94.11708891116723
353,61.97628189761599,-116.14009455411724,118.68987048963027,-87.80212201947143,108.58494378933392
354,22.425010957274935,-45.8742494665712,69.45852244310663,-949.1330161600054,20.612889565476507
355,49.789941286231624,57.383102738913294,103.72951355585246,48.975473238067934,108.3892044035747
356,-3.0454749989221455,76.50901637935749,78.7388708051003,9.192126533584087,27.11917533655651
357,-7.927563873228792,7.098853264389618,85.76726652009529,4.079606486906414,33.18344725784846
358,61.89988507453381,68.89043333302834,106.74118374756654,57.08315662973473,36.280202992318664
359,70.55202144681971,24.265161340052146,76.95779847215454,50.95445456941161,139.04698071845633
360,73.1935570014175,-367.3668754888495,81.26129271466925,-1139.3629977861601,139.6049451224535
361,17.69015543931164,-48.49443572966993,37.64463030283514,-24.154515657399315,89.52755632773915
362,66.2162337207701,52.13173796017145,108.37697786354693,49.013144620290404,115.54227645827632
363,-41.69518244704523,44.808882825807814,477.57460569855175,86.19034675107105,129.67490275378805
364,82.7665294234248,73.97870533783862,-360.0164126346208,-1.5023661884406465,-150.71118271851446
365,79.95427060657676,75.89051815394487,-22.284172879953985,69.2791154428196,102.02352548991621
366,76.81968683921878,53.623658497148426,270.04580675707257,57.48872592140833,-14.57838652076316
367,-585.1365494082565,93.35267259948887,-73.15655091245571,-355.5655685915699,-1288.0142778216323
368,82.76751355054876,98.15498728270177,-376.9214273691323,78.93074611652264,-244.7112390438997
369,76.93078893767961,-49.631754652102245,-2.796839298272971,75.74930635232886,91.47474988595059
370,16.18562220633612,74.81453745576437,188.2855036185647,103.75058733545302,103.90435631399305
371,81.37125395526527,-23.556288304927875,36.843533213832416,66.24604902193096,-196.4628494938952
372,67.45373750183353,111.7563100833504,84.9225679776282,75.50493011627987,-96.83227425448422
373,69.67841409645189,16.944488659777562,-84.61031976270897,86.21371611874201,70.5945197079127
374,3.7344580676726764,45.169030898832716,352.1379344294255,69.64051201311668,112.32196317630587
375,90.21613744774368,17.019372975060833,-477.18212784644857,31.75251094007399,58.286847711890005
376,-161.71254508070706,82.94175602451287,137.78008364522248,47.063690152608615,96.6610111854825
377,71.75221223388507,84.36881540345348,-80.22441411000909,29.69857961636444,82.15174842061242
378,89.01784244312148,67.05111533661693,-30.575186380534433,64.06652118245256,-309.81051368151384
379,14.965332905223477,-102.79281341187016,110.11740565196669,66.77701392264862,89.91181659781432
380,-127.77530624017527,106.81514844038611,54.723723672534106,55.15480875393405,363.3449150596425
381,-65.4586851873828,50.23606306196598,14.707250805542571,48.49647536948032,81.52051064929401
382,-247.6337787384764,-1204.2496597630961,50.77070404094411,26.495684607732983,44.42322405122104
383,70.14448666234966,19.836430207258672,137.0978574144392,46.9830360619344,115.09326628336567
384,-3.9424781775087467,33.844571421104774,139.30244200391462,61.9186006054515,-152.99010568596714
385,97.91678983787278,50.43104459537426,38.779957381935674,-519.5158627186029,-49.439737232911284
386,101.84289108440862,167.0286199782131,134.6399811211013,60.33356514811021,87.74578595217463
387,93.96195802596776,201.7441617131699,-119.76712522470916,50.55884080674514,91.66157073384966
388,103.4647140186571,182.17293625311868,117.14153560092382,31.55673612222745,91.01377652713563
389,107.93697852964397,179.85355085143237,74.24391784719774,61.703884197086154,110.17066386675288
390,-23.120564682052645,60.522134415397886,131.49372511946422,-199.8332196502888,-6.9514339741217555
391,119.18691961634613,-54.20621725307137,82.29887513424183,-69.73465378164838,-23.553083797902218
392,132.35448532778537,188.56656056786596,-3.9187987097684527,60.464384858933045,-151.821258037191
393,66.72888908530877,62.166226985966205,-77.01238747805473,-90.7946343664953,58.717117425607285
394,102.68827299540862,124.06368137424579,117.84096972440602,93.95639737365127,99.11931572048343
395,109.33842818494304,156.80458981526317,16.183473622004385,107.25034337773104,41.59339186728903
396,27.27818439886323,-179.7292250765895,106.95786182013399,102.86079357999552,68.85479907044646
397,30.737152336354484,145.7844039732081,98.28196808225766,93.12102795092505,91.45139646079042
398,88.70200352856773,116.34781842761731,118.99434350879164,82.51436017175729,59.57346228003007
399,92.99193788407138,180.0591089350346,115.93620500256657,87.70503911547712,94.9074553745013
400,-113.59038716351643,-375.0900237237074,-346.29697824777395,127.68969511194155,70.68764623527386
401,100.61020196828758,17.353556902569835,-528.09335385538,111.74489194704802,67.94673591330502
402,13.329128123979899,41.083939053773065,92.0522838938632,85.81338674125436,46.44027126212313
403,-512.8269004152244,33.73259446842712,-196.65633844163676,-506.70856783588533,26.370951032582525
404,227.06725585366075,186.55176410490822,82.35451473190915,126.06861371583364,77.69170580259379
405,128.69867378400522,146.99429115215025,119.69899413733219,168.46396680205362,70.79245900104797
406,-19.207432567622163,-94.54804334504297,90.58210491682985,8.433210775547195,-74.1906952533609
407,92.21318836978026,138.95385715042357,103.88692056815489,63.498937850119546,0.6040079510130454
408,117.02482379684807,147.37282789063465,115.97737771674292,149.95800751826027,133.03293378640956
409,17.073141524684615,125.68634809920331,8.088276920781936,134.69835686132137,24.12609723350033
410,-40.74412781614228,94.56163369271962,109.29082378068415,-743.69747156417,-491.8906105552014
411,124.98114195028757,82.77132253594755,101.11360888533818,-114.54583045991603,-68.95946933474625
412,132.44297427756828,-103.18828759837197,119.21344867002335,-277.49065937941486,138.65869079888216
413,-469.6898583143193,141.22144283313537,114.18177192247822,108.9515555419348,139.567385491624
414,40.313438939105254,-348.73222620849265,85.85366304007766,73.16514381162415,152.77022498263977
415,123.44856169934792,-387.79582858302456,-122.1442488385801,27.331910110791796,103.85614514767076
416,154.46896974364063,-274.2089972832764,9.574201473405992,106.44567788517452,128.02253289915097
417,63.129556962725474,58.18503078116919,81.8335216192063,35.51835464677424,127.19323605523095
418,121.08682774900808,-124.80809988165129,-104.18426133311004,115.4013318497964,205.94231896172278
419,125.86188135921839,-710.8101791626686,70.61841428196203,-861.9328494118818,176.12537867520587
420,61.187467477881,-285.4694007947546,28.540731764565862,-17.232079281748156,-10.01014356224914
421,137.3243186284817,-79.66933665909164,-123.96452221508662,108.7337672827125,124.60458298496087
422,117.47612350888085,114.49690188736713,57.616547306584835,144.75943618903693,188.86541425573523
423,29.90404476443655,43.5749888642531,84.58040303074813,-1189.7104462254501,-272.3100921406585
424,126.02272798753984,99.70433942111413,-674.5244030366812,82.86259543779306,223.59937599577825
425,-32.18961008579936,66.34451038511907,-304.85698234020674,184.80040108016692,123.25494302957668
426,1.141824136750074,-571.7824909513729,-101.10457577440684,-342.0191149773309,-949.3553924179287
427,-18.21855220476573,21.528695456305286,96.78234347446414,195.23322014856967,-16.12462526015588
428,-95.70380425778421,17.998774989217054,69.61955152293376,181.39921225926082,91.33529200266639
429,-162.0873822892827,135.4062755645864,127.0891709978896,189.5411785907345,-267.3194901600218
430,99.93424079659599,123.20801369661058,176.20259340136545,191.59103526861873,156.29515849646123
431,73.30852650901943,138.65230425349728,136.30702592733724,185.63143501622835,154.42085747614328
432,112.67456102005963,49.99674801209767,119.05088238832832,181.07334009312035,201.40528688659833
433,-102.67322160409822,4.4092901579570025,116.5029164506559,-173.26056600376614,152.52937318416662
434,150.23672039306257,72.3937457855427,138.86866365697642,235.4750913226453,-91.55098928304506
435,164.19665096665267,77.64591891511373,177.60868695177487,-90.0723590539128,182.61515848725685
436,-159.82955834103632,66.00919261523813,72.91695369483205,124.83163544388663,201.0269816426735
437,155.80560811587202,110.5234756427526,89.48713789746398,204.546246847749,50.32131673269032
438,169.76306685680174,-81.13881754236354,186.07789002134814,75.70954078840441,211.08829556728597
439,79.74590339907445,167.0368638256623,142.79344201181084,-185.50704422633862,198.0243433213618
440,-1229.51760699015,-969.725272913216,67.37780070751614,-146.23972315377614,41.02144489903003
441,48.22370984965528,130.74529942810477,151.06347858023946,196.50428105294122,-131.96467963251052
442,88.37285881859134,-129.65151940427313,-114.29758009624493,149.89896609293646,181.03615954364068
443,80.53516367422708,171.17629505839432,118.41637472831644,209.97937215748243,261.53363681578776
444,107.97540334069345,-303.67303490983613,137.37453113871743,159.7292742813297,-86.34740407619392
445,19.47906580599374,-593.5622811560315,132.47697125683771,68.35454566548287,13.373352188704303
446,108.99544958761544,108.78602498964756,166.5995249116968,134.8518781197199,312.6812668792263
447,110.44751138836727,107.97566147192993,85.76376609285944,181.36829794669757,54.93408697217819
448,132.40728979000414,30.414399166358635,34.84157435975794,147.14277558801405,294.69052261975594
449,-112.67124263194273,-46.95780411641317,71.84093999839388,-405.65125712902227,271.0576611638535
450,139.0173677909188,84.81915624024987,138.37905740774295,146.44449116864416,93.52884148529847
451,138.23771612478595,160.38865405984689,97.63792866197764,87.53184338047868,-558.8634011601389
452,108.14660729902971,191.1132859984791,82.10791355332185,-112.3905114827794,186.33134226113907
453,133.81297892844304,121.36521302448818,-23.373751925944816,29.20602203020826,55.04717619004077
454,23.803273233177606,155.46313574150554,-73.94040411477908,-112.82231203882839,230.8936932623037
455,79.34231043195177,163.3852344697225,108.455914851962,194.82364174551913,175.401713166415
456,-4316.635204768012,10.801033130323049,-1214.049623935236,204.907314887736,196.1582638531545
457,125.3476031961327,101.32362146506784,64.79865442607843,121.3618283127289,-104.5726195823081
458,-188.431577121155,196.5039226532681,11.612816043503699,89.83252851502039,577.3866757872747
459,153.32405031783856,174.73867947648978,131.46468953310978,197.9282993186789,46.953377480764175
460,-1206.6022414583567,-168.57981137363822,-703.6521670609072,167.35418738756562,-214.35814647225197
461,142.96803177580296,185.0607972688158,-431.77686506914324,191.13696484535467,-239.564950013184
462,145.51608365948778,191.60678251556237,137.39019948936766,101.42105964868097,216.7953500217409
463,129.40284468395112,151.83853886762518,197.99476490097004,113.43864036620653,328.4506945180474
464,114.17166490780073,-121.21824468643172,121.7505271336704,179.56914272817085,188.02130908245454
465,102.92358574645186,232.6412183570501,167.0389004057506,211.50760356220417,20.11176822235575
466,112.14982923667412,217.41079809790244,7.931176421421696,-216.25317877699854,65.87748103149352
467,156.09500713630405,251.3815094177262,146.929358449328,225.60330221513868,138.2433570134599
468,147.2461428463139,252.90515205514384,30.433446046547033,-415.378959345544,12.558727627969347
469,151.58161653923162,272.0345720175537,113.31131784357422,238.12750954230432,103.29746898607118
470,-16.9861388298159,-0.7659514989063609,14.32816633778566,189.68298364564544,-18.69779018056579
471,-496.817475837277,-399.0925004184246,77.26063264918048,-587.1446660936781,17.055263307032874
472,197.26506367576076,249.3383395752171,-548.1384237062593,126.5873849742784,265.98147224402055
473,-269.15881255645945,189.65372767698136,132.1327244080021,178.74141493905336,203.68508029499208
474,-35.4015687656065,149.84846962161828,-43.279988568421686,169.23434539948357,-283.92014257660776
475,-728.0182711910456,68.23913897827151,207.49424422634183,35.878090844344115,76.84333234792575
476,181.1230852380686,282.0835441874806,212.7972226421698,194.3398813655367,157.154023615396
477,-253.03775916530867,-1854.9898765671242,224.3336081476591,-39.70565721942694,87.03777798861847
478,184.2952019510849,338.2259378419549,185.25882980212918,169.55905426220852,123.46330745318846
479,164.03921306191478,-3216.589971563546,-293.5479607198504,151.86055317538558,241.90878232420073
480,183.00409367051907,368.97065350442426,201.2099968313414,158.28227135894122,224.8022811448027
481,159.22619705446414,139.5503837155993,151.18091059889412,144.3482599281415,267.0271391044953
482,-1309.6581046341453,-855.0492636359413,224.42925577011192,147.8851343117567,164.53530784248142
483,207.18289994055522,233.24297529138857,137.30585531977704,165.82412784078042,289.7381653919583
484,503.95940359233646,235.2361554808158,203.8451552350307,83.39610724405793,185.49609816836892
485,101.73133090787451,135.22482349167694,137.50273574219318,216.62710501160473,130.34249263626407
486,489.09102535041166,-68.63331729482161,168.08716840583656,108.88653946234263,118.94283024486504
487,306.80385509179905,231.81656307680532,113.37345421533973,-295.2339614876255,180.54730657226173
488,285.25419214973226,61.11980658551329,180.0847662713786,242.20732569208485,218.085754315136
489,321.46688160829945,220.08301969987224,149.90469955418666,301.0491856014414,-389.0570217288914
490,364.98690196711686,308.4601408248127,125.3973110763618,-943.5665569973644,246.2285152693221
491,338.89626410248457,10.42130039690528,193.47467968423734,237.26028956630034,-47.37859018231393
492,-262.3808468187053,116.45646218201728,-1666.5635668605682,241.3249129242904,-1429.6572328931943
493,189.63819200030412,156.33022086706478,258.0224979011109,252.32273546647048,-418.67395544542524
494,-253.46040059201187,125.5857134067046,-323.9025728330307,298.88443099852884,-526.319296308211
495,224.57833169342484,193.2912235055992,155.02360158934607,337.483036469348,226.88967760792002
496,203.4229701511067,-446.12436366273323,76.1154985803878,238.39411866755108,158.3726656545623
497,181.17174623999745,193.3781905627693,-36.49445566374925,283.97305734842666,-900.4778661421151
498,280.1979043072788,-595.1936179584882,238.97004320388078,-35.72241984301945,106.53794471209403
499,285.2844599435339,155.55563575918495,216.1667269396421,1123.653898135526,-43.26558445273258
500,-4114.025307372503,144.4533756430028,76.31304575270042,309.0200638950337,191.42812320019584
501,205.90612284615054,2.137346591131063,181.01743728283327,201.81195544317598,275.84266857311013
502,-667.6489808752958,168.81076322382432,121.27862693966017,-17.632991600956302,266.3630535763514
503,261.68292344312067,121.64002048432303,258.7367223110632,339.67610572691774,226.94591737008886
504,62.51617400106625,261.1357731579046,212.62731035245815,-247.59747219807468,58.632020200951956
505,234.7532100850367,182.56037643694435,-163.94522116243024,549.7386644967191,377.0000427532359
506,217.12152361511835,153.23918573705305,216.36512313652202,-398.31945578136947,424.3539287506719
507,191.4612238908303,-117.07164482443477,-189.7206020069425,-912.1025726811495,232.61842875101138
508,277.8626769485418,-212.09216976218158,-245.27210205275333,104.67823482656968,389.6365441495436
509,260.1602573819109,-92.44226146223082,345.79914845869644,279.6038449287007,-4978.2548750595015
510,231.7852601427585,204.55306441916036,-37.68287185547524,-475.01258463738486,190.77397728187498
511,320.3306622847449,-9.482094698061701,-300.9559216918133,265.0718710637884,49.594920826595626
512,402.6056431135512,63.692213690825156,144.29603324551135,-1064.6983450007392,127.73643874736445
513,382.8056972522172,-176.1877549609926,260.35620830892003,895.5717689712765,173.77537816490803
514,305.98719491343945,-386.0681111582817,-284.2870242134086,29.440797139308415,-31.22871799132554
515,322.50522352711414,146.63174432251253,43.942547565413406,-489.3593290373683,243.0945883137174
516,-904.4714254945866,108.1302414082893,-27.066976044647163,38.43312674527988,-1401.0322584401874
517,361.2898233756423,-77.94680801487993,227.027815431793,194.1025586797332,329.119559135841
518,304.8600064444472,213.10225326710497,180.77560484186688,-186.0236195125035,296.32929336692905
519,-440.8833073565911,75.49578036635648,-518.6310963673168,743.9871741540264,-382.09026721990085
520,299.6014631628932,291.393429857766,-130.15388864281704,-476.9489110450231,260.48717066727113
521,108.52250691849622,286.82770989081473,327.3443253484438,138.28172760705638,172.31118414539378
522,167.46364159416407,-570.8480969509983,-740.1241377444239,-219.67342981036927,272.71468037416344
523,165.7204013740411,139.147606061626,250.86323752303724,97.32619201694615,180.18504144827602
524,-119.6464601183834,281.717503952852,241.69016430500778,198.1446567697858,1439.3290330117452
525,262.25250407034764,317.24679951174767,229.22916685248492,-31.410642783128424,-750.0515788766788
526,301.34386290516704,170.18087951932102,278.11584582709474,188.95984179303923,40.245691228075884
527,233.34277974665747,94.09809910174226,238.7711202079663,168.10834262723802,552.0845384181594
528,261.4169078071427,138.84087258807267,-188.8651842145773,-1492.656325445074,-320.6456203402777
529,183.48680158227216,-199.30823061824776,-318.0357945424912,256.68288030679105,163.55503126664553
530,-1168.6685647020931,138.76332379686937,287.13420883892104,-372.5833741884562,505.14515018224483
531,-240.4757074508816,-158.2074028019706,120.25878770297277,332.32746392465197,726.0735512256506
532,-727.887191141228,-399.47066789728706,-557.83705749613,-630.2407696535229,-677.9173649181321
533,320.50628176983446,241.167058494495,376.6209114168305,289.0801159052644,233.72307271457976
534,265.77226785797393,308.95079352371977,51.82465991115896,15.19056143166381,29.8943478090805
535,-370.49162063756376,221.4917030109791,366.94625443557743,19.407074725313578,104.0473852827563
536,8.463334796630079,12.499580235453323,193.77856920231716,198.70070309273433,390.2259571015602
537,-1670.0473508639843,85.49824088506284,174.06574378875666,54.25046625455434,197.0578639372834
538,-132.44927021031617,296.1245362108457,292.4369829954521,116.32613240081992,386.7000327690039
539,83.82434295947314,141.46461515815463,-69.97295068696258,53.865514551027445,141.2713690486271
540,162.10372037923662,240.2122753279691,-37.0803041542531,102.77986328632687,-252.60942390272976
541,124.0321791030583,212.18743885945878,297.62939959738287,278.82705134991556,42.4874416293751
542,311.1209430365707,238.7164919466013,209.1697172462882,118.59242928921594,302.89631238771835
543,446.4009323595674,-335.38079333968926,-480.87741887930315,-43.57334393376368,-353.9499707391951
544,-74.54791599031887,343.3557468345389,80.73977683685371,246.2521899509593,-93.1379122674698
545,377.7581718064612,379.1793438239256,243.24855483992724,203.3594208235445,215.6180862437759
546,379.5979508427845,-406.7375441697077,-5094.312192378158,244.57577384251636,275.342525747692
547,209.18646248805453,-64.81117904145503,314.1402558820555,231.56973010365618,318.11723553302
548,287.99193582631415,230.63945644252817,256.54603183467407,225.05720134149306,341.0068436685251
549,321.6143920348841,77.5901757148531,-383.0752292270772,60.346803831882426,-1160.1712873033248
550,224.51942736835917,126.4416779995081,514.0830465623294,177.53887007060985,415.6476481623249
551,363.2925536221592,255.0348228306102,518.4639484610525,171.91320713503228,419.17414209531853
552,166.5080527566315,-79.11654789929162,452.0906291072606,296.3293971903622,428.472399375285
553,205.13646693341434,234.0691932204645,198.65824694553157,-149.0165707776032,368.8654103532026
554,416.7379474567133,328.3486196976155,60.719646682438906,384.03281234111637,273.8398735555529
555,641.233826631913,-509.5288994462462,7.9996455657237675,-2650.69057906486,384.82929779583355
556,795.9647272040602,-86.15375836985186,399.55581781314686,-714.3779537747905,280.81064547173446
557,529.4830153195653,-122.8424517326348,-186.31608827819582,262.2317300750001,379.73706010571914
558,284.6018855414004,253.83850966821774,-112.31777304288698,474.07013401552103,355.959700301406
559,-669.1416929986153,-741.9417497600662,152.91107215933152,265.5329957594804,356.27918461558875
560,-56.83952114620479,469.2565045527299,229.67465197728598,301.2995514344366,408.3631603633403
561,1033.9833960975811,457.69030027638655,223.45265206566546,272.27105822216254,176.12465037533548
562,-275.97987610206474,284.2502306192764,-882.7787446703878,1620.6013665455976,-114.21423374040751
563,1548.6184426102554,390.5599800271448,234.501907620579,-571.7187140096212,399.89908192359144
564,-4887.318722808035,481.66143121838104,306.2882709130354,787.7986799411156,418.28502804919844
565,335.0158697004081,441.388103459205,263.2052113719692,-105.66426300635794,196.86706853844225
566,188.79825462575536,357.51010272686835,254.26171915145824,65.22261513760895,358.6166365072713
567,-390.3468910054653,-304.1584990064148,147.75661200816103,349.69394797377754,-183.71517577764462
568,318.4755648561404,404.97371908131754,172.18952001008438,-279.51515342571656,-112.90270443627378
569,105.21481239778223,421.58973201346816,-13.59515775363252,-879.1995450718678,332.644987905398
570,48.98470910056494,271.1564191034995,124.3103794221388,202.43493560582283,410.96830280899303
571,-320.3404693249031,-942.2108400143916,260.5494449597609,217.98345058551058,351.74531081161695
572,1220.213750932773,594.2430130840512,7.821673343074508,260.80765050675836,177.28153450984973
573,-911.6155801158166,646.5091897082166,-1981.6537576459523,-2471.7226189258217,-1419.2008341904148
574,-1001.0150692110183,-172.05674476915738,215.2849722453975,-2018.2329716273816,-1725.3007192572695
575,1476.7620387041825,666.0885463848244,-275.92513879145554,109.94197244895622,-1179.331140466209
576,-227.43234477288206,644.0774806365953,1370.6034658784338,142.91450123599498,262.89844694460044
577,-1135.2544740802841,464.7409433242865,-380.39348344205064,-1969.1590154978912,-1339.7533198196907
578,1572.3879455094866,438.26376192539465,394.94228558283066,273.9705052640347,378.7606243524351
579,265.0590123035072,447.6870059798239,-5.599284382129554,255.21127548982622,454.7133052512072
580,159.12754873538506,133.19326994515723,1055.2462670916575,235.09473474911647,334.0143547449843
581,-1261.9404203519225,-2409.8880814794684,-5519.41837402439,-226.52047824968759,70.82265336276032
582,223.17034616603632,100.9500208105892,499.49916216998827,193.43399587622844,255.34688955033198
583,-128.62394646307803,582.0788656271761,496.6615890811081,-1052.6039439226734,297.1282732480904
584,-6.54313326193369,150.98933910019696,67.81803984203725,325.8395438841544,406.34793608187465
585,-411.706697560061,-4938.399995484448,22.91052595229121,-1380.4881054946454,405.7534249111777
586,191.922632568283,-252.6700856485404,227.49294857302448,449.8280808228301,408.78672647988424
587,-513.2989155490068,200.0160467697424,100.74850117997266,-634.406724830973,388.3878673162544
588,-663.890011509473,-228.61454398400383,307.99096488265786,-232.722123762127,-267.1908222398197
589,440.24720273609273,250.40264882784686,-457.05492668779334,292.39767217601184,130.2709529895801
590,-141.11397428892087,-87.20259562862338,229.48988277860917,335.3069633997511,-193.35350301733706
591,-521.8599366397539,197.85213704849593,159.8498281352513,660.5572379521327,-216.57744693142013
592,295.5030520975997,349.72093450429384,258.80327238797327,424.0226102110464,169.77526605012827
593,340.8100332188187,-45.0080744746374,235.79927950832644,714.3025463080266,282.84859643218806
594,-9.809798659931403,467.72928371385206,229.73151465505362,90.75415231962688,302.1605664914532
595,197.260511006898,528.2051355003496,185.062536181038,711.3727773766732,206.56257473069127
596,-67.80859776362195,468.7185630140011,175.9752222425741,603.9666768019088,280.13183917757124
597,32.819014984648675,-627.716481303738,-323.55919752511545,573.9433866715408,610.5406174205127
598,336.6247574802255,363.9959317470202,247.23525239151786,477.51870129368035,618.4751967477496
599,264.5516183936561,320.5052171111456,54.19497071322985,-837.7233099823352,261.42064313346054
600,281.37442134632147,425.2390757839894,374.41617651080014,348.3766327725025,430.71409643191146
601,-137.13737079472048,614.8195047021145,314.57128064197605,-659.9351207056898,-125.15670316535397
602,99.21739511337364,-244.83263068646193,-694.795457873668,548.377998005366,-279.46826617920306
603,362.27966491965344,713.2722729926463,-2226.999047387828,406.57951717218384,417.57205220503965
604,-3219.4243452032097,351.4883458011318,264.4381356035883,80.93267146748258,-965.5722873077029
605,197.98675540761906,718.2954305027379,279.49601410279865,406.35751284618163,495.0913577261963
606,288.42472592604463,598.8094827393652,541.7216644632863,309.00460853156983,426.06044966116315
607,506.7378676609369,574.8184288588236,306.9915218199021,59.61235831389786,-1222.8617697221343
608,432.68469641858246,-100.74970545066753,332.50483090497437,136.30942423304077,-252.14450001897058
609,466.28735372429946,498.7332199062803,343.4250605016714,523.4618425082881,335.78856287917006
610,162.2955383566441,-456.1114689257811,314.08744927169755,380.9611343241413,243.69391471534618
611,37.04048588962178,192.8319520598161,394.813394513214,73.04174358543241,70.35326660348801
612,338.57747714285506,430.6530322325998,373.35826431273017,730.4797587927897,253.24592217386817
613,-1862.4093341542466,-905.6422915525618,38.64931472536409,774.7907855988014,-1765.555202589836
614,1719.2626329229097,-725.5816694687819,-13.471453053643927,684.0247725107474,59.65916883581667
615,162.70809583552182,309.3135253114451,47.8767510514881,764.848725886317,408.9541652172338
616,645.0368669242598,258.6110191931075,898.8034847656963,711.310138321016,307.58737234864384
617,-2003.3379263659008,-144.05710648105014,-1057.7622473316733,239.30052794871153,-381.2191316963872
618,969.1117150208447,429.4512218385353,349.87091109436005,612.353097035375,359.0178793411469
619,426.36796387215145,-3441.273572592996,1380.7235047805007,608.6561652267119,282.2331221125205
620,-13.191328026121482,-650.4831765392446,-15.002573572390247,591.4246072517708,4960.907891595154
621,-156.5055111925176,488.99461653718026,233.92664524936117,-149.91451240272727,-205.9575795365963
622,205.5342162233719,-15.362388613051735,-459.12941766835866,570.1744238296524,350.2277873814455
623,-29.19823244838335,475.7562685228186,448.44171332154656,418.77976679365383,-232.76225216133753
624,388.33147049858235,693.1081956754788,-594.8627851336496,480.7922787577263,1261.5172477794113
625,-888.5956098366296,693.6012250849162,-146.0751087500248,502.01428823254537,-270.8178763714968
626,391.2673666738556,653.1977700605057,378.2616736461059,424.5405727319303,957.8831059419317
627,397.13257730490295,386.03625380434096,-40.40058444731403,535.4372678512591,317.5839595198049
628,-54.846785465837456,566.8924964450998,477.017558482592,621.4685701763956,-1048.085195320251
629,254.60607963206712,-71.7394644190208,173.8615098032169,-227.22857341810595,479.65329632285284
630,348.10444430308416,606.4890331886709,-2027.703164594015,601.1620746123954,1048.602239026397
631,482.43573548662243,470.76013374584727,361.35695016774116,630.364001419046,822.3195264395908
632,176.36854088521795,529.9184286494274,378.6842797519639,324.6484870699351,213.86574431194458
633,425.5744511321536,206.81350620894227,349.0741289873549,678.3972059540683,109.65596577239921
634,-754.5794126580004,106.59725341544254,252.83980115011218,-3968.523124257801,329.593769456842
635,307.71894803165924,87.03581631463021,280.9851965717098,-9693.488652266678,-1093.4796786309453
636,242.22733699690434,483.03562097030226,335.7502538606641,740.716596269398,2872.7885850808816
637,-364.6237029528129,-759.6399569276255,259.8330881165748,932.3660566854523,679.423082626774
638,262.2579145851487,-284.1437789160409,262.05642583797453,222.72690472647082,679.8107095002197
639,-1875.5839490660583,425.56307891517645,244.94284436156158,732.5342261388432,-1761.15911786363
640,140.48840677272528,95.7529633010854,259.3764254238631,-1841.1102071396308,-5490.336646798765
641,174.6872906954959,160.48333338135853,261.9137191635964,-657.2918635954848,-1732.3593520233408
642,234.47630842635408,355.06024956755573,644.9260600879788,272.5447208864498,700.3509188771714
643,-657.7249721895205,356.9613476302475,900.7033165460452,-4069.7042357103783,-3241.600604240899
644,297.5223949593492,476.71610522578703,786.3198796547949,327.1592733194411,746.7763685635291
645,158.56478015959146,442.0406926047872,629.3698373351945,168.14080254017608,354.02561731578317
646,382.88251923490316,299.02753192029195,537.7017738674185,186.0986165960203,1054.9800259469775
647,217.53456014269614,154.756575417181,-1042.86656208575,497.3330531709362,809.7286853438709
648,132.2961612703948,561.4997229896835,-2856.485745158978,522.385922495916,196.63771285058465
649,132.95269151037792,-189.8816181255388,376.612877324631,155.51366507378407,1051.0690045127412
650,221.57177277840674,445.1864388421527,512.0287269446417,637.1119360771263,1263.7531130331336
651,179.58765831094934,100.84232148603769,-956.1135869256104,564.9145672089653,-1084.6846239637816
652,388.73095600376837,508.53873760363786,246.06078953144606,532.035139438929,924.1007247903617
653,294.6911936083052,-370.25826640747255,-228.10221326729516,326.9697652083705,-2586.7699308437295
654,-65.52085342584178,480.63033281703247,209.05637948808726,773.2890773377148,74.42235746199731
655,129.54227907750465,405.2025343886344,171.9684808405582,916.6339381675934,584.5639238761505
656,354.59867306565866,-907.282361226913,553.7690982060158,-526.192892667139,-1958.3947170717875
657,-442.97693624615204,-2527.9853161936626,614.2670522848493,813.7072019071784,-609.3617527263705
658,448.05042922630673,-537.9652588205063,512.6612179036019,444.54751262348145,481.6499152011238
659,220.38575487351045,355.25791843721527,5122.236617086455,345.02732432750054,635.8636065323371
660,211.79951243038522,297.17339720611926,633.0353923070943,408.09207407932263,617.046711710922
661,202.66118685677066,-469.74400368111674,591.8355570092099,-386.82870556402486,649.5033094576793
662,-3768.0841745507787,-1302.5063183855964,677.6951055042446,781.5463269021129,289.4528770695906
663,252.91353522840654,-143.50249067007098,864.6788216241403,964.9938790249871,923.7083816428203
664,612.5095658621867,406.5967367141857,787.7006077159895,1922.5779998999787,2911.047878686746
665,540.4929713147576,425.0931128823431,914.6070148285944,107.7191256643273,519.9568781249691
666,-554.3483455798705,392.43750786356395,1114.2519097801996,995.6345565894153,260.007390476414
667,-2791.4392069486785,-327.4781785735395,334.0199008048512,-32.8045146643999,-2426.412312996632
668,469.9958154420601,808.7273020003922,239.3227513076272,176.0581075217342,2589.7730457749567
669,94.10263081127778,-2394.3317962307483,-2399.380897872965,227.70102788228542,-2078.909550086013
670,503.29341831669444,756.1530974607449,883.206733991392,1833.339597125654,403.9120772834285
671,897.4067171212519,669.4308576742769,647.2224824217265,266.367818120867,464.3838018599199
672,1049.6113631674089,412.5630439587403,402.8012905754731,613.8701538834721,680.4946350717219
673,907.8802764330758,937.796332248603,434.69082228431944,495.5833726285491,697.936325374525
674,977.132850377704,715.8266555978917,326.8694633706764,215.81636808579788,55.007269057037774
675,1235.3138687051833,1200.2257235415746,-323.2491390623909,-786.6408219234145,-44.745472928043455
676,1240.980261357152,1210.1622470399598,-149.79125227979966,-2347.929198773578,-2885.6966507927864
677,1075.3026490715565,1164.5230591651052,400.06782948295586,418.447721976554,260.04536158108385
678,-518.4616486834129,587.3672212295933,380.1197412615875,405.16721429280005,886.2430254754145
679,509.63099608023185,1099.6342869637301,-2699.7281567254686,353.8317849745508,-8806.50136492448
680,422.2615151935606,854.4934806230012,856.8839704170823,687.5797062198399,323.392360574333
681,670.5496675523464,1175.508919953485,155.49398192373337,444.11737249582075,917.8932476894697
682,873.4587138940115,1062.4297479194356,-505.7009460810805,416.4972078569699,679.9276494180085
683,-4275.534569013747,676.9794692522846,-1023.4823397009168,561.8235920484294,-3176.4111710992293
684,657.1088842161116,1290.866274554166,855.5161274484126,-2196.905168315454,-2049.238764360838
685,615.2540570510901,622.1354282562388,-94.61465622822288,-179.59470393968513,-1626.1320938854478
686,695.1796025956282,51.14683669549413,952.2755886743544,312.8961972289835,345.94010499486467
687,450.38552297948627,793.1426426462131,864.8482116130181,454.5586660269182,661.1353975951206
688,-744.0338233703515,851.9310759948567,1282.6309334127,401.00283807504456,-167.14026108861435
689,-383.3686405342887,575.8384088276653,1385.655939796241,272.4004251023289,1050.587948096916
690,193.16934823105112,177.6696530902409,1576.7842015498318,-843.1738879539771,953.1260775377741
691,-189.39082960285305,481.25184584315866,1312.4825420090929,384.2200776076643,682.4447719081072
692,155.13100472601946,952.9464985110098,144.1452752831392,153.22661766671808,413.5979255200946
693,128.28596499783453,551.7884302508319,-126.69733924721368,1004.979778782581,-38.82763759535737
694,-690.6799259387772,1066.1468399467412,747.2241882693488,999.2128801601939,-1431.582373933983
695,198.84332253874163,-1042.7234742805595,-2362.2387144622626,753.6342802379513,-189.82671381230466
696,346.512728765927,820.0795995977242,1211.5086697990773,73.91735234030057,678.9639394305996
697,722.2908510609413,-24.680948433233425,1048.20459848037,676.1128699482651,-334.76453730184585
698,109.87762758583995,115.33287136710715,971.026893503964,1321.1889467319706,806.40811979922
699,337.452056580456,-843.7113256879966,528.8203777497401,688.801336101722,-3646.7076418795623
700,-176.3943054357078,313.51939465710893,866.1440321498085,1224.358915352961,894.6156863403739
701,-18604.213556891016,-880.4804091214901,595.6972418826772,720.772933994187,-258.6908316327026
702,619.1760357476305,1188.111869228771,4558.206152945291,1003.549184000236,1196.0819397022715
703,266.3686445078929,495.0009224418318,-946.0189790641889,979.3378005694831,-130.583643598482
704,444.90037585637765,1282.4905973876594,941.3635426046094,926.3954497202067,1376.2870289678685
705,-2130.8991659554304,1134.3739066784037,-535.8101794035174,464.9639101397479,1111.7792032000143
706,-512.225562890264,-907.7859925456578,-1831.4590954313753,266.61096774833277,1492.5189697321039
707,622.4701251919032,1006.2309381872183,-7288.016225098749,764.8084362021182,1427.343638273771
708,-127.10557021573186,822.0607968569966,4497.259665880119,793.652028253302,800.6416316105751
709,-1191.6192587772384,1249.0366826072568,-70.87790067959577,562.665385527187,832.0901094524888
710,183.36773825692944,98.77546821010765,1081.7276140886825,241.57732770813163,89.2444272042485
711,-873.1556926621124,68.43844487098977,2113.6649476181483,227.37180939351674,-2273.739113133168
712,7859.969054882531,1001.5608945803251,736.8825690123485,773.3608647817746,628.8841288996628
713,-2277.500025539426,861.2800927571952,1558.1914614189882,645.9548194393283,1502.9064344011713
714,167.17327217955608,1298.0846608137945,1110.407131094369,268.37528304965235,1536.8410430704243
715,-5385.690905880649,-25042.48634326749,1555.8262620826717,28.88300988636911,1769.8248037572484
716,756.2066825678339,1175.3002686537802,1546.2983226501383,-1487.9344638735056,1066.9436018392444
717,1274.0031568751438,1503.4586275647162,410.18266751570627,765.8484691012418,1489.7428560430417
718,1216.1442326186225,1820.6488363845274,527.1820645421976,637.6101508322172,1493.302776062861
719,266.17149860516656,1487.7503087535733,553.7926096536103,1135.0302259852178,678.0458213016391
720,1650.131956614321,1589.3269334856886,442.42911907145754,803.187088549952,-14274.298139111488
721,1232.6419992794981,-7652.808038102114,807.0608137727249,481.739659344079,1137.7321898397058
722,1303.850058582495,675.6824747934006,4812.637346093194,226.20060805906542,256.42043900862336
723,-4469.090866109473,1179.589838964399,-4171.2759303567,326.30307911441196,-1807.8216682309285
724,1265.5803728247993,1655.1292691256385,1266.193420116324,-2377.593417470227,1165.8472210416803
725,-1219.2116354333702,1548.5545375717338,359.6299425524194,-504.6696035002824,1655.0771004247945
726,-2486.027065744507,1782.949761871947,5221.579223970184,388.8229776797816,-30.968925995053723
727,1473.51765358611,1705.0378413600847,911.8170232950943,880.1533272388624,1692.1667136114556
728,1252.2714722120436,1473.4317757543176,803.837283240282,480.7278293806594,1818.9440809751395
729,-953.2054096860811,-3774.5379003203707,-1890.7148791382788,1546.8705883495277,857.0444242558442
730,395.19913288601674,1594.9039446515962,135.47272529825568,1235.7001842237078,1415.2658166423207
731,98.38218047044938,1934.3479004066903,909.8541127936915,1818.486036641989,138.853359989007
732,-403.72665864089504,2008.418895377079,-75.02319512085523,1676.764315798413,1155.5314515230712
733,1260.8505460415035,928.5769442734309,-834.7165512203937,1754.9364611099008,1051.3187450576806
734,978.0746863430832,1044.524295787327,-1857.0675838806783,-269.35258558555506,74.43816530017648
735,2123.1372912277,1244.5261582639068,-1252.3018297142116,598.9771063637454,1419.112399239908
736,2212.6067434600554,1107.4838154239114,437.5896997526288,1178.4437029196415,1342.0633402623935
737,592.1805236923974,1153.1514680460095,766.2413742729113,-42.437737327534705,895.9606711382512
738,1909.3630478200503,203.9385526170954,1215.2323448524112,1193.6424687119434,725.0745803549653
739,-1312.7867834041826,1029.6989984003594,1139.6263693401124,1080.1630936992588,794.7337702481309
740,1553.354151171632,1173.5859251373913,817.7825541179627,1038.8862789164996,1556.6920166539494
741,474.27174470433965,897.5355817542877,644.9407576925005,-910.8376687075943,1249.8415799498325
742,2325.427092677681,917.2342624429148,-5132.653970936313,873.5686497838469,-1518.8810371942818
743,2252.4284391424153,1874.043084210949,590.3115532841184,777.5517369713634,1585.57245789445
744,2009.014529184904,-930.4947431965265,717.4655504089897,-148.16395234368974,1755.2658584588207
745,1579.0255943243392,1173.5617427343968,574.8673990865354,1293.3408826836385,1497.7357465097448
746,866.6890027085319,1730.443762483541,627.8848891538801,1391.058863288723,721.2957973824814
747,159.21539649739861,-4530.844647637336,967.2298710048199,-2880.8993744350737,1056.1750651065959
748,1731.951761052478,36.899908741237596,1337.1701714682858,1111.8353580631083,1427.5873598910403
749,1525.115392377833,1556.9818130696658,1124.8292932611657,1633.3031264839228,1801.4434716210235
750,-1547.1856006436283,456.75709726358764,985.8562631137902,1809.1365120839328,236.64052768365946
751,1222.8507712059654,-518.448762083659,420.93783357250504,1530.213101934176,830.4443789510988
752,-11062.970725977211,326.4280369167682,382.265326561057,371.22803903534077,268.2724511574488
753,1826.3205933775753,1141.070771262981,1129.016541178804,-6014.241343903588,-2132.4656505421735
754,-355.90388929168694,-2778.8801680090837,1054.6344666728983,1829.511814856436,1915.5885006352328
755,2240.577640520176,705.1366311319871,1206.6943803123431,1926.0584684698842,1543.5692850187188
756,2474.0274960137904,969.5614604601869,1071.0561011201935,685.9406123384833,-4760.211935704108
757,-1481.0674354038201,-6292.619365978171,1014.8091805991717,1429.6380406585522,681.2349717166508
758,1691.916883861879,452.76572974654846,630.363969168975,-1208.336236414034,2079.876356766559
759,1414.3735669399612,636.8528716056026,541.5807869103737,1073.0538474344648,2767.121743714437
760,2059.450164499227,-1558.2741290796548,61.77619118208531,1472.5251191648422,2724.925499469042
761,2653.9164272204507,1724.2780794957653,828.859196460864,1186.5082768263528,2093.2364610917866
762,2344.5265455541667,1543.1975827023853,1116.6483303526184,795.6038361117244,299.6055870433338
763,933.8691476210952,572.7117544510402,-1598.4837103697937,241.2505878774682,2535.79335245071
764,2092.0085652587004,266.8056288231164,-1021.1281533514848,1301.80912592588,1131.3768084668554
765,1521.7999134715647,-386.39384535653517,616.6122891242849,2383.6530504445545,-308.38684165407903
766,1036.0369326069485,627.4612094729673,2006.7132684239186,-1581.0870191075373,-77.95677145360969
767,1285.9590181889944,1774.2701063733548,1944.4081849271897,2293.0148922526278,1064.7755977483466
768,1240.0760290963808,1508.4321031842846,1467.869096550392,2201.796826259,958.3983483382035
769,-1022.2347038813168,1213.9804197254125,2016.8983690547757,1851.7459993367083,840.8433465128765
770,-5681.552214494208,-1362.5450941910967,2566.5795550080948,867.7827783999965,973.5852646506391
771,741.6816765623516,1512.70804101252,-424.97101344144903,1738.13198123849,915.0874092257582
772,1578.0843330530915,1376.2672008303925,2100.442467447836,1531.0599293416599,2372.227597337682
773,2019.011735309381,1088.2896380118327,1934.6518244624604,2219.0704831636976,1648.397168214433
774,1797.207612724509,960.4439803522546,878.2675869290251,1892.2068547059316,2746.2362531700637
775,2185.366733834613,800.6889539196272,1330.6055370941758,1959.6555198165588,2261.6361798411235
776,-253.5748186118435,1513.2551888942253,867.8914808977861,1613.5705885214265,2406.987866126932
777,1404.1431375353131,1887.1360189882107,469.4645794056123,1615.773727552034,423.12678304023575
778,2010.3266257948708,2208.0266977101564,1409.3978386323433,1781.279998885002,-368.94257357669994
779,1911.0842064782046,1784.659807729302,719.9599548656261,1625.615610258188,2366.0906635269057
780,2073.4344998449087,522.631391674513,1564.143135154969,1437.5774538043188,-4265.92641217378
781,1652.3077817203011,812.4150354293524,1664.1529111450072,1817.1820024824701,3079.577814957127
782,1889.372242492158,-2901.2475937156123,-135.32011470512953,1882.5222037332132,1901.4933249023743
783,1799.5354786338285,1268.8103447359754,5823.694376143394,1007.106073493138,3214.1861280603334
784,-1147.7465024879202,-1839.2184348466108,933.777485241997,-385.4824676202843,1064.4896235326305
785,1266.3975628194166,-209.77551989082713,1381.9570257080486,-2496.169139832491,-4331.420431590173
786,918.9805240259739,-996.0605164770968,-1154.658268752857,1622.1961313006468,2007.0268924916163
787,113.34671102766879,395.2048624107847,-340.89098818576895,727.2711855066009,3515.0821778015234
788,440.0387096545892,-1828.6648136966396,-245.7501036778558,2108.835173193831,804.1196688646451
789,1053.7491317533422,-743.1582168305758,-5460.112623826368,1301.2279489119537,-997.474254917819
790,865.1194841231918,-1227.0050985505804,1868.616701630759,1908.7325475276448,2881.428534087725
791,-4743.970527762431,2624.8989037580322,683.5316917591263,1831.1643553301692,1319.3657877100632
792,1138.0034267801093,2907.0416268906556,-9842.347409529611,2465.4818380842917,520.241714898264
793,-313.9750323679764,853.8545039086603,-20.02817648020573,-526.6332511666697,387.807460651733
794,851.9048940665089,377.58993995480705,-3588.6278416726273,2998.9318138875533,1925.3930579351727
795,-758.3123647001339,1411.483042497537,2257.4361088778824,3815.700619229581,1314.1627127476968
796,701.0541081597912,1582.2203409252688,1946.1940149147995,4130.406163661741,788.1703168355161
797,803.63150728849,146.50004490697756,1005.1017350216862,-711.0716025009751,1080.4918803418986
798,813.9583890732611,357.7414728588192,2216.3394002674613,3743.2437670957297,170.15806861897
799,593.9425941978698,1588.9107162205037,1755.8013353706338,4363.8719556839205,1838.5504906575661
800,1181.2326918698382,1276.1864853444276,1804.5668876059353,4185.123174047098,1746.4748148786603
801,840.5276862445753,1076.7265702950535,985.47998424666,3748.3428050293587,-806.4619017632212
802,731.2189253513934,364.1105514257215,159.1011296240613,1692.4742570607923,2288.399258076912
803,765.2089877036633,1981.728557669092,1466.188318818924,1544.018939244561,-1054.9465157710947
804,937.5905341735343,-1468.261807802599,292.8294479656033,2734.8121246360242,377.0454853361007
805,307.5664368896978,1610.9881276376545,2918.942058876157,750.868485908024,1555.8850093329092
806,702.6696001661476,1714.079321530182,2779.434792842716,1941.0391386493575,1171.6779291180428
807,519.1580815707566,2130.5565945259295,3231.2988986414857,2435.2704630426597,2118.607131605968
808,1122.0804722965695,2022.396156070754,2803.577394860564,16161.10796258552,1813.3856037354562
809,815.9910237205913,2071.4374331953004,716.4235563471448,3426.5249378269073,-1121.132935916772
810,737.6749485142063,2143.9236713228747,1780.2464304552414,3431.8228819612414,2004.413033978548
811,586.8761398173519,1517.4878758215345,-1554.4414209611714,-257.67428908194415,-1489.2150897660758
812,-616.7130044575315,2118.4785067578778,-1318.223392125452,-505.15631791669875,853.1079847621731
813,796.1605659712804,1262.0540698592085,8516.409995356575,2178.5923692076467,1581.5455122704152
814,1171.3655242348323,1359.289881168399,-2793.214264638722,278.8505061920732,1394.546660266933
815,-289.46941279550083,1311.5809024819173,7127.55779973045,10082.016393121565,-1060.7941479950678
816,1388.8086480761413,1556.9444130699849,-1959.0678232405335,-1250.1789371555205,905.363405322074
817,1247.2549445927143,1349.5033640782349,3644.2376219597645,-6589.961701826192,1514.0004997680662
818,1096.3703577866545,1661.2599062500522,3450.3922110563144,1920.2441831650212,1488.3921948014759
819,707.8491692006937,1359.4585618604906,4405.6158534633,2316.4224275699817,1255.6658595883055
820,999.984799056896,1761.6593479800504,1784.9637145707384,-4180.126401761081,2039.0750466333702
821,969.8370313531486,1625.5604141188087,3665.4601825266145,-7104.631200892618,2116.518885294441
822,1299.4200442258734,2098.837489804486,3356.0687076393515,1101.6388453100808,2075.819424635265
823,2352.565859592287,1878.9238604269922,2153.890934627969,2149.5884087630548,2168.5783381131478
824,3313.064409946557,1311.3209002163494,2240.9756288961507,1834.6598416534252,1865.389693503501
825,3030.089766198769,1272.3982243407518,2162.282684579259,-49155.56406062818,-1381.278326017782
826,2909.4840399073437,376.9869129520375,2000.6950720632449,8189.249075580854,2072.0333893103525
827,1232.385042206617,-7618.625701415818,-1966.2840365571901,-14234.892529699951,-2031.0336666905787
828,1180.8032904095016,1122.0814231961267,2348.198555957759,17234.7447781479,2775.175719561288
829,987.0044947948772,1564.7396766892634,2165.0761074428447,4066.4701918396167,3231.2401136998087
830,3146.453990946058,1663.3717802799074,447.9406394014368,2562.7336567132734,2034.3174515690189
831,2980.9785261126235,1528.4952656802488,-3577.28692111047,2955.6458247888368,2258.4203861446586
832,-105.41728459484875,1892.6426891847514,1629.6150650279596,1746.0999002978206,-811.3987054212485
833,2904.8577369945124,1153.976268612896,617.824577172054,2526.513714618748,2668.8879984449595
834,3643.2020890838467,981.3952964254422,1723.1408341886709,1571.543324800441,2535.9413541965187
835,3837.716148414649,1300.4292466671905,1884.8456348723266,2650.085536892293,1894.8071422688663
836,3411.94234439265,1548.3007773488062,-2098.863383291289,2301.0243195442017,2567.327825453831
837,-1673.7569029950537,2603.174432847649,-2410.161424628226,2369.260513298912,-2851.3279667254537
838,2549.483955136966,3022.5709162934218,1050.9640032812022,2471.4613401778042,-731.1796991839074
839,-29427.458337701857,1534.8793808857445,2195.18305073143,2968.562477735337,4225.993131101597
840,1425.2775104038883,-4703.503323929384,8157.277168829925,2332.2009405014105,2865.5575783257373
841,1814.6969203855842,3137.153083488578,-1562.1418592978735,2340.793356327107,3594.860500014387
842,-1854.4232641933486,3067.9118508105166,2382.1511593929026,1090.0587046477012,169.94318164186552
843,-205.6148248964455,-2167.463701399509,-311.34846652508713,-52430.70541033463,1244.9823965830728
844,600.0373345918488,4143.522727254778,-8599.257244374137,-1064.1819274332374,1654.28067743266
845,774.5418441691436,4081.2067771097645,-80.68550600344315,512.4186714203097,3191.094270036556
846,1492.3758856664645,3434.0884444271214,1839.669813796645,2348.249930083286,3461.650727487169
847,912.9572247043252,3686.9507709434256,1777.3821978599299,-496.2509042667225,-5610.438220728654
848,-95.13969564763829,2677.172225489281,-24291.4365023172,2347.2364305669907,249.66384993493557
849,1199.0449686677894,3367.2743861326016,1613.1654783030972,1988.7188942239154,4734.8181340657175
850,1223.263886453933,4161.558747937903,813.2797438784037,2469.2970465957187,4372.28202873189
851,1726.8635993388016,-5617.322866757866,1362.6530484566465,-443.7190748383291,-1235.6138450712897
852,1247.9862530984683,1682.7526014447212,-4555.475870734779,2522.6112163770013,-3738.376666384749
853,1249.94784525258,1486.8447009553201,-3253.5469779492123,2341.8997109702323,4020.535355547443
854,2945.3890248276293,3057.510115220677,662.4117798591033,869.5705175327603,-209.13753805472516
855,1426.1232150956057,2092.4894019055646,1622.2977555403486,2498.8402384330984,-11772.050603040727
856,3691.1832918687724,2328.3578166502994,2925.2322115621064,3188.7905909437686,1546.3313279307913
857,3949.7348650954664,1673.5005621400196,2608.610970388865,3093.5807361269835,-2125.3935435425956
858,1846.1207623349037,3298.210155533161,2972.688559436938,2863.0127520316746,3360.2347337557003
859,2817.772008325439,2488.8635565701406,3656.764405800961,2727.375679306686,2689.8042449711356
860,426.03331836219877,2421.7723866251763,3452.640390375629,2577.23328375048,1814.1738974777982
861,1861.4017264037393,272.9560903729871,3543.547640984878,3430.301285210997,3709.0686175078154
862,-40.87528848857619,-9397.933032511617,3591.6825229702517,-359.11346672009677,2038.9155453257263
863,2186.37172972993,-2839.5181055597495,3658.0000531589612,2846.973869031761,4216.87100678822
864,2439.0910140550695,1716.4248643242754,3119.600686799735,3095.8338908292353,4660.982202999294
865,824.0753426038427,1140.633690632414,-13782.6960174446,-100866.36564543284,2824.463385019917
866,3749.376367875375,1324.6550114497077,3966.646402470302,-61.32904686545953,4126.672733196057
867,1463.6213648589328,1127.9674155466491,3655.2714249873534,2198.867955944035,3471.835915877484
868,3280.4502601539716,1252.3904379028827,4497.889357293956,-11116.097215892049,972.4969971445389
869,3830.21789916791,1803.6482876823284,1914.4339022045024,1158.7452342906035,3350.4380340403877
870,4025.2024865900166,2821.706551485695,2627.7174959767144,946.4957226114348,-4650.6019612483215
871,2743.7657898042817,3518.2067927862518,-23.81643255543895,-4441.669051051023,4234.303800901864
872,2912.8136573850643,3589.3175879670307,-1943.5413191216066,2241.7684777115937,3964.9584477306344
873,3037.9738852893934,-3778.5256383665837,2728.8643355274107,1679.918578099925,1893.9493417409249
874,2887.6507043836173,2635.5378493643366,3459.1920140651055,-2860.3189285581466,3459.6487269117497
875,3101.6333614147734,4530.623644263018,3371.357087834738,1865.5589026596863,-32968.44942417415
876,1082.2298383451998,3347.97384419851,-4759.0448055421,2720.1811718610115,-3987.557785366429
877,2465.9908516732976,2331.8398475314025,2649.968199907802,3212.354253342375,-947.2941484637558
878,2650.0871564673726,2053.760567764286,3286.882653873414,2325.8970279237255,5697.759726468008
879,-927.4369419470895,2032.4830893795006,2990.7919168421067,3094.412854278926,2509.422006044537
880,2152.9837580840103,1436.2253798281308,3146.726628091652,3684.9404622130096,6068.492994942702
881,612.481131732231,2041.6476126443595,3283.1446633399464,-6626.305514775217,2327.3931693271734
882,-5461.572743448196,-11916.469497371232,2617.6404236755334,5531.598066009581,-50028.25932077784
883,2667.693325745873,2073.9007243767846,2402.988550258102,4973.771712945774,5008.772061912343
884,330.7899549631402,2126.5927466985304,2023.200063699158,2382.8791368328966,639.7615676205605
885,5813.319200952537,399.5810089833103,261.48728609317914,3266.19729989348,2708.299972137902
886,5326.863495651167,3589.5928113246337,2222.186126766028,2905.9202621008735,3688.296966455411
887,5524.384796698578,1106.297898126999,-1225.5328673915938,-3731.085040260805,1028.481448550243
888,2523.225062110694,5586.61924245581,2417.1254647688475,2115.9952861862257,5051.9760590582155
889,2713.129128664965,5317.878266067244,705.0397750088014,-1449.1124386142474,5154.312797773629
890,-11129.284604111686,-33240.72572636604,1044.400909003336,-230.2268392369151,-17510.468101725448
891,1323.5486291293055,5607.378401170019,2859.258911146084,3089.7286135279574,-3219.410172974225
892,-45.989731131121516,3890.626578708645,-8834.851165962406,-3732.9801389027853,2149.4599366374314
893,1876.2089560825843,4004.884046657011,2267.339475512039,-10837.617267750204,6507.863359766081
894,-4588.379205053672,2897.824441366829,2733.7228132165037,4274.664342080243,7044.920355748385
895,3248.323378104251,1899.966873020865,1418.4285194387194,3889.821023893077,6514.208194422536
896,2924.045945802005,-1838.170915799914,3015.1783497403376,1049.7531828335486,5427.9411664558575
897,-6997.351991421543,2050.6323870450724,4193.478700550273,5332.738499863539,5287.565376983024
898,4056.0135913756676,1677.6418255355675,1428.5415298365988,4536.288030282129,-2777.103443133179
899,107.21609450085089,2653.700374115724,194.37952533899806,-663.6250077500008,4213.882169636898
900,4477.425342001952,2260.6300842347555,2664.143697026884,5998.085832516197,1004.7026211591437
901,4948.355743469205,2781.554537357064,-2866.5868945519906,5245.229627246968,2007.9481797618791
902,4988.501164336689,893.8459853879176,3172.8996414393187,4781.756486855913,4326.671805807855
903,4635.854208523408,174.36700839712285,2372.5963715179823,4021.679579573218,5035.957341575529
904,-7615.137766224798,1622.8129601863911,4220.055755423848,3087.4721347354352,1462.71812659828
905,1525.950731374789,1714.7333369720727,2872.135124547407,856.674031028524,2794.1904164445587
906,-11389.144066218287,2962.41289298865,4953.309968500398,2602.5727776428685,-84460.56347733084
907,3793.362855223939,-801.454120459035,4109.348545705434,2879.9973445620853,3952.9303373182192
908,-19381.57691317424,4605.481633964926,1160.3341026110575,5206.616955471691,-289.92980052228086
909,3987.607759546954,5094.193484493066,212.00784965511411,6169.29106702283,2408.3118117398117
910,8000.659857489169,4161.240542083979,2793.663421079982,5639.691431760322,3770.208762577269
911,4531.669742596336,5122.180479996838,-38299.45089952694,4988.959318438079,3459.7718266276643
912,-1631.5446147546172,6575.520028841682,2705.5962634121533,4479.004368648864,-2677.7244273221586
913,541.6161532851402,6116.317258379422,3345.760701137595,5750.735374629032,-11847.945251386845
914,-7960.133790131658,5851.093025784474,2762.761675736634,-498.46095156576484,3913.3314628517255
915,7206.635845415294,163.19970387313515,3894.7360370056704,-4827.785405805334,-2058.126205943059
916,-19516.77199840173,6495.439211062156,3159.9290572837926,2686.681036412483,3373.54283507308
917,-14012.926073295996,7060.0567395286635,2763.758428706322,3017.233327936381,-6119.194490672089
918,14497.624977130676,7710.905942660756,4277.686940763146,1103.4731966378167,2843.7551069699693
919,339.1415445622988,8781.869769821875,-1014.527698198799,2503.50403239741,533.1167043780442
920,4686.787377308123,7894.139004142955,3818.892320615705,2369.403610880021,1682.4408047241159
921,-8437.106060812483,7035.81804448273,5496.931069979444,2098.9860306442715,3948.513323934283
922,1865.3164732456207,7086.921282538213,3845.9709038781,2287.087726977188,4616.599748733453
923,10940.527181500569,1230.5313161173835,3420.7265846459195,4576.729098469019,1823.4606463978998
924,-12379.178378783166,2402.409806401003,2360.445476653753,-16950.489645497873,-5351.04231313616
925,3370.3683720463887,-2651.2097273203544,4852.965345952194,4192.098954483867,3927.9115481763147
926,-2543.0918991426006,1044.1488902079873,-399.94544552033767,4412.521448974963,5388.867869169451
927,3509.2418589009903,4149.039297093172,4273.883461901452,4489.054969985038,5617.040060526691
928,395.19352380139753,1770.178549645003,3025.7815115354024,4145.298195914365,4961.7445489075035
929,2873.728841553442,2222.5581309001427,3687.960963075515,4403.514476857148,4822.394585018512
930,2233.0615181797184,4022.2227595862933,3108.4937377730384,16279.673475981224,4229.444069909863
931,4572.847767135128,2823.8284552637488,3687.812065032311,-5225.247018729802,3868.758616793435
932,15159.594855404459,3435.9197332356125,3626.9241731390357,-8958.262876954395,3694.2888707849197
933,-4999.738801973872,-9309.938215953298,2902.590072692372,-6991.01509624999,-1870.2169138435274
934,12998.914348569699,2774.18921647314,2748.7376132230274,17307.705651266035,2643.758958900813
935,2271.3452614787966,-19496.90550932614,-25158.103296385612,-851.4855536776595,2314.6356482012197
936,5689.012193432078,6001.844056578353,2207.3924232407007,-8764.570541054476,2579.383498364361
937,16423.675440595485,-897.8331060772762,-2992.55231290753,14068.7408615998,-1802.7458572774194
938,4709.241370946635,7126.439404529519,1837.5873771577608,-9316.982452890836,2979.663155705901
939,4174.76749091642,7845.996733025648,1404.958722408861,4189.374778106809,2743.181430406403
940,762.2901164228097,3380.9049341464415,-16622.490178573178,-2748.194198049605,-4017.070261628367
941,3659.8632186674513,-2502.256094370503,3162.8165213842876,24701.039895591326,-283.26505118468776
942,-4232.789416006766,-5257.99936462217,4645.930213951506,-6465.490160722751,-1734.9445529489312
943,19039.85957315471,4633.126772976015,4062.5392577326857,12035.640074887779,-5652.436207311461
944,2612.2738599432632,4536.836644433439,3971.7127317227423,-1459.9644955853,4102.182049073745
945,10371.697354855947,-15020.584337008186,125.07123749144375,-1684.2929715348873,3332.162566419225
946,7331.934364758432,6038.269164944068,3420.7460750895552,13250.268873590743,4765.379103089217
947,7591.271003865637,1325.04362208955,4671.552667803131,-4090.6954576282296,3939.0570296798833
948,-11256.81462101452,7529.253116169944,147.48106414452195,-1777.6334615910891,-2245.2516619847156
949,67.64467427972704,-5495.533143982291,-6012.6653560213745,-12720.351577191148,-1606.9737793724053
950,18544.073637923226,5533.179194813129,4312.468901427928,2277.296787319705,1006.9255123697221
951,-552.1974476231262,5220.017542065121,3723.517158777453,3549.339914271608,3689.391100692097
952,5373.657431567088,-5005.854181583505,6802.491848684847,3485.7523306272924,4687.822559787892
953,9041.705331638455,2765.0012101340108,7475.295154618099,3599.3924613143317,4516.513417984359
954,-34895.13705579005,4748.802580894437,8074.717936574481,3267.7219034587033,3844.883434427902
955,-5611.972669020295,4619.498242895119,-901.734579901211,1050.1008601016365,3584.6104718809947
956,692.2670725658536,-3780.2777263983153,-1080.8864095271565,3888.2159621333703,725.280201040674
957,5029.801934679039,4020.6303151771426,3134.0931821172126,5075.95943876449,3457.9572954508476
958,9233.801863745786,3032.0825713849626,3422.823496125173,4575.348348679487,4334.8336455747485
959,10341.539080636576,1069.483198078815,-26927.63415475632,6056.696389351971,744.5589735126123
960,11212.168523767963,-6332.873559477739,-4658.792851804756,5165.5240025492385,4621.566869008355
961,-3680.43528418988,7835.235222458839,2906.4652699574362,5434.148463155609,-1703.6221159952693
962,5606.751978733577,8263.954271213152,955.384510783013,5622.550744279753,5041.410835742485
963,3418.678527370561,5919.193984797224,365.0038194237277,-11374.852967581712,5986.749093928374
964,6655.65807988774,6656.16206752602,-116085.0848430614,7845.985523129813,-28222.722344239708
965,3802.700503670145,7207.735873576254,3455.2308199992403,5430.180720188655,4745.876837255433
966,5221.147171862423,8299.20466909185,5346.67343117483,4076.794864612166,4224.13804890262
967,2486.79395334702,-3903.4869435783476,61.996201779693365,2240.3791541359387,1344.228544095531
968,6130.03852279624,9337.579399903305,4344.052397689782,-3255.7319560376927,3532.302386519965
969,6368.782042175531,5783.682681786828,6430.868240071461,4834.167909857351,672.8772532553412
970,15334.770043242723,5686.124579482712,3095.588555140421,4071.9484150218777,-1970.0788248525932
971,23629.304281700402,-13822.349745163694,-3349.1993980505504,5451.368667050265,4689.670368840452
972,9952.9875350371,5519.62278408464,3433.7425599927083,2306.281937196851,6324.170913524926
973,5215.690812931396,-39448.40768548241,270.067199641373,4327.036703202408,4397.045040147379
974,10446.48718014732,-45060.2331008208,6416.840662857518,6547.556488616392,-37603.29637539247
975,13083.140847197734,5837.939343167935,6368.691498239525,3300.759313124232,1304.1439576270059
976,7138.210940723773,7335.905719480477,6483.903924515471,4362.676304524299,6570.201780064963
977,7002.120573472697,5939.545169480145,6414.142485307064,-98452.16317412816,6019.583611687645
978,369.498260312248,-1444.0083370562643,-1330.9415580153,6868.12774639111,-8979.077433367725
979,8670.112471086904,-985.9796009296551,2460.837524255505,5131.328802602366,2768.1258638105355
980,4523.975240333471,9283.987210685387,6817.5119075914845,3409.2481503509916,5046.796758310869
981,3180.4516686960123,7075.660137325525,6588.694074801169,-3075.399429054931,6833.638738704845
982,5980.705738593824,2973.8632510080934,601.4022946748883,-2627.1089845802635,5427.585922227707
983,8834.195505783893,6372.213771034032,6743.566612663679,2335.124517915072,6015.685085066594
984,6764.330324609764,7909.414970218204,3690.0833327509463,-10030.393744241446,-58479.60089755291
985,5147.14867466595,-27299.973636359908,558.0516714407131,744.5367927844636,-5160.864863373805
986,5279.651154229883,5708.2927901521325,11827.051053013653,2869.8115145787597,-1336.5620453017764
987,-1563.0469255256467,-6900.008044775575,6872.436647452414,1594.8661183156073,2746.1818840100896
988,3430.3104096734896,8068.480814941227,8092.190668557771,5731.16118770279,2707.649225370493
989,4243.189274978824,587.0170370368287,7939.718861609697,7762.276976665482,1867.5767778782174
990,3398.338850127533,9139.642466891557,4860.890612230636,7978.450610872358,5303.096740206238
991,4047.8788943989202,8774.931017824449,4814.361978462897,9295.94458689075,5261.746742439456
992,5248.0752153988,7610.9326112559065,5925.930322578177,8608.650332138874,291.112662024796
993,968.6619977494702,4275.636273313314,6300.254381725565,4801.881986929104,3196.8363748113625
994,6257.547329461668,5536.998845115304,1453.7073683198541,7688.001132529229,14.227987476158887
995,5439.527728203218,-9078.10973887518,6001.830224588048,5084.708464066498,4346.4958603843115
996,-7275.214344713371,12301.701040071435,8282.590977838263,8427.971278798766,3808.049384664744
997,6163.102111466695,12512.988453411497,-2619.9483294095844,-23229.647926513106,3154.578279532492
998,-21785.05046340823,8808.972620219924,7603.446726531722,-13182.37768397946,1350.4056176901795
999,-62243.27573362831,11136.82172869984,6965.633123906795,2972.2933825331274,4947.405800216831
1000,1349.758783465717,11208.570562144741,2744.402386889793,2511.2462944174185,6055.69963735668
