1,200.0,200.0,200.0,200.0,200.0,200.0,200.0,200.0,200.0,200.0
2,200.0,200.0,200.0,200.0,200.0,200.0,200.0,200.0,200.0,200.0
3,200.0,200.0,200.0,227.0,180.0,200.0,227.0,180.0,180.0,227.0
4,200.0,200.0,167.0,233.0,120.0,200.0,233.0,227.0,193.0,193.0
5,227.0,180.0,160.0,240.0,80.0,200.0,240.0,233.0,213.0,133.0
6,233.0,173.0,213.0,247.0,87.0,167.0,247.0,240.0,227.0,220.0
7,240.0,207.0,220.0,253.0,140.0,220.0,253.0,247.0,233.0,227.0
8,247.0,180.0,147.0,213.0,167.0,107.0,260.0,247.0,240.0,233.0
9,253.0,220.0,213.0,140.0,153.0,207.0,267.0,260.0,247.0,240.0
10,180.0,227.0,153.0,240.0,147.0,107.0,273.0,267.0,253.0,247.0
11,220.0,233.0,213.0,120.0,73.0,193.0,280.0,273.0,260.0,167.0
12,173.0,240.0,220.0,127.0,67.0,200.0,280.0,280.0,267.0,107.0
13,220.0,247.0,227.0,140.0,0.0,207.0,293.0,287.0,193.0,107.0
14,187.0,253.0,233.0,200.0,107.0,193.0,187.0,293.0,187.0,113.0
15,173.0,260.0,240.0,167.0,120.0,213.0,287.0,193.0,33.0,187.0
16,227.0,267.0,247.0,207.0,27.0,220.0,293.0,220.0,80.0,0.0
17,233.0,273.0,253.0,167.0,107.0,227.0,300.0,133.0,13.0,0.0
18,133.0,280.0,253.0,173.0,107.0,233.0,307.0,167.0,93.0,0.0
19,227.0,287.0,267.0,160.0,87.0,240.0,320.0,113.0,73.0,0.0
20,233.0,300.0,273.0,160.0,113.0,247.0,327.0,13.0,20.0,0.0
21,240.0,307.0,280.0,200.0,80.0,127.0,220.0,180.0,47.0,60.0
22,247.0,313.0,187.0,207.0,113.0,233.0,320.0,47.0,27.0,73.0
23,253.0,307.0,273.0,213.0,20.0,240.0,327.0,0.0,40.0,73.0
24,260.0,327.0,280.0,220.0,100.0,227.0,340.0,0.0,27.0,13.0
25,267.0,340.0,213.0,167.0,100.0,247.0,193.0,0.0,13.0,67.0
26,273.0,347.0,280.0,220.0,0.0,207.0,320.0,0.0,33.0,67.0
27,280.0,360.0,287.0,227.0,53.0,253.0,333.0,73.0,53.0,73.0
28,180.0,360.0,253.0,233.0,80.0,260.0,280.0,80.0,20.0,73.0
29,120.0,373.0,293.0,240.0,87.0,267.0,333.0,80.0,53.0,80.0
30,247.0,387.0,300.0,193.0,87.0,193.0,267.0,80.0,0.0,80.0
31,100.0,360.0,313.0,213.0,93.0,267.0,340.0,87.0,60.0,80.0
32,160.0,400.0,267.0,127.0,93.0,273.0,327.0,87.0,60.0,87.0
33,93.0,413.0,173.0,227.0,100.0,280.0,300.0,93.0,27.0,87.0
34,127.0,407.0,293.0,153.0,13.0,287.0,353.0,93.0,53.0,93.0
35,173.0,360.0,287.0,220.0,40.0,213.0,187.0,100.0,60.0,93.0
36,187.0,333.0,193.0,140.0,27.0,120.0,293.0,100.0,40.0,100.0
37,193.0,420.0,293.0,40.0,13.0,180.0,333.0,73.0,13.0,100.0
38,200.0,307.0,300.0,0.0,40.0,247.0,273.0,100.0,20.0,100.0
39,147.0,413.0,233.0,0.0,20.0,253.0,333.0,107.0,47.0,87.0
40,187.0,420.0,300.0,33.0,13.0,260.0,347.0,33.0,20.0,20.0
41,200.0,273.0,307.0,0.0,13.0,267.0,307.0,93.0,47.0,40.0
42,93.0,347.0,313.0,13.0,0.0,273.0,353.0,33.0,47.0,80.0
43,107.0,387.0,327.0,20.0,53.0,280.0,360.0,80.0,47.0,87.0
44,127.0,267.0,333.0,60.0,53.0,287.0,373.0,80.0,7.0,7.0
45,140.0,147.0,300.0,67.0,7.0,300.0,367.0,87.0,7.0,0.0
46,167.0,160.0,340.0,47.0,20.0,307.0,387.0,93.0,40.0,60.0
47,133.0,207.0,353.0,67.0,47.0,313.0,400.0,93.0,40.0,60.0
48,167.0,247.0,360.0,7.0,47.0,320.0,340.0,80.0,40.0,40.0
49,173.0,300.0,373.0,27.0,47.0,333.0,407.0,73.0,40.0,60.0
50,133.0,260.0,380.0,53.0,13.0,340.0,313.0,93.0,47.0,67.0
51,173.0,260.0,393.0,0.0,13.0,247.0,240.0,100.0,47.0,53.0
52,180.0,300.0,233.0,0.0,40.0,293.0,380.0,100.0,47.0,67.0
53,187.0,253.0,373.0,20.0,13.0,287.0,393.0,107.0,53.0,67.0
54,107.0,293.0,387.0,47.0,20.0,327.0,253.0,107.0,53.0,73.0
55,180.0,313.0,240.0,40.0,33.0,340.0,347.0,113.0,53.0,7.0
56,127.0,287.0,267.0,27.0,33.0,267.0,273.0,13.0,33.0,47.0
57,173.0,320.0,260.0,53.0,40.0,287.0,300.0,60.0,53.0,60.0
58,180.0,333.0,240.0,53.0,40.0,160.0,200.0,93.0,53.0,60.0
59,107.0,240.0,280.0,53.0,40.0,300.0,260.0,93.0,60.0,67.0
60,173.0,240.0,187.0,60.0,40.0,313.0,280.0,100.0,60.0,67.0
61,100.0,287.0,213.0,27.0,7.0,220.0,327.0,87.0,60.0,73.0
62,80.0,320.0,233.0,53.0,40.0,213.0,333.0,87.0,67.0,73.0
63,153.0,227.0,260.0,60.0,40.0,300.0,347.0,100.0,67.0,73.0
64,87.0,287.0,153.0,40.0,40.0,307.0,353.0,107.0,67.0,67.0
65,147.0,167.0,267.0,60.0,40.0,253.0,267.0,107.0,73.0,80.0
66,153.0,293.0,273.0,33.0,47.0,307.0,353.0,113.0,40.0,20.0
67,120.0,300.0,153.0,60.0,47.0,320.0,360.0,113.0,67.0,73.0
68,153.0,307.0,260.0,60.0,47.0,167.0,373.0,120.0,73.0,33.0
69,160.0,320.0,267.0,60.0,53.0,300.0,380.0,120.0,73.0,67.0
70,160.0,107.0,273.0,67.0,53.0,307.0,367.0,87.0,80.0,73.0
71,167.0,147.0,253.0,67.0,53.0,267.0,260.0,120.0,40.0,60.0
72,173.0,213.0,287.0,67.0,60.0,187.0,380.0,127.0,73.0,73.0
73,180.0,147.0,293.0,73.0,60.0,200.0,387.0,127.0,80.0,73.0
74,187.0,240.0,240.0,73.0,0.0,120.0,400.0,133.0,80.0,80.0
75,187.0,220.0,120.0,80.0,53.0,200.0,407.0,140.0,80.0,80.0
76,193.0,60.0,267.0,80.0,53.0,67.0,307.0,140.0,87.0,87.0
77,200.0,120.0,173.0,53.0,53.0,120.0,407.0,147.0,87.0,80.0
78,207.0,167.0,227.0,80.0,60.0,47.0,320.0,153.0,93.0,87.0
79,213.0,147.0,260.0,80.0,60.0,107.0,227.0,153.0,93.0,93.0
80,220.0,187.0,267.0,87.0,60.0,73.0,153.0,160.0,100.0,93.0
81,227.0,173.0,160.0,87.0,67.0,147.0,227.0,167.0,100.0,100.0
82,233.0,160.0,253.0,67.0,67.0,100.0,327.0,93.0,107.0,60.0
83,240.0,193.0,260.0,87.0,67.0,147.0,313.0,160.0,107.0,80.0
84,247.0,200.0,267.0,87.0,13.0,153.0,120.0,167.0,113.0,93.0
85,253.0,207.0,273.0,93.0,60.0,100.0,300.0,167.0,67.0,100.0
86,260.0,213.0,280.0,93.0,60.0,147.0,293.0,173.0,80.0,27.0
87,253.0,200.0,293.0,100.0,67.0,153.0,233.0,147.0,107.0,87.0
88,267.0,220.0,300.0,100.0,67.0,160.0,147.0,180.0,100.0,93.0
89,280.0,227.0,307.0,107.0,67.0,160.0,280.0,180.0,27.0,20.0
90,287.0,233.0,313.0,107.0,73.0,167.0,240.0,80.0,93.0,53.0
91,260.0,240.0,253.0,113.0,73.0,173.0,260.0,100.0,33.0,0.0
92,293.0,247.0,320.0,40.0,80.0,180.0,173.0,160.0,87.0,67.0
93,87.0,253.0,327.0,100.0,80.0,180.0,267.0,160.0,93.0,67.0
94,173.0,260.0,113.0,107.0,87.0,187.0,273.0,167.0,93.0,27.0
95,113.0,267.0,293.0,107.0,27.0,193.0,280.0,147.0,100.0,60.0
96,73.0,133.0,300.0,113.0,40.0,200.0,293.0,107.0,100.0,60.0
97,87.0,253.0,173.0,113.0,27.0,207.0,300.0,33.0,107.0,67.0
98,180.0,133.0,287.0,120.0,67.0,213.0,307.0,33.0,107.0,67.0
99,147.0,93.0,293.0,120.0,67.0,220.0,313.0,47.0,113.0,7.0
100,173.0,213.0,307.0,127.0,27.0,227.0,280.0,0.0,113.0,60.0
101,20.0,220.0,313.0,33.0,33.0,233.0,320.0,87.0,120.0,60.0
102,153.0,173.0,320.0,113.0,33.0,240.0,333.0,93.0,120.0,67.0
103,73.0,220.0,333.0,113.0,53.0,247.0,340.0,93.0,33.0,67.0
104,147.0,140.0,340.0,113.0,60.0,233.0,347.0,67.0,7.0,67.0
105,147.0,213.0,300.0,120.0,0.0,253.0,360.0,93.0,93.0,73.0
106,153.0,220.0,227.0,127.0,53.0,260.0,367.0,100.0,93.0,73.0
107,133.0,227.0,333.0,127.0,53.0,113.0,380.0,100.0,100.0,80.0
108,160.0,233.0,340.0,60.0,53.0,127.0,373.0,60.0,100.0,80.0
109,160.0,167.0,347.0,80.0,60.0,227.0,393.0,100.0,107.0,80.0
110,100.0,193.0,313.0,113.0,60.0,233.0,327.0,100.0,107.0,87.0
111,160.0,227.0,180.0,7.0,60.0,180.0,400.0,107.0,113.0,87.0
112,160.0,233.0,327.0,100.0,67.0,127.0,413.0,107.0,113.0,93.0
113,153.0,227.0,320.0,100.0,67.0,213.0,300.0,113.0,120.0,93.0
114,167.0,187.0,240.0,93.0,67.0,200.0,407.0,113.0,120.0,100.0
115,173.0,240.0,327.0,107.0,73.0,220.0,247.0,120.0,127.0,100.0
116,180.0,60.0,267.0,20.0,67.0,200.0,320.0,120.0,120.0,107.0
117,187.0,7.0,327.0,80.0,0.0,227.0,387.0,13.0,67.0,107.0
118,193.0,120.0,300.0,20.0,0.0,233.0,400.0,60.0,120.0,113.0
119,140.0,167.0,193.0,53.0,0.0,160.0,407.0,53.0,60.0,113.0
120,167.0,173.0,320.0,27.0,7.0,227.0,387.0,0.0,113.0,120.0
121,193.0,47.0,327.0,20.0,53.0,180.0,420.0,73.0,60.0,120.0
122,193.0,153.0,247.0,60.0,53.0,233.0,433.0,47.0,0.0,127.0
123,200.0,33.0,0.0,60.0,53.0,240.0,447.0,73.0,87.0,133.0
124,107.0,133.0,240.0,67.0,60.0,247.0,460.0,73.0,27.0,133.0
125,193.0,140.0,267.0,67.0,60.0,187.0,473.0,80.0,80.0,140.0
126,73.0,147.0,273.0,67.0,60.0,187.0,487.0,80.0,87.0,87.0
127,127.0,147.0,280.0,73.0,67.0,240.0,500.0,87.0,20.0,133.0
128,160.0,153.0,280.0,20.0,0.0,207.0,513.0,13.0,73.0,140.0
129,93.0,140.0,293.0,67.0,53.0,247.0,527.0,67.0,47.0,67.0
130,67.0,160.0,300.0,47.0,53.0,253.0,540.0,20.0,73.0,133.0
131,67.0,167.0,233.0,20.0,27.0,260.0,553.0,60.0,0.0,133.0
132,133.0,167.0,300.0,0.0,53.0,267.0,567.0,67.0,53.0,140.0
133,0.0,140.0,307.0,47.0,53.0,273.0,580.0,67.0,33.0,147.0
134,113.0,173.0,193.0,53.0,53.0,280.0,600.0,73.0,60.0,147.0
135,113.0,127.0,273.0,53.0,60.0,233.0,553.0,53.0,60.0,87.0
136,20.0,140.0,300.0,60.0,20.0,167.0,620.0,73.0,33.0,120.0
137,100.0,133.0,307.0,60.0,13.0,200.0,633.0,40.0,0.0,7.0
138,0.0,167.0,320.0,60.0,47.0,260.0,600.0,67.0,33.0,120.0
139,60.0,160.0,147.0,67.0,0.0,267.0,573.0,7.0,0.0,120.0
140,80.0,173.0,247.0,47.0,27.0,140.0,653.0,60.0,53.0,127.0
141,0.0,180.0,180.0,67.0,60.0,207.0,513.0,60.0,60.0,127.0
142,67.0,187.0,213.0,67.0,60.0,167.0,533.0,67.0,60.0,133.0
143,73.0,113.0,273.0,73.0,60.0,100.0,533.0,67.0,60.0,140.0
144,73.0,180.0,220.0,73.0,67.0,213.0,460.0,67.0,67.0,140.0
145,73.0,187.0,233.0,73.0,67.0,193.0,613.0,73.0,67.0,147.0
146,80.0,193.0,160.0,80.0,67.0,220.0,453.0,73.0,67.0,153.0
147,80.0,200.0,253.0,80.0,73.0,53.0,400.0,80.0,73.0,153.0
148,87.0,207.0,260.0,87.0,73.0,193.0,580.0,80.0,0.0,160.0
149,53.0,213.0,267.0,87.0,80.0,200.0,593.0,80.0,13.0,167.0
150,13.0,220.0,113.0,93.0,80.0,207.0,607.0,87.0,27.0,173.0
151,73.0,227.0,247.0,93.0,80.0,200.0,627.0,87.0,47.0,20.0
152,73.0,233.0,253.0,100.0,87.0,213.0,527.0,93.0,53.0,147.0
153,73.0,240.0,260.0,100.0,87.0,207.0,633.0,33.0,53.0,153.0
154,80.0,247.0,267.0,107.0,93.0,227.0,533.0,80.0,53.0,127.0
155,80.0,127.0,273.0,107.0,93.0,193.0,640.0,87.0,60.0,40.0
156,87.0,187.0,153.0,113.0,100.0,227.0,660.0,87.0,60.0,40.0
157,87.0,127.0,180.0,93.0,80.0,233.0,673.0,93.0,7.0,80.0
158,93.0,213.0,253.0,113.0,40.0,240.0,660.0,93.0,47.0,0.0
159,93.0,193.0,160.0,120.0,73.0,107.0,520.0,100.0,53.0,7.0
160,100.0,220.0,173.0,120.0,53.0,147.0,680.0,100.0,53.0,47.0
161,100.0,220.0,133.0,0.0,87.0,140.0,653.0,107.0,60.0,73.0
162,107.0,233.0,173.0,100.0,87.0,200.0,707.0,87.0,60.0,73.0
163,107.0,240.0,73.0,107.0,93.0,147.0,480.0,107.0,60.0,80.0
164,13.0,247.0,193.0,107.0,93.0,133.0,653.0,113.0,67.0,80.0
165,93.0,253.0,180.0,113.0,100.0,193.0,700.0,27.0,67.0,87.0
166,93.0,260.0,33.0,113.0,13.0,200.0,720.0,87.0,67.0,87.0
167,100.0,267.0,167.0,120.0,87.0,127.0,740.0,100.0,73.0,53.0
168,100.0,273.0,173.0,120.0,87.0,173.0,760.0,60.0,73.0,20.0
169,107.0,280.0,120.0,100.0,47.0,193.0,780.0,100.0,80.0,73.0
170,107.0,260.0,47.0,127.0,87.0,200.0,800.0,80.0,47.0,73.0
171,113.0,293.0,147.0,127.0,87.0,207.0,767.0,87.0,33.0,33.0
172,113.0,300.0,153.0,133.0,73.0,213.0,827.0,100.0,0.0,20.0
173,120.0,293.0,107.0,140.0,93.0,220.0,853.0,107.0,20.0,60.0
174,67.0,220.0,153.0,140.0,93.0,227.0,873.0,107.0,7.0,67.0
175,113.0,300.0,153.0,0.0,20.0,173.0,893.0,113.0,53.0,0.0
176,120.0,247.0,160.0,120.0,80.0,227.0,533.0,113.0,53.0,60.0
177,0.0,307.0,167.0,100.0,87.0,233.0,860.0,120.0,53.0,67.0
178,0.0,313.0,173.0,120.0,87.0,153.0,880.0,13.0,60.0,67.0
179,0.0,320.0,173.0,127.0,93.0,73.0,813.0,73.0,0.0,0.0
180,73.0,333.0,180.0,13.0,93.0,200.0,873.0,100.0,13.0,13.0
181,0.0,220.0,187.0,20.0,33.0,207.0,847.0,20.0,0.0,73.0
182,40.0,320.0,193.0,93.0,33.0,213.0,927.0,33.0,67.0,0.0
183,47.0,333.0,53.0,0.0,33.0,220.0,867.0,80.0,33.0,0.0
184,67.0,340.0,173.0,53.0,53.0,207.0,667.0,80.0,13.0,60.0
185,67.0,213.0,180.0,73.0,67.0,147.0,887.0,53.0,53.0,13.0
186,73.0,247.0,180.0,80.0,73.0,13.0,933.0,80.0,53.0,53.0
187,67.0,320.0,187.0,73.0,73.0,113.0,960.0,40.0,60.0,53.0
188,60.0,327.0,193.0,7.0,80.0,167.0,967.0,13.0,0.0,40.0
189,73.0,340.0,200.0,67.0,80.0,0.0,947.0,67.0,53.0,53.0
190,0.0,347.0,173.0,73.0,80.0,140.0,760.0,67.0,60.0,60.0
191,27.0,360.0,173.0,73.0,0.0,147.0,987.0,73.0,60.0,60.0
192,67.0,367.0,200.0,73.0,67.0,27.0,880.0,7.0,67.0,13.0
193,67.0,273.0,207.0,73.0,73.0,127.0,1007.0,60.0,47.0,53.0
194,47.0,367.0,100.0,80.0,73.0,60.0,1033.0,67.0,67.0,20.0
195,67.0,373.0,133.0,80.0,60.0,120.0,760.0,67.0,0.0,53.0
196,73.0,140.0,187.0,53.0,73.0,73.0,953.0,67.0,7.0,53.0
197,73.0,287.0,113.0,80.0,80.0,113.0,900.0,67.0,60.0,53.0
198,73.0,340.0,180.0,80.0,80.0,53.0,873.0,73.0,60.0,60.0
199,67.0,93.0,147.0,73.0,60.0,7.0,1007.0,0.0,67.0,53.0
200,73.0,267.0,153.0,87.0,80.0,87.0,1047.0,0.0,67.0,60.0
201,80.0,300.0,180.0,87.0,87.0,93.0,613.0,33.0,67.0,60.0
202,80.0,173.0,187.0,93.0,33.0,93.0,827.0,53.0,73.0,67.0
203,87.0,67.0,193.0,93.0,7.0,100.0,747.0,60.0,73.0,67.0
204,20.0,213.0,200.0,100.0,20.0,100.0,960.0,60.0,80.0,67.0
205,73.0,147.0,207.0,100.0,60.0,107.0,847.0,60.0,80.0,73.0
206,80.0,233.0,213.0,107.0,27.0,107.0,980.0,67.0,80.0,67.0
207,0.0,240.0,220.0,107.0,53.0,113.0,1007.0,0.0,87.0,73.0
208,60.0,167.0,227.0,113.0,60.0,80.0,1033.0,40.0,87.0,80.0
209,67.0,233.0,233.0,47.0,60.0,100.0,1060.0,67.0,93.0,0.0
210,67.0,127.0,20.0,87.0,60.0,113.0,1087.0,67.0,93.0,7.0
211,73.0,220.0,120.0,107.0,67.0,40.0,1113.0,73.0,100.0,0.0
212,73.0,227.0,140.0,80.0,67.0,27.0,987.0,53.0,100.0,60.0
213,73.0,233.0,180.0,107.0,67.0,53.0,1107.0,73.0,107.0,7.0
214,80.0,240.0,187.0,13.0,0.0,87.0,1160.0,67.0,13.0,53.0
215,33.0,167.0,193.0,0.0,67.0,13.0,1187.0,53.0,93.0,53.0
216,73.0,207.0,80.0,67.0,7.0,53.0,1220.0,7.0,0.0,53.0
217,73.0,240.0,40.0,73.0,47.0,0.0,1200.0,27.0,0.0,0.0
218,47.0,247.0,147.0,73.0,67.0,33.0,1273.0,53.0,20.0,73.0
219,73.0,200.0,113.0,67.0,40.0,0.0,1200.0,0.0,0.0,7.0
220,73.0,200.0,140.0,20.0,67.0,80.0,1313.0,80.0,20.0,20.0
221,80.0,247.0,153.0,67.0,33.0,0.0,1100.0,0.0,0.0,27.0
222,0.0,253.0,160.0,53.0,47.0,93.0,860.0,47.0,93.0,20.0
223,0.0,260.0,107.0,0.0,40.0,20.0,1093.0,67.0,33.0,7.0
224,67.0,87.0,93.0,33.0,87.0,13.0,1253.0,93.0,0.0,73.0
225,47.0,167.0,147.0,53.0,13.0,60.0,1080.0,87.0,20.0,80.0
226,13.0,227.0,40.0,67.0,73.0,67.0,1273.0,47.0,60.0,13.0
227,60.0,233.0,33.0,67.0,80.0,73.0,1073.0,87.0,0.0,73.0
228,60.0,200.0,53.0,73.0,80.0,33.0,1280.0,93.0,0.0,73.0
229,60.0,240.0,60.0,73.0,87.0,7.0,1233.0,93.0,27.0,0.0
230,67.0,153.0,100.0,80.0,80.0,20.0,1267.0,100.0,0.0,40.0
231,0.0,233.0,100.0,20.0,87.0,53.0,1353.0,27.0,53.0,47.0
232,20.0,200.0,0.0,33.0,93.0,53.0,1387.0,87.0,60.0,7.0
233,60.0,240.0,67.0,67.0,93.0,53.0,1327.0,67.0,67.0,27.0
234,0.0,247.0,20.0,0.0,100.0,60.0,1240.0,60.0,73.0,47.0
235,27.0,253.0,73.0,60.0,0.0,60.0,1433.0,67.0,53.0,53.0
236,47.0,200.0,53.0,0.0,80.0,13.0,1267.0,7.0,73.0,7.0
237,0.0,253.0,0.0,67.0,20.0,60.0,1047.0,60.0,73.0,47.0
238,67.0,260.0,67.0,67.0,33.0,40.0,1407.0,73.0,80.0,47.0
239,0.0,207.0,67.0,73.0,0.0,0.0,1327.0,73.0,0.0,47.0
240,93.0,147.0,27.0,27.0,93.0,93.0,1453.0,73.0,40.0,53.0
241,87.0,180.0,40.0,100.0,93.0,100.0,967.0,80.0,13.0,53.0
242,27.0,47.0,33.0,0.0,13.0,100.0,1227.0,47.0,80.0,47.0
243,87.0,147.0,60.0,0.0,0.0,80.0,1407.0,7.0,87.0,53.0
244,87.0,87.0,0.0,0.0,27.0,100.0,1333.0,67.0,87.0,60.0
245,27.0,140.0,53.0,13.0,53.0,60.0,1273.0,73.0,7.0,13.0
246,0.0,173.0,40.0,47.0,27.0,100.0,1453.0,73.0,47.0,40.0
247,7.0,180.0,73.0,0.0,0.0,100.0,1300.0,80.0,13.0,67.0
248,60.0,187.0,0.0,40.0,20.0,107.0,1487.0,0.0,60.0,20.0
249,67.0,193.0,73.0,60.0,0.0,40.0,1500.0,0.0,27.0,40.0
250,67.0,200.0,80.0,73.0,0.0,53.0,1473.0,0.0,60.0,47.0
251,73.0,60.0,80.0,80.0,40.0,93.0,1520.0,7.0,33.0,60.0
252,27.0,127.0,87.0,73.0,0.0,60.0,1400.0,0.0,7.0,0.0
253,67.0,67.0,13.0,20.0,47.0,93.0,1580.0,80.0,47.0,20.0
254,0.0,0.0,60.0,60.0,80.0,33.0,1640.0,0.0,53.0,0.0
255,27.0,47.0,73.0,7.0,80.0,27.0,1680.0,40.0,13.0,7.0
256,13.0,0.0,0.0,60.0,47.0,40.0,1373.0,73.0,47.0,0.0
257,33.0,93.0,40.0,0.0,13.0,0.0,1320.0,13.0,27.0,93.0
258,93.0,93.0,100.0,87.0,7.0,67.0,1653.0,7.0,47.0,7.0
259,47.0,100.0,0.0,73.0,0.0,0.0,1187.0,7.0,20.0,0.0
260,73.0,100.0,53.0,87.0,53.0,60.0,1307.0,53.0,53.0,27.0
261,0.0,60.0,13.0,0.0,87.0,0.0,1560.0,53.0,20.0,0.0
262,7.0,27.0,80.0,20.0,0.0,53.0,1347.0,53.0,87.0,0.0
263,0.0,60.0,20.0,7.0,73.0,67.0,1607.0,53.0,33.0,0.0
264,73.0,0.0,0.0,80.0,80.0,93.0,1433.0,40.0,0.0,0.0
265,73.0,40.0,40.0,87.0,80.0,20.0,1173.0,60.0,67.0,0.0
266,80.0,87.0,87.0,87.0,87.0,7.0,1073.0,60.0,87.0,87.0
267,80.0,87.0,87.0,93.0,67.0,13.0,1280.0,7.0,60.0,0.0
268,87.0,33.0,87.0,93.0,60.0,60.0,1173.0,60.0,87.0,73.0
269,87.0,13.0,93.0,100.0,7.0,60.0,1293.0,67.0,87.0,0.0
270,93.0,67.0,100.0,100.0,0.0,40.0,1293.0,67.0,0.0,60.0
271,93.0,73.0,100.0,73.0,20.0,60.0,1460.0,67.0,0.0,67.0
272,20.0,7.0,0.0,100.0,67.0,67.0,1440.0,73.0,20.0,13.0
273,0.0,0.0,20.0,107.0,73.0,27.0,1527.0,67.0,67.0,33.0
274,0.0,13.0,73.0,0.0,13.0,73.0,1540.0,53.0,0.0,7.0
275,60.0,73.0,73.0,47.0,60.0,27.0,1600.0,0.0,47.0,47.0
276,20.0,0.0,0.0,87.0,60.0,20.0,1327.0,7.0,60.0,47.0
277,73.0,73.0,0.0,87.0,7.0,73.0,1147.0,0.0,80.0,53.0
278,7.0,73.0,73.0,93.0,27.0,40.0,1553.0,67.0,87.0,53.0
279,0.0,80.0,47.0,33.0,67.0,73.0,1193.0,7.0,7.0,27.0
280,13.0,80.0,13.0,87.0,67.0,0.0,1333.0,47.0,40.0,53.0
281,67.0,0.0,0.0,0.0,53.0,0.0,1440.0,60.0,67.0,0.0
282,27.0,13.0,53.0,80.0,67.0,67.0,1293.0,60.0,73.0,53.0
283,27.0,0.0,40.0,93.0,33.0,80.0,1533.0,60.0,7.0,0.0
284,87.0,0.0,87.0,73.0,7.0,0.0,1573.0,0.0,47.0,0.0
285,0.0,7.0,60.0,93.0,0.0,60.0,1093.0,33.0,80.0,7.0
286,0.0,0.0,87.0,0.0,20.0,60.0,1360.0,0.0,80.0,0.0
287,27.0,113.0,0.0,40.0,40.0,27.0,1540.0,27.0,67.0,113.0
288,0.0,113.0,80.0,0.0,0.0,73.0,1253.0,0.0,67.0,7.0
289,0.0,7.0,120.0,60.0,67.0,7.0,1547.0,0.0,33.0,20.0
290,0.0,47.0,47.0,73.0,53.0,0.0,1240.0,0.0,73.0,20.0
291,0.0,73.0,0.0,0.0,53.0,47.0,1553.0,0.0,0.0,73.0
292,0.0,40.0,47.0,7.0,87.0,7.0,1380.0,93.0,20.0,73.0
293,0.0,53.0,53.0,0.0,93.0,67.0,1480.0,0.0,0.0,60.0
294,0.0,80.0,93.0,80.0,93.0,67.0,900.0,0.0,0.0,73.0
295,67.0,67.0,93.0,80.0,100.0,67.0,927.0,67.0,67.0,80.0
296,40.0,80.0,60.0,87.0,100.0,73.0,747.0,73.0,73.0,80.0
297,67.0,13.0,93.0,87.0,107.0,73.0,660.0,73.0,73.0,87.0
298,67.0,73.0,93.0,93.0,107.0,80.0,987.0,73.0,73.0,87.0
299,60.0,60.0,100.0,93.0,113.0,80.0,760.0,80.0,20.0,20.0
300,53.0,27.0,100.0,100.0,113.0,33.0,900.0,80.0,67.0,80.0
301,67.0,67.0,107.0,100.0,120.0,0.0,980.0,87.0,73.0,20.0
302,73.0,67.0,107.0,107.0,20.0,53.0,1093.0,87.0,73.0,73.0
303,73.0,73.0,113.0,107.0,107.0,53.0,1127.0,93.0,73.0,0.0
304,80.0,73.0,113.0,27.0,107.0,53.0,1153.0,93.0,80.0,60.0
305,80.0,73.0,120.0,0.0,113.0,0.0,873.0,100.0,80.0,0.0
306,80.0,80.0,120.0,7.0,113.0,53.0,1147.0,60.0,87.0,67.0
307,87.0,67.0,127.0,7.0,120.0,67.0,1173.0,93.0,87.0,67.0
308,60.0,80.0,0.0,53.0,120.0,67.0,913.0,100.0,93.0,67.0
309,87.0,87.0,100.0,60.0,127.0,73.0,913.0,100.0,93.0,73.0
310,87.0,87.0,107.0,60.0,133.0,33.0,700.0,107.0,100.0,73.0
311,93.0,93.0,53.0,60.0,133.0,67.0,1073.0,107.0,100.0,0.0
312,93.0,87.0,100.0,67.0,140.0,73.0,760.0,100.0,107.0,60.0
313,100.0,93.0,107.0,67.0,147.0,73.0,653.0,113.0,107.0,67.0
314,100.0,100.0,107.0,67.0,147.0,73.0,993.0,53.0,113.0,67.0
315,107.0,100.0,113.0,73.0,153.0,80.0,1020.0,40.0,113.0,67.0
316,107.0,107.0,113.0,73.0,153.0,80.0,920.0,93.0,120.0,7.0
317,0.0,107.0,120.0,80.0,160.0,87.0,1047.0,100.0,20.0,0.0
318,93.0,67.0,120.0,27.0,167.0,87.0,833.0,100.0,107.0,67.0
319,93.0,80.0,100.0,33.0,173.0,93.0,733.0,107.0,53.0,67.0
320,100.0,107.0,127.0,67.0,180.0,93.0,947.0,107.0,7.0,67.0
321,100.0,107.0,47.0,27.0,173.0,100.0,1007.0,113.0,80.0,0.0
322,73.0,113.0,113.0,60.0,187.0,100.0,1040.0,113.0,87.0,40.0
323,100.0,113.0,120.0,67.0,193.0,107.0,913.0,120.0,87.0,60.0
324,67.0,107.0,120.0,67.0,200.0,107.0,1060.0,120.0,93.0,13.0
325,73.0,53.0,33.0,40.0,27.0,113.0,1013.0,60.0,93.0,53.0
326,100.0,107.0,107.0,67.0,87.0,27.0,940.0,113.0,100.0,53.0
327,80.0,113.0,113.0,67.0,160.0,100.0,1093.0,120.0,100.0,60.0
328,20.0,0.0,0.0,73.0,133.0,13.0,1120.0,120.0,107.0,60.0
329,27.0,0.0,93.0,73.0,53.0,0.0,1147.0,127.0,107.0,60.0
330,73.0,0.0,53.0,73.0,67.0,27.0,1180.0,73.0,60.0,47.0
331,67.0,67.0,93.0,0.0,133.0,60.0,1073.0,120.0,7.0,60.0
332,40.0,0.0,93.0,0.0,133.0,67.0,1213.0,0.0,20.0,53.0
333,73.0,33.0,100.0,7.0,93.0,67.0,1240.0,0.0,73.0,7.0
334,20.0,33.0,100.0,67.0,53.0,20.0,1273.0,0.0,73.0,53.0
335,67.0,60.0,13.0,67.0,120.0,53.0,1307.0,53.0,33.0,53.0
336,67.0,53.0,0.0,73.0,53.0,60.0,1340.0,60.0,53.0,60.0
337,73.0,67.0,73.0,73.0,113.0,67.0,980.0,60.0,67.0,60.0
338,67.0,67.0,47.0,0.0,107.0,0.0,1320.0,60.0,53.0,13.0
339,27.0,60.0,33.0,40.0,20.0,13.0,1353.0,0.0,47.0,53.0
340,67.0,73.0,67.0,60.0,0.0,60.0,1387.0,53.0,7.0,53.0
341,27.0,73.0,67.0,67.0,33.0,67.0,1240.0,60.0,60.0,60.0
342,47.0,73.0,73.0,67.0,73.0,67.0,1420.0,60.0,60.0,60.0
343,60.0,80.0,40.0,67.0,73.0,67.0,1453.0,60.0,53.0,60.0
344,67.0,53.0,13.0,73.0,80.0,73.0,1493.0,67.0,60.0,40.0
345,67.0,80.0,60.0,73.0,13.0,73.0,1127.0,67.0,27.0,60.0
346,67.0,0.0,60.0,80.0,27.0,80.0,1480.0,60.0,7.0,53.0
347,73.0,0.0,47.0,80.0,33.0,80.0,1520.0,47.0,53.0,67.0
348,73.0,53.0,60.0,80.0,60.0,80.0,1133.0,67.0,60.0,53.0
349,80.0,13.0,13.0,87.0,20.0,40.0,1507.0,0.0,67.0,0.0
350,0.0,53.0,53.0,33.0,0.0,60.0,1393.0,67.0,67.0,13.0
351,13.0,7.0,60.0,47.0,27.0,33.0,1547.0,0.0,67.0,0.0
352,13.0,47.0,7.0,0.0,7.0,67.0,1280.0,33.0,73.0,60.0
353,53.0,47.0,53.0,53.0,0.0,0.0,1300.0,20.0,13.0,33.0
354,0.0,53.0,53.0,60.0,60.0,33.0,1240.0,0.0,67.0,0.0
355,13.0,53.0,53.0,67.0,33.0,60.0,1513.0,13.0,27.0,20.0
356,53.0,53.0,20.0,67.0,60.0,33.0,1220.0,73.0,60.0,47.0
357,0.0,60.0,53.0,27.0,60.0,60.0,1480.0,0.0,40.0,0.0
358,47.0,60.0,53.0,20.0,20.0,47.0,1547.0,7.0,53.0,13.0
359,53.0,60.0,40.0,0.0,27.0,60.0,1393.0,0.0,60.0,0.0
360,80.0,7.0,40.0,73.0,53.0,0.0,1473.0,73.0,60.0,13.0
361,80.0,53.0,47.0,73.0,7.0,47.0,1353.0,73.0,67.0,33.0
362,0.0,47.0,7.0,40.0,13.0,60.0,1587.0,73.0,67.0,67.0
363,47.0,53.0,20.0,73.0,40.0,20.0,1627.0,60.0,67.0,67.0
364,60.0,60.0,40.0,73.0,40.0,53.0,807.0,80.0,73.0,73.0
365,67.0,60.0,0.0,27.0,47.0,60.0,1307.0,80.0,40.0,73.0
366,67.0,60.0,47.0,67.0,47.0,60.0,1320.0,80.0,67.0,67.0
367,73.0,67.0,60.0,13.0,47.0,60.0,1507.0,87.0,0.0,27.0
368,7.0,67.0,13.0,0.0,53.0,13.0,1547.0,87.0,53.0,0.0
369,60.0,67.0,20.0,33.0,53.0,20.0,1407.0,80.0,73.0,0.0
370,67.0,73.0,67.0,0.0,53.0,67.0,1360.0,93.0,60.0,0.0
371,67.0,20.0,27.0,33.0,53.0,27.0,1560.0,40.0,73.0,33.0
372,67.0,0.0,40.0,67.0,60.0,80.0,1160.0,87.0,0.0,13.0
373,33.0,0.0,13.0,20.0,53.0,87.0,1420.0,40.0,27.0,47.0
374,0.0,0.0,7.0,100.0,33.0,100.0,1420.0,0.0,0.0,33.0
375,47.0,60.0,80.0,0.0,47.0,100.0,1573.0,20.0,13.0,40.0
376,40.0,100.0,80.0,100.0,80.0,60.0,880.0,40.0,100.0,67.0
377,93.0,47.0,87.0,107.0,80.0,100.0,1167.0,0.0,107.0,67.0
378,93.0,33.0,87.0,0.0,87.0,13.0,1393.0,40.0,107.0,73.0
379,100.0,13.0,67.0,87.0,87.0,87.0,1273.0,13.0,33.0,0.0
380,53.0,73.0,87.0,60.0,93.0,87.0,1340.0,60.0,100.0,60.0
381,93.0,53.0,93.0,87.0,93.0,93.0,967.0,60.0,100.0,60.0
382,100.0,73.0,93.0,87.0,100.0,93.0,673.0,67.0,107.0,67.0
383,100.0,73.0,100.0,93.0,100.0,100.0,907.0,67.0,107.0,67.0
384,7.0,80.0,100.0,0.0,73.0,100.0,993.0,67.0,33.0,0.0
385,13.0,80.0,107.0,80.0,100.0,107.0,873.0,53.0,100.0,60.0
386,73.0,87.0,107.0,80.0,0.0,107.0,1040.0,67.0,100.0,60.0
387,73.0,87.0,113.0,87.0,87.0,53.0,1147.0,73.0,107.0,60.0
388,80.0,0.0,40.0,7.0,7.0,47.0,1193.0,73.0,33.0,67.0
389,80.0,0.0,100.0,73.0,73.0,33.0,1227.0,80.0,93.0,67.0
390,87.0,0.0,107.0,73.0,73.0,87.0,1073.0,80.0,100.0,67.0
391,87.0,53.0,107.0,80.0,80.0,87.0,1013.0,73.0,100.0,13.0
392,93.0,53.0,113.0,80.0,80.0,93.0,1060.0,80.0,107.0,60.0
393,93.0,60.0,87.0,87.0,87.0,93.0,880.0,27.0,107.0,60.0
394,40.0,60.0,113.0,87.0,27.0,100.0,1000.0,40.0,113.0,67.0
395,87.0,60.0,120.0,93.0,80.0,100.0,1153.0,0.0,113.0,67.0
396,93.0,0.0,120.0,93.0,60.0,107.0,1080.0,0.0,120.0,73.0
397,93.0,13.0,113.0,100.0,80.0,107.0,1120.0,33.0,120.0,27.0
398,93.0,60.0,127.0,100.0,80.0,113.0,980.0,60.0,127.0,67.0
399,73.0,67.0,133.0,107.0,0.0,113.0,1140.0,7.0,133.0,33.0
400,73.0,67.0,13.0,107.0,67.0,120.0,1213.0,53.0,133.0,67.0
401,93.0,73.0,113.0,60.0,73.0,120.0,920.0,53.0,133.0,67.0
402,100.0,20.0,113.0,107.0,73.0,127.0,500.0,60.0,140.0,67.0
403,100.0,67.0,120.0,107.0,73.0,133.0,327.0,60.0,147.0,73.0
404,107.0,67.0,87.0,113.0,80.0,133.0,713.0,60.0,153.0,73.0
405,107.0,67.0,120.0,7.0,80.0,140.0,847.0,67.0,153.0,20.0
406,113.0,20.0,107.0,87.0,87.0,147.0,927.0,60.0,160.0,67.0
407,113.0,60.0,127.0,93.0,80.0,147.0,947.0,20.0,167.0,67.0
408,120.0,67.0,127.0,100.0,87.0,153.0,753.0,13.0,173.0,67.0
409,120.0,67.0,133.0,100.0,93.0,160.0,947.0,13.0,173.0,73.0
410,127.0,67.0,133.0,13.0,93.0,160.0,973.0,47.0,133.0,0.0
411,133.0,0.0,140.0,40.0,60.0,167.0,967.0,0.0,173.0,53.0
412,133.0,0.0,147.0,80.0,93.0,133.0,1020.0,40.0,180.0,60.0
413,33.0,0.0,100.0,80.0,0.0,167.0,1047.0,0.0,187.0,47.0
414,120.0,67.0,140.0,0.0,0.0,173.0,1073.0,40.0,13.0,60.0
415,127.0,67.0,147.0,20.0,60.0,180.0,1087.0,67.0,93.0,67.0
416,127.0,67.0,47.0,67.0,67.0,93.0,1127.0,73.0,7.0,67.0
417,73.0,0.0,133.0,0.0,67.0,80.0,1153.0,73.0,73.0,47.0
418,120.0,47.0,140.0,0.0,67.0,153.0,1187.0,73.0,113.0,53.0
419,127.0,67.0,140.0,20.0,73.0,113.0,1027.0,0.0,120.0,67.0
420,53.0,67.0,147.0,60.0,73.0,153.0,1127.0,53.0,0.0,0.0
421,120.0,47.0,67.0,60.0,80.0,140.0,1220.0,0.0,93.0,7.0
422,100.0,67.0,0.0,13.0,0.0,160.0,1053.0,0.0,20.0,0.0
423,120.0,73.0,0.0,53.0,13.0,67.0,767.0,40.0,87.0,67.0
424,87.0,73.0,0.0,20.0,73.0,133.0,1120.0,60.0,87.0,73.0
425,93.0,0.0,0.0,53.0,0.0,60.0,1187.0,67.0,93.0,33.0
426,120.0,67.0,0.0,53.0,47.0,133.0,1220.0,0.0,93.0,67.0
427,120.0,7.0,67.0,53.0,67.0,140.0,1120.0,0.0,100.0,73.0
428,127.0,47.0,47.0,60.0,67.0,140.0,1127.0,60.0,40.0,73.0
429,127.0,60.0,67.0,60.0,73.0,147.0,973.0,67.0,93.0,73.0
430,133.0,60.0,67.0,47.0,73.0,153.0,920.0,67.0,93.0,80.0
431,140.0,60.0,73.0,60.0,73.0,153.0,820.0,67.0,100.0,80.0
432,140.0,67.0,73.0,67.0,80.0,160.0,593.0,73.0,100.0,87.0
433,147.0,67.0,80.0,67.0,53.0,167.0,913.0,73.0,60.0,87.0
434,153.0,67.0,80.0,67.0,80.0,173.0,847.0,73.0,100.0,93.0
435,153.0,73.0,80.0,33.0,53.0,173.0,1027.0,80.0,100.0,60.0
436,160.0,53.0,87.0,7.0,80.0,180.0,820.0,80.0,107.0,93.0
437,167.0,73.0,87.0,53.0,80.0,187.0,1027.0,53.0,53.0,93.0
438,47.0,73.0,93.0,53.0,87.0,193.0,1053.0,80.0,67.0,33.0
439,127.0,13.0,93.0,60.0,87.0,200.0,1060.0,80.0,93.0,87.0
440,147.0,40.0,100.0,60.0,93.0,207.0,1080.0,60.0,7.0,87.0
441,153.0,7.0,20.0,60.0,40.0,213.0,1127.0,80.0,0.0,93.0
442,113.0,53.0,87.0,67.0,87.0,220.0,727.0,87.0,67.0,93.0
443,73.0,53.0,87.0,67.0,60.0,227.0,520.0,87.0,67.0,100.0
444,140.0,53.0,93.0,67.0,87.0,233.0,707.0,93.0,73.0,100.0
445,53.0,60.0,93.0,73.0,60.0,240.0,727.0,93.0,73.0,107.0
446,127.0,60.0,100.0,73.0,87.0,247.0,727.0,100.0,73.0,107.0
447,133.0,60.0,100.0,80.0,87.0,233.0,907.0,100.0,80.0,113.0
448,120.0,67.0,20.0,80.0,93.0,253.0,933.0,107.0,33.0,113.0
449,140.0,67.0,87.0,53.0,27.0,260.0,953.0,100.0,73.0,120.0
450,140.0,33.0,93.0,80.0,67.0,267.0,980.0,20.0,73.0,120.0
451,53.0,67.0,93.0,13.0,20.0,273.0,1007.0,93.0,80.0,100.0
452,67.0,33.0,87.0,53.0,33.0,280.0,907.0,87.0,80.0,127.0
453,120.0,60.0,100.0,0.0,67.0,200.0,1033.0,27.0,87.0,127.0
454,127.0,67.0,27.0,0.0,67.0,280.0,920.0,87.0,87.0,133.0
455,127.0,67.0,87.0,60.0,73.0,127.0,1053.0,87.0,93.0,140.0
456,93.0,33.0,13.0,60.0,27.0,233.0,1080.0,93.0,93.0,120.0
457,127.0,0.0,80.0,60.0,67.0,260.0,1107.0,33.0,100.0,140.0
458,133.0,60.0,80.0,67.0,0.0,227.0,1073.0,87.0,0.0,147.0
459,133.0,67.0,87.0,67.0,60.0,267.0,1153.0,87.0,0.0,93.0
460,127.0,67.0,87.0,0.0,67.0,53.0,1180.0,73.0,67.0,140.0
461,140.0,73.0,93.0,0.0,73.0,233.0,1193.0,0.0,67.0,60.0
462,147.0,73.0,0.0,0.0,0.0,33.0,1240.0,20.0,73.0,93.0
463,153.0,7.0,40.0,67.0,60.0,200.0,860.0,67.0,0.0,13.0
464,153.0,33.0,0.0,80.0,20.0,207.0,1213.0,0.0,0.0,33.0
465,13.0,60.0,67.0,80.0,13.0,213.0,993.0,13.0,67.0,0.0
466,0.0,60.0,67.0,87.0,0.0,220.0,1093.0,67.0,67.0,60.0
467,40.0,67.0,73.0,87.0,60.0,227.0,1227.0,73.0,67.0,73.0
468,93.0,67.0,0.0,93.0,0.0,207.0,1253.0,73.0,73.0,40.0
469,100.0,67.0,33.0,93.0,60.0,233.0,1020.0,47.0,73.0,73.0
470,0.0,40.0,67.0,100.0,0.0,227.0,1260.0,73.0,0.0,53.0
471,40.0,40.0,20.0,13.0,7.0,180.0,1167.0,73.0,0.0,0.0
472,80.0,67.0,60.0,20.0,67.0,13.0,1300.0,13.0,47.0,60.0
473,80.0,67.0,0.0,73.0,73.0,193.0,1200.0,53.0,20.0,67.0
474,47.0,67.0,60.0,33.0,73.0,173.0,1180.0,67.0,60.0,67.0
475,80.0,20.0,60.0,67.0,80.0,200.0,1340.0,20.0,60.0,13.0
476,27.0,33.0,20.0,73.0,80.0,47.0,1373.0,33.0,67.0,60.0
477,73.0,0.0,53.0,60.0,80.0,173.0,1407.0,53.0,67.0,60.0
478,0.0,60.0,0.0,7.0,73.0,180.0,1440.0,60.0,40.0,67.0
479,67.0,47.0,67.0,60.0,87.0,187.0,1420.0,60.0,60.0,67.0
480,67.0,47.0,53.0,67.0,87.0,193.0,1307.0,60.0,47.0,67.0
481,73.0,60.0,13.0,67.0,93.0,100.0,1027.0,67.0,67.0,53.0
482,73.0,60.0,60.0,67.0,93.0,80.0,1167.0,67.0,20.0,27.0
483,73.0,27.0,60.0,73.0,20.0,167.0,907.0,67.0,27.0,60.0
484,0.0,60.0,47.0,73.0,87.0,173.0,1227.0,20.0,27.0,0.0
485,0.0,60.0,60.0,80.0,87.0,47.0,1073.0,60.0,0.0,0.0
486,73.0,60.0,27.0,0.0,13.0,153.0,987.0,67.0,53.0,73.0
487,73.0,67.0,60.0,53.0,27.0,160.0,1280.0,67.0,73.0,73.0
488,80.0,0.0,60.0,60.0,67.0,147.0,1233.0,67.0,73.0,0.0
489,80.0,47.0,60.0,60.0,73.0,167.0,1180.0,73.0,80.0,60.0
490,80.0,60.0,0.0,47.0,0.0,167.0,1333.0,73.0,33.0,67.0
491,87.0,67.0,60.0,40.0,0.0,173.0,1120.0,80.0,0.0,67.0
492,0.0,60.0,67.0,0.0,0.0,153.0,1347.0,7.0,60.0,40.0
493,67.0,67.0,67.0,67.0,33.0,180.0,1200.0,67.0,67.0,67.0
494,40.0,73.0,73.0,73.0,0.0,187.0,1013.0,67.0,67.0,67.0
495,67.0,73.0,47.0,73.0,47.0,193.0,1327.0,73.0,0.0,73.0
496,67.0,0.0,73.0,73.0,67.0,200.0,1367.0,27.0,67.0,20.0
497,73.0,20.0,0.0,80.0,67.0,120.0,1400.0,67.0,67.0,67.0
498,73.0,60.0,60.0,80.0,73.0,193.0,953.0,67.0,73.0,67.0
499,73.0,67.0,60.0,87.0,13.0,200.0,1367.0,73.0,73.0,67.0
500,80.0,67.0,47.0,0.0,60.0,207.0,1400.0,73.0,73.0,7.0
501,80.0,53.0,60.0,20.0,0.0,173.0,1200.0,0.0,80.0,0.0
502,47.0,67.0,67.0,33.0,73.0,207.0,1253.0,0.0,33.0,73.0
503,80.0,67.0,67.0,7.0,0.0,213.0,1107.0,0.0,0.0,7.0
504,80.0,7.0,7.0,40.0,47.0,33.0,1387.0,7.0,7.0,20.0
505,7.0,7.0,0.0,47.0,40.0,0.0,1373.0,0.0,13.0,53.0
506,73.0,67.0,60.0,53.0,73.0,0.0,707.0,67.0,67.0,60.0
507,73.0,67.0,67.0,53.0,80.0,120.0,180.0,67.0,73.0,60.0
508,73.0,73.0,67.0,53.0,80.0,127.0,680.0,73.0,73.0,60.0
509,80.0,73.0,67.0,60.0,80.0,127.0,773.0,73.0,73.0,67.0
510,80.0,73.0,73.0,60.0,87.0,133.0,587.0,73.0,80.0,67.0
511,87.0,80.0,73.0,60.0,87.0,140.0,940.0,80.0,80.0,67.0
512,87.0,80.0,80.0,67.0,93.0,140.0,967.0,80.0,87.0,73.0
513,93.0,20.0,80.0,0.0,93.0,147.0,987.0,80.0,87.0,73.0
514,93.0,60.0,80.0,53.0,100.0,153.0,1013.0,87.0,93.0,80.0
515,100.0,73.0,87.0,53.0,100.0,153.0,1040.0,87.0,93.0,80.0
516,100.0,73.0,27.0,53.0,107.0,160.0,1067.0,93.0,93.0,80.0
517,107.0,80.0,80.0,60.0,107.0,147.0,1093.0,93.0,100.0,87.0
518,107.0,0.0,80.0,60.0,113.0,167.0,1120.0,0.0,100.0,87.0
519,113.0,40.0,87.0,60.0,113.0,173.0,1153.0,80.0,107.0,93.0
520,113.0,67.0,87.0,67.0,0.0,173.0,1180.0,47.0,107.0,53.0
521,120.0,67.0,47.0,67.0,100.0,180.0,893.0,80.0,113.0,87.0
522,120.0,67.0,60.0,67.0,100.0,80.0,1173.0,80.0,113.0,47.0
523,60.0,73.0,80.0,73.0,73.0,120.0,993.0,87.0,120.0,40.0
524,113.0,20.0,87.0,0.0,93.0,127.0,1120.0,0.0,120.0,0.0
525,120.0,47.0,87.0,0.0,100.0,73.0,1193.0,20.0,127.0,0.0
526,107.0,7.0,20.0,0.0,20.0,60.0,1233.0,0.0,20.0,0.0
527,73.0,0.0,0.0,0.0,0.0,33.0,1133.0,0.0,87.0,0.0
528,7.0,100.0,100.0,100.0,100.0,113.0,1013.0,60.0,107.0,20.0
529,7.0,67.0,100.0,13.0,27.0,0.0,1247.0,0.0,80.0,53.0
530,80.0,100.0,0.0,87.0,40.0,93.0,813.0,0.0,93.0,47.0
531,80.0,0.0,87.0,87.0,80.0,100.0,1207.0,7.0,107.0,87.0
532,87.0,0.0,87.0,93.0,87.0,100.0,1133.0,60.0,80.0,87.0
533,87.0,67.0,33.0,93.0,33.0,107.0,1073.0,67.0,107.0,93.0
534,93.0,73.0,67.0,87.0,80.0,87.0,1240.0,67.0,113.0,93.0
535,93.0,33.0,80.0,100.0,80.0,107.0,953.0,67.0,113.0,100.0
536,100.0,67.0,87.0,100.0,87.0,113.0,1233.0,73.0,120.0,100.0
537,100.0,67.0,87.0,107.0,87.0,113.0,1220.0,73.0,120.0,13.0
538,60.0,73.0,47.0,0.0,93.0,120.0,1287.0,80.0,127.0,53.0
539,100.0,73.0,87.0,60.0,93.0,120.0,1320.0,73.0,133.0,80.0
540,100.0,80.0,87.0,87.0,60.0,127.0,1173.0,67.0,133.0,87.0
541,107.0,80.0,53.0,0.0,0.0,133.0,1347.0,80.0,140.0,7.0
542,80.0,80.0,60.0,67.0,73.0,0.0,1380.0,87.0,33.0,73.0
543,13.0,87.0,80.0,33.0,33.0,0.0,1393.0,87.0,73.0,73.0
544,0.0,0.0,40.0,60.0,33.0,73.0,1333.0,93.0,113.0,80.0
545,0.0,0.0,80.0,67.0,67.0,93.0,1460.0,7.0,13.0,73.0
546,67.0,0.0,80.0,20.0,27.0,93.0,1167.0,0.0,0.0,80.0
547,0.0,0.0,0.0,13.0,0.0,67.0,1207.0,60.0,0.0,87.0
548,20.0,87.0,60.0,53.0,87.0,93.0,1213.0,67.0,20.0,0.0
549,80.0,7.0,0.0,53.0,0.0,47.0,1427.0,67.0,73.0,0.0
550,60.0,7.0,0.0,0.0,0.0,87.0,1080.0,73.0,13.0,33.0
551,0.0,60.0,53.0,67.0,67.0,93.0,1373.0,73.0,60.0,67.0
552,0.0,67.0,47.0,73.0,73.0,93.0,1273.0,60.0,73.0,73.0
553,60.0,67.0,67.0,13.0,47.0,100.0,1107.0,73.0,80.0,73.0
554,60.0,67.0,47.0,60.0,73.0,100.0,1407.0,0.0,80.0,67.0
555,60.0,73.0,67.0,67.0,73.0,107.0,713.0,67.0,80.0,80.0
556,60.0,73.0,13.0,67.0,73.0,107.0,1320.0,67.0,80.0,80.0
557,67.0,80.0,60.0,73.0,80.0,113.0,1353.0,67.0,87.0,87.0
558,13.0,80.0,60.0,0.0,80.0,113.0,1387.0,20.0,93.0,47.0
559,60.0,80.0,67.0,60.0,87.0,53.0,1420.0,60.0,93.0,80.0
560,60.0,87.0,67.0,0.0,87.0,107.0,1320.0,67.0,100.0,87.0
561,60.0,67.0,47.0,67.0,93.0,113.0,1320.0,67.0,0.0,33.0
562,67.0,87.0,67.0,60.0,93.0,113.0,1473.0,0.0,0.0,80.0
563,67.0,47.0,13.0,53.0,100.0,120.0,1420.0,60.0,67.0,80.0
564,0.0,87.0,60.0,47.0,100.0,13.0,1253.0,67.0,67.0,0.0
565,67.0,87.0,0.0,67.0,107.0,100.0,1507.0,33.0,27.0,20.0
566,67.0,93.0,7.0,7.0,107.0,107.0,1180.0,0.0,67.0,0.0
567,73.0,93.0,7.0,0.0,0.0,0.0,1340.0,7.0,40.0,0.0
568,20.0,40.0,53.0,93.0,93.0,0.0,1433.0,73.0,67.0,93.0
569,93.0,13.0,53.0,60.0,87.0,80.0,1267.0,73.0,0.0,93.0
570,100.0,0.0,53.0,87.0,93.0,100.0,560.0,80.0,47.0,60.0
571,73.0,0.0,60.0,93.0,100.0,100.0,1067.0,80.0,53.0,93.0
572,100.0,60.0,60.0,93.0,100.0,107.0,1107.0,87.0,20.0,93.0
573,93.0,60.0,60.0,100.0,0.0,47.0,993.0,87.0,53.0,100.0
574,87.0,47.0,67.0,100.0,87.0,100.0,1240.0,93.0,53.0,100.0
575,107.0,60.0,67.0,73.0,47.0,100.0,1173.0,93.0,0.0,107.0
576,107.0,60.0,67.0,100.0,67.0,60.0,1300.0,100.0,60.0,93.0
577,113.0,67.0,73.0,107.0,80.0,100.0,1333.0,100.0,60.0,87.0
578,113.0,67.0,73.0,107.0,87.0,53.0,1367.0,33.0,60.0,40.0
579,120.0,73.0,80.0,113.0,40.0,93.0,1400.0,13.0,67.0,93.0
580,120.0,73.0,80.0,0.0,80.0,100.0,1327.0,80.0,67.0,100.0
581,127.0,0.0,80.0,7.0,73.0,100.0,1433.0,80.0,73.0,0.0
582,47.0,33.0,87.0,80.0,67.0,107.0,1480.0,87.0,67.0,0.0
583,107.0,20.0,13.0,80.0,13.0,107.0,1360.0,87.0,73.0,60.0
584,113.0,0.0,0.0,87.0,0.0,27.0,1213.0,93.0,20.0,67.0
585,120.0,73.0,73.0,87.0,20.0,0.0,1467.0,93.0,33.0,67.0
586,113.0,73.0,0.0,93.0,0.0,0.0,1427.0,73.0,60.0,7.0
587,60.0,33.0,20.0,33.0,7.0,0.0,1527.0,0.0,0.0,53.0
588,73.0,73.0,87.0,27.0,60.0,0.0,1580.0,0.0,13.0,60.0
589,0.0,13.0,0.0,73.0,80.0,47.0,1547.0,0.0,80.0,60.0
590,0.0,0.0,53.0,53.0,87.0,73.0,1087.0,0.0,67.0,67.0
591,0.0,60.0,67.0,73.0,0.0,73.0,1453.0,0.0,80.0,67.0
592,0.0,27.0,73.0,73.0,73.0,13.0,1580.0,0.0,87.0,67.0
593,0.0,13.0,73.0,80.0,13.0,60.0,1167.0,0.0,73.0,7.0
594,60.0,60.0,0.0,80.0,0.0,20.0,1520.0,67.0,87.0,60.0
595,20.0,7.0,73.0,0.0,20.0,60.0,1493.0,67.0,93.0,60.0
596,0.0,53.0,73.0,67.0,73.0,0.0,1580.0,0.0,27.0,67.0
597,67.0,53.0,53.0,73.0,67.0,73.0,1647.0,27.0,13.0,67.0
598,80.0,53.0,33.0,73.0,80.0,80.0,1153.0,80.0,40.0,67.0
599,80.0,60.0,67.0,73.0,0.0,80.0,1267.0,80.0,67.0,0.0
600,47.0,60.0,73.0,67.0,7.0,87.0,1580.0,40.0,67.0,27.0
601,33.0,60.0,33.0,80.0,73.0,87.0,1420.0,80.0,0.0,0.0
602,0.0,40.0,67.0,40.0,73.0,53.0,1613.0,20.0,13.0,67.0
603,40.0,60.0,67.0,33.0,73.0,87.0,1653.0,0.0,40.0,33.0
604,27.0,47.0,60.0,0.0,80.0,73.0,1200.0,0.0,40.0,0.0
605,0.0,60.0,0.0,73.0,80.0,87.0,1513.0,47.0,67.0,20.0
606,67.0,67.0,7.0,73.0,47.0,27.0,1507.0,0.0,13.0,0.0
607,67.0,13.0,0.0,7.0,0.0,80.0,1420.0,67.0,60.0,7.0
608,7.0,87.0,67.0,47.0,0.0,0.0,1547.0,20.0,33.0,0.0
609,0.0,13.0,73.0,80.0,33.0,73.0,1247.0,73.0,0.0,73.0
610,67.0,73.0,73.0,80.0,0.0,53.0,920.0,73.0,7.0,73.0
611,67.0,0.0,73.0,87.0,20.0,27.0,1507.0,0.0,67.0,33.0
612,20.0,67.0,80.0,87.0,67.0,67.0,987.0,40.0,67.0,73.0
613,60.0,67.0,53.0,53.0,67.0,67.0,920.0,60.0,73.0,73.0
614,0.0,67.0,80.0,87.0,0.0,73.0,1053.0,67.0,73.0,73.0
615,0.0,73.0,80.0,87.0,33.0,73.0,1340.0,13.0,73.0,80.0
616,60.0,73.0,87.0,93.0,0.0,73.0,1053.0,0.0,80.0,80.0
617,67.0,80.0,87.0,93.0,60.0,80.0,1340.0,60.0,80.0,87.0
618,67.0,80.0,93.0,0.0,67.0,53.0,1293.0,13.0,87.0,47.0
619,33.0,7.0,93.0,0.0,0.0,80.0,1393.0,53.0,0.0,80.0
620,67.0,67.0,100.0,27.0,67.0,80.0,1427.0,53.0,67.0,87.0
621,67.0,73.0,100.0,73.0,73.0,87.0,713.0,60.0,73.0,87.0
622,67.0,73.0,53.0,13.0,27.0,20.0,1333.0,60.0,73.0,93.0
623,60.0,73.0,93.0,67.0,7.0,73.0,1367.0,60.0,53.0,93.0
624,73.0,80.0,100.0,33.0,0.0,80.0,1007.0,53.0,60.0,100.0
625,0.0,73.0,100.0,60.0,60.0,7.0,1293.0,67.0,73.0,100.0
626,27.0,80.0,60.0,47.0,20.0,67.0,1373.0,67.0,73.0,13.0
627,67.0,87.0,7.0,27.0,67.0,73.0,1220.0,13.0,80.0,60.0
628,53.0,0.0,13.0,20.0,67.0,73.0,1400.0,60.0,80.0,87.0
629,67.0,73.0,67.0,53.0,73.0,73.0,1000.0,60.0,87.0,87.0
630,27.0,73.0,73.0,0.0,73.0,80.0,773.0,13.0,80.0,87.0
631,60.0,80.0,73.0,53.0,73.0,47.0,1280.0,53.0,87.0,93.0
632,0.0,27.0,80.0,53.0,0.0,73.0,1113.0,0.0,93.0,93.0
633,7.0,73.0,67.0,7.0,7.0,20.0,1300.0,67.0,40.0,0.0
634,67.0,67.0,80.0,0.0,20.0,40.0,1267.0,0.0,87.0,0.0
635,67.0,73.0,80.0,67.0,60.0,67.0,1280.0,33.0,87.0,67.0
636,73.0,20.0,33.0,20.0,60.0,0.0,1300.0,67.0,93.0,0.0
637,73.0,67.0,73.0,60.0,67.0,60.0,1393.0,73.0,67.0,60.0
638,80.0,0.0,80.0,13.0,67.0,20.0,1427.0,60.0,93.0,67.0
639,20.0,60.0,13.0,20.0,67.0,53.0,1180.0,73.0,93.0,67.0
640,33.0,60.0,67.0,7.0,73.0,60.0,1440.0,67.0,100.0,67.0
641,67.0,60.0,73.0,7.0,13.0,33.0,1187.0,80.0,93.0,0.0
642,40.0,67.0,73.0,0.0,67.0,7.0,1447.0,80.0,0.0,0.0
643,67.0,67.0,80.0,67.0,67.0,27.0,1413.0,87.0,20.0,67.0
644,13.0,0.0,80.0,73.0,67.0,47.0,900.0,33.0,73.0,73.0
645,60.0,7.0,80.0,40.0,0.0,47.0,1413.0,47.0,73.0,73.0
646,60.0,13.0,87.0,47.0,0.0,47.0,1447.0,7.0,47.0,80.0
647,60.0,53.0,87.0,67.0,53.0,53.0,713.0,60.0,73.0,0.0
648,67.0,53.0,93.0,20.0,60.0,53.0,1353.0,67.0,73.0,33.0
649,67.0,60.0,93.0,7.0,67.0,53.0,1200.0,67.0,40.0,60.0
650,13.0,60.0,100.0,0.0,27.0,60.0,927.0,67.0,53.0,0.0
651,60.0,60.0,73.0,60.0,27.0,60.0,1313.0,73.0,53.0,60.0
652,13.0,67.0,100.0,60.0,53.0,60.0,1147.0,73.0,67.0,60.0
653,53.0,67.0,7.0,60.0,0.0,0.0,1260.0,60.0,13.0,0.0
654,53.0,67.0,53.0,67.0,67.0,20.0,1353.0,73.0,0.0,33.0
655,60.0,73.0,80.0,53.0,13.0,67.0,1387.0,80.0,53.0,67.0
656,60.0,7.0,80.0,67.0,7.0,0.0,1427.0,80.0,20.0,53.0
657,60.0,60.0,87.0,53.0,47.0,0.0,1460.0,0.0,53.0,67.0
658,67.0,67.0,87.0,67.0,53.0,67.0,1500.0,40.0,53.0,20.0
659,67.0,67.0,93.0,73.0,53.0,67.0,1053.0,67.0,53.0,60.0
660,67.0,67.0,93.0,73.0,53.0,67.0,1213.0,67.0,60.0,0.0
661,27.0,73.0,53.0,73.0,60.0,73.0,1307.0,0.0,60.0,47.0
662,67.0,33.0,13.0,80.0,60.0,0.0,1280.0,47.0,60.0,0.0
663,0.0,67.0,27.0,80.0,60.0,0.0,1453.0,60.0,67.0,67.0
664,47.0,33.0,67.0,7.0,67.0,20.0,1453.0,0.0,20.0,7.0
665,60.0,93.0,0.0,0.0,7.0,93.0,1520.0,73.0,7.0,20.0
666,87.0,20.0,20.0,27.0,73.0,33.0,1553.0,60.0,0.0,53.0
667,93.0,20.0,0.0,7.0,80.0,0.0,993.0,67.0,0.0,0.0
668,53.0,27.0,80.0,27.0,80.0,80.0,1507.0,73.0,80.0,60.0
669,0.0,20.0,80.0,60.0,87.0,80.0,1053.0,13.0,80.0,80.0
670,0.0,0.0,0.0,60.0,40.0,20.0,1287.0,7.0,33.0,87.0
671,33.0,13.0,73.0,60.0,80.0,73.0,1473.0,53.0,80.0,13.0
672,73.0,27.0,73.0,67.0,7.0,47.0,1247.0,60.0,80.0,73.0
673,73.0,20.0,33.0,67.0,67.0,47.0,1087.0,60.0,0.0,80.0
674,80.0,60.0,67.0,0.0,73.0,67.0,1280.0,60.0,60.0,80.0
675,53.0,27.0,67.0,60.0,73.0,73.0,1440.0,67.0,67.0,80.0
676,80.0,53.0,0.0,40.0,73.0,13.0,1480.0,67.0,67.0,13.0
677,80.0,60.0,60.0,60.0,80.0,67.0,1347.0,67.0,0.0,73.0
678,53.0,7.0,60.0,60.0,80.0,67.0,1520.0,73.0,60.0,73.0
679,73.0,53.0,27.0,60.0,0.0,67.0,1327.0,20.0,60.0,80.0
680,80.0,53.0,60.0,67.0,67.0,47.0,1267.0,67.0,0.0,80.0
681,87.0,53.0,60.0,67.0,73.0,67.0,1140.0,67.0,60.0,87.0
682,87.0,60.0,60.0,53.0,73.0,73.0,1033.0,60.0,60.0,87.0
683,93.0,60.0,33.0,0.0,60.0,73.0,1247.0,73.0,60.0,93.0
684,93.0,60.0,33.0,0.0,53.0,73.0,1260.0,0.0,67.0,67.0
685,100.0,67.0,53.0,0.0,73.0,33.0,1420.0,0.0,27.0,87.0
686,100.0,67.0,0.0,67.0,0.0,73.0,1453.0,67.0,60.0,93.0
687,107.0,67.0,40.0,0.0,0.0,0.0,1220.0,0.0,0.0,33.0
688,107.0,73.0,67.0,93.0,93.0,53.0,1467.0,93.0,93.0,87.0
689,0.0,73.0,7.0,0.0,20.0,93.0,1507.0,20.0,93.0,20.0
690,0.0,13.0,0.0,0.0,0.0,100.0,1247.0,80.0,0.0,80.0
691,47.0,0.0,93.0,93.0,93.0,100.0,1520.0,0.0,93.0,80.0
692,40.0,47.0,87.0,0.0,93.0,107.0,1200.0,67.0,80.0,80.0
693,87.0,53.0,100.0,0.0,20.0,107.0,1173.0,33.0,0.0,13.0
694,73.0,67.0,100.0,67.0,20.0,87.0,1367.0,13.0,80.0,73.0
695,87.0,73.0,53.0,67.0,73.0,60.0,1213.0,53.0,80.0,73.0
696,40.0,73.0,60.0,47.0,0.0,100.0,1467.0,60.0,87.0,80.0
697,80.0,80.0,93.0,67.0,0.0,107.0,1507.0,0.0,0.0,80.0
698,87.0,80.0,73.0,73.0,73.0,107.0,1280.0,13.0,47.0,87.0
699,40.0,80.0,93.0,0.0,73.0,113.0,1207.0,0.0,80.0,87.0
700,80.0,67.0,93.0,0.0,80.0,100.0,1493.0,40.0,0.0,93.0
701,87.0,33.0,0.0,0.0,80.0,113.0,1180.0,73.0,67.0,73.0
702,87.0,73.0,80.0,60.0,87.0,120.0,800.0,73.0,33.0,93.0
703,53.0,80.0,0.0,67.0,0.0,120.0,1240.0,80.0,40.0,93.0
704,13.0,80.0,0.0,0.0,0.0,127.0,1380.0,7.0,60.0,0.0
705,73.0,0.0,73.0,80.0,0.0,133.0,1420.0,13.0,60.0,60.0
706,40.0,67.0,80.0,0.0,80.0,133.0,1267.0,60.0,67.0,80.0
707,33.0,60.0,0.0,53.0,80.0,47.0,1100.0,60.0,0.0,7.0
708,67.0,67.0,60.0,67.0,87.0,87.0,1407.0,53.0,27.0,7.0
709,0.0,40.0,67.0,67.0,87.0,120.0,1200.0,60.0,67.0,60.0
710,53.0,67.0,67.0,73.0,93.0,113.0,880.0,67.0,67.0,60.0
711,47.0,67.0,67.0,73.0,93.0,127.0,1340.0,67.0,73.0,60.0
712,60.0,13.0,73.0,73.0,60.0,127.0,1227.0,73.0,73.0,67.0
713,53.0,60.0,0.0,80.0,87.0,133.0,1080.0,27.0,53.0,67.0
714,60.0,60.0,60.0,80.0,93.0,140.0,1347.0,67.0,13.0,73.0
715,60.0,13.0,40.0,0.0,100.0,140.0,1367.0,67.0,40.0,33.0
716,67.0,53.0,60.0,67.0,33.0,93.0,1413.0,73.0,60.0,20.0
717,67.0,60.0,60.0,73.0,87.0,80.0,1453.0,73.0,60.0,53.0
718,73.0,60.0,60.0,73.0,93.0,107.0,1200.0,73.0,67.0,60.0
719,73.0,60.0,0.0,27.0,0.0,127.0,1460.0,80.0,0.0,0.0
720,20.0,67.0,80.0,67.0,80.0,133.0,1500.0,80.0,27.0,47.0
721,0.0,67.0,0.0,20.0,87.0,53.0,1460.0,0.0,0.0,13.0
722,20.0,67.0,7.0,7.0,0.0,120.0,1480.0,13.0,0.0,40.0
723,0.0,47.0,0.0,0.0,47.0,127.0,1580.0,0.0,0.0,67.0
724,27.0,67.0,93.0,93.0,80.0,40.0,1107.0,73.0,7.0,0.0
725,0.0,47.0,53.0,93.0,73.0,60.0,1327.0,100.0,93.0,0.0
726,0.0,0.0,40.0,100.0,80.0,20.0,1367.0,100.0,100.0,40.0
727,80.0,27.0,0.0,40.0,87.0,93.0,987.0,20.0,100.0,13.0
728,40.0,80.0,7.0,47.0,87.0,80.0,1413.0,0.0,107.0,13.0
729,0.0,0.0,0.0,60.0,93.0,40.0,1220.0,0.0,107.0,0.0
730,87.0,87.0,87.0,7.0,67.0,87.0,887.0,13.0,113.0,47.0
731,93.0,93.0,93.0,67.0,93.0,87.0,1247.0,80.0,113.0,93.0
732,93.0,93.0,73.0,73.0,93.0,47.0,847.0,80.0,60.0,93.0
733,100.0,7.0,20.0,73.0,73.0,0.0,1300.0,87.0,0.0,100.0
734,100.0,80.0,40.0,73.0,93.0,67.0,1333.0,93.0,93.0,93.0
735,107.0,80.0,0.0,80.0,73.0,67.0,1320.0,100.0,7.0,93.0
736,107.0,87.0,60.0,80.0,13.0,67.0,900.0,100.0,80.0,107.0
737,113.0,87.0,60.0,87.0,60.0,73.0,1147.0,60.0,80.0,100.0
738,113.0,87.0,67.0,87.0,0.0,73.0,1080.0,100.0,87.0,107.0
739,120.0,93.0,67.0,93.0,67.0,80.0,1160.0,40.0,87.0,13.0
740,87.0,13.0,67.0,93.0,67.0,80.0,1300.0,93.0,93.0,93.0
741,120.0,80.0,0.0,80.0,0.0,80.0,1273.0,40.0,93.0,13.0
742,33.0,53.0,20.0,100.0,40.0,73.0,1353.0,87.0,20.0,80.0
743,107.0,27.0,67.0,100.0,33.0,87.0,1347.0,87.0,87.0,13.0
744,53.0,73.0,0.0,27.0,60.0,0.0,1413.0,0.0,0.0,40.0
745,20.0,73.0,13.0,80.0,67.0,80.0,1453.0,80.0,67.0,67.0
746,0.0,33.0,0.0,93.0,67.0,0.0,1487.0,0.0,80.0,67.0
747,47.0,67.0,73.0,0.0,53.0,73.0,1073.0,73.0,7.0,73.0
748,67.0,0.0,80.0,80.0,67.0,80.0,1467.0,33.0,67.0,0.0
749,33.0,13.0,80.0,60.0,73.0,33.0,1007.0,7.0,73.0,33.0
750,27.0,0.0,0.0,53.0,53.0,0.0,1260.0,33.0,73.0,0.0
751,60.0,73.0,73.0,73.0,73.0,27.0,1433.0,53.0,80.0,60.0
752,7.0,80.0,0.0,80.0,13.0,80.0,953.0,60.0,60.0,0.0
753,0.0,80.0,60.0,73.0,7.0,0.0,1380.0,60.0,80.0,47.0
754,60.0,40.0,60.0,80.0,53.0,60.0,1427.0,60.0,20.0,60.0
755,67.0,27.0,67.0,87.0,53.0,67.0,1013.0,67.0,20.0,40.0
756,67.0,67.0,7.0,87.0,60.0,27.0,1160.0,67.0,20.0,60.0
757,67.0,53.0,60.0,93.0,60.0,60.0,1213.0,67.0,33.0,67.0
758,73.0,67.0,60.0,27.0,60.0,60.0,1240.0,73.0,7.0,67.0
759,60.0,73.0,60.0,80.0,67.0,40.0,1240.0,73.0,47.0,67.0
760,47.0,73.0,67.0,27.0,67.0,60.0,1387.0,80.0,47.0,73.0
761,73.0,80.0,67.0,73.0,67.0,67.0,993.0,80.0,47.0,73.0
762,73.0,47.0,67.0,80.0,73.0,67.0,1367.0,80.0,53.0,53.0
763,73.0,73.0,73.0,80.0,73.0,33.0,1347.0,87.0,53.0,67.0
764,80.0,80.0,73.0,87.0,7.0,13.0,1220.0,47.0,13.0,33.0
765,80.0,73.0,80.0,87.0,67.0,40.0,1413.0,80.0,47.0,20.0
766,87.0,80.0,33.0,93.0,67.0,53.0,807.0,87.0,53.0,60.0
767,0.0,87.0,0.0,93.0,67.0,0.0,1340.0,13.0,0.0,20.0
768,0.0,47.0,73.0,100.0,73.0,73.0,1380.0,67.0,73.0,0.0
769,0.0,73.0,0.0,0.0,0.0,0.0,1300.0,20.0,7.0,7.0
770,0.0,80.0,27.0,0.0,53.0,87.0,1340.0,0.0,13.0,0.0
771,87.0,60.0,87.0,87.0,80.0,87.0,1100.0,73.0,53.0,73.0
772,20.0,0.0,40.0,93.0,47.0,67.0,947.0,13.0,60.0,80.0
773,47.0,0.0,80.0,87.0,33.0,87.0,1340.0,33.0,60.0,27.0
774,73.0,13.0,87.0,93.0,73.0,93.0,1373.0,60.0,60.0,20.0
775,27.0,33.0,87.0,7.0,0.0,40.0,1180.0,67.0,67.0,60.0
776,53.0,53.0,93.0,80.0,0.0,87.0,1393.0,7.0,67.0,13.0
777,13.0,60.0,93.0,87.0,53.0,87.0,1427.0,0.0,67.0,20.0
778,60.0,60.0,100.0,87.0,60.0,93.0,847.0,53.0,73.0,53.0
779,60.0,60.0,100.0,93.0,60.0,93.0,1273.0,60.0,73.0,53.0
780,60.0,67.0,0.0,93.0,67.0,100.0,1380.0,27.0,80.0,0.0
781,67.0,53.0,0.0,100.0,20.0,87.0,1413.0,13.0,0.0,47.0
782,67.0,67.0,0.0,80.0,60.0,93.0,1453.0,47.0,0.0,73.0
783,47.0,67.0,0.0,100.0,13.0,100.0,1487.0,47.0,27.0,73.0
784,0.0,20.0,67.0,100.0,0.0,67.0,1313.0,47.0,13.0,80.0
785,47.0,60.0,73.0,27.0,13.0,100.0,1520.0,53.0,60.0,80.0
786,27.0,20.0,20.0,0.0,0.0,107.0,1520.0,33.0,0.0,20.0
787,0.0,0.0,60.0,0.0,20.0,20.0,1587.0,0.0,40.0,53.0
788,27.0,53.0,0.0,20.0,0.0,93.0,1453.0,80.0,7.0,27.0
789,13.0,13.0,67.0,0.0,53.0,7.0,1387.0,0.0,0.0,67.0
790,13.0,7.0,73.0,0.0,20.0,7.0,1307.0,13.0,80.0,53.0
791,80.0,53.0,0.0,0.0,73.0,67.0,1593.0,0.0,7.0,13.0
792,67.0,60.0,53.0,67.0,73.0,67.0,553.0,67.0,67.0,60.0
793,87.0,60.0,67.0,73.0,80.0,73.0,867.0,73.0,73.0,60.0
794,0.0,67.0,73.0,0.0,73.0,73.0,1347.0,27.0,73.0,60.0
795,73.0,67.0,73.0,60.0,80.0,73.0,767.0,47.0,80.0,67.0
796,0.0,73.0,40.0,13.0,87.0,80.0,1280.0,67.0,73.0,33.0
797,53.0,73.0,73.0,53.0,87.0,80.0,1313.0,33.0,80.0,33.0
798,0.0,73.0,13.0,7.0,93.0,0.0,1080.0,60.0,27.0,0.0
799,67.0,80.0,60.0,47.0,93.0,67.0,1320.0,67.0,73.0,67.0
800,67.0,80.0,67.0,47.0,100.0,67.0,1353.0,0.0,73.0,67.0
801,73.0,87.0,67.0,53.0,100.0,27.0,1040.0,53.0,47.0,53.0
802,73.0,87.0,73.0,53.0,107.0,67.0,1347.0,60.0,73.0,67.0
803,73.0,33.0,47.0,53.0,107.0,13.0,1380.0,60.0,80.0,73.0
804,80.0,27.0,73.0,60.0,47.0,20.0,1420.0,60.0,80.0,13.0
805,80.0,73.0,73.0,60.0,80.0,53.0,1453.0,67.0,20.0,67.0
806,87.0,73.0,73.0,60.0,100.0,0.0,1493.0,67.0,0.0,20.0
807,87.0,80.0,20.0,60.0,0.0,27.0,1527.0,67.0,0.0,60.0
808,93.0,80.0,67.0,0.0,0.0,67.0,1513.0,0.0,7.0,53.0
809,60.0,0.0,7.0,80.0,0.0,20.0,1547.0,13.0,27.0,60.0
810,87.0,0.0,0.0,0.0,53.0,47.0,1513.0,0.0,60.0,0.0
811,13.0,73.0,100.0,40.0,80.0,80.0,1447.0,100.0,67.0,100.0
812,0.0,0.0,0.0,0.0,73.0,27.0,1333.0,0.0,27.0,0.0
813,67.0,93.0,127.0,133.0,87.0,67.0,1187.0,40.0,60.0,140.0
814,87.0,147.0,7.0,60.0,0.0,0.0,1560.0,0.0,0.0,27.0
815,0.0,60.0,93.0,127.0,33.0,60.0,987.0,0.0,40.0,20.0
816,0.0,60.0,120.0,67.0,100.0,0.0,1507.0,0.0,20.0,0.0
817,0.0,120.0,120.0,27.0,107.0,87.0,1013.0,87.0,87.0,0.0
818,80.0,0.0,127.0,40.0,60.0,0.0,1100.0,40.0,0.0,7.0
819,47.0,0.0,127.0,93.0,100.0,67.0,1360.0,80.0,7.0,20.0
820,73.0,80.0,133.0,47.0,107.0,73.0,840.0,80.0,73.0,67.0
821,80.0,87.0,140.0,0.0,33.0,73.0,907.0,47.0,80.0,67.0
822,80.0,93.0,140.0,73.0,93.0,80.0,580.0,80.0,80.0,73.0
823,87.0,93.0,147.0,60.0,100.0,80.0,1040.0,80.0,87.0,73.0
824,87.0,100.0,140.0,73.0,27.0,87.0,1167.0,87.0,87.0,73.0
825,67.0,100.0,153.0,80.0,47.0,87.0,1193.0,87.0,93.0,80.0
826,87.0,53.0,160.0,80.0,80.0,93.0,1227.0,93.0,93.0,80.0
827,0.0,20.0,160.0,40.0,87.0,93.0,1260.0,93.0,100.0,87.0
828,73.0,27.0,167.0,13.0,87.0,100.0,1273.0,100.0,100.0,87.0
829,67.0,0.0,140.0,60.0,93.0,100.0,1240.0,100.0,107.0,93.0
830,80.0,0.0,173.0,7.0,87.0,60.0,1333.0,67.0,0.0,93.0
831,0.0,67.0,173.0,53.0,93.0,100.0,1367.0,100.0,0.0,100.0
832,0.0,67.0,180.0,60.0,60.0,100.0,733.0,100.0,73.0,80.0
833,0.0,73.0,187.0,60.0,93.0,107.0,993.0,107.0,73.0,100.0
834,60.0,73.0,167.0,60.0,93.0,107.0,1260.0,13.0,53.0,100.0
835,7.0,73.0,113.0,67.0,100.0,0.0,1027.0,60.0,13.0,107.0
836,53.0,80.0,180.0,67.0,100.0,93.0,1267.0,0.0,20.0,107.0
837,53.0,80.0,160.0,67.0,107.0,40.0,1300.0,0.0,53.0,13.0
838,53.0,0.0,187.0,47.0,20.0,73.0,1267.0,27.0,0.0,0.0
839,60.0,67.0,193.0,67.0,93.0,47.0,1353.0,53.0,73.0,73.0
840,60.0,47.0,80.0,73.0,67.0,80.0,1173.0,0.0,60.0,73.0
841,60.0,73.0,33.0,13.0,60.0,80.0,1373.0,60.0,0.0,60.0
842,47.0,73.0,153.0,0.0,0.0,0.0,1273.0,13.0,60.0,73.0
843,60.0,47.0,133.0,53.0,0.0,47.0,1413.0,0.0,0.0,40.0
844,67.0,73.0,113.0,73.0,0.0,73.0,1453.0,73.0,73.0,73.0
845,67.0,73.0,100.0,60.0,0.0,73.0,1487.0,73.0,73.0,0.0
846,0.0,13.0,147.0,73.0,67.0,80.0,1527.0,80.0,0.0,67.0
847,27.0,67.0,20.0,20.0,0.0,80.0,1567.0,80.0,67.0,53.0
848,73.0,67.0,33.0,67.0,47.0,80.0,1607.0,0.0,73.0,47.0
849,73.0,0.0,13.0,67.0,67.0,87.0,1647.0,0.0,27.0,67.0
850,33.0,73.0,93.0,0.0,13.0,87.0,1687.0,47.0,40.0,67.0
851,7.0,7.0,27.0,13.0,60.0,47.0,1733.0,73.0,0.0,73.0
852,0.0,0.0,0.0,67.0,60.0,87.0,1413.0,20.0,53.0,0.0
853,87.0,87.0,87.0,73.0,67.0,13.0,1193.0,47.0,67.0,87.0
854,87.0,87.0,0.0,73.0,0.0,0.0,1473.0,0.0,67.0,0.0
855,0.0,20.0,20.0,7.0,33.0,67.0,1527.0,40.0,0.0,40.0
856,13.0,33.0,100.0,0.0,7.0,53.0,1673.0,7.0,33.0,7.0
857,13.0,40.0,0.0,73.0,53.0,0.0,1627.0,87.0,0.0,40.0
858,13.0,60.0,7.0,40.0,100.0,47.0,1193.0,87.0,0.0,93.0
859,73.0,93.0,73.0,73.0,100.0,80.0,793.0,93.0,73.0,100.0
860,20.0,93.0,73.0,73.0,107.0,87.0,693.0,93.0,73.0,100.0
861,0.0,100.0,73.0,33.0,100.0,47.0,1280.0,100.0,80.0,107.0
862,0.0,40.0,80.0,27.0,113.0,80.0,893.0,100.0,80.0,73.0
863,33.0,93.0,80.0,0.0,20.0,87.0,1313.0,73.0,0.0,33.0
864,60.0,93.0,87.0,60.0,87.0,87.0,1347.0,40.0,0.0,93.0
865,0.0,67.0,87.0,67.0,20.0,73.0,1380.0,93.0,7.0,93.0
866,60.0,20.0,93.0,67.0,87.0,87.0,1413.0,93.0,53.0,47.0
867,60.0,80.0,93.0,73.0,87.0,93.0,1153.0,100.0,60.0,93.0
868,67.0,87.0,100.0,73.0,93.0,93.0,720.0,100.0,60.0,93.0
869,67.0,87.0,100.0,73.0,93.0,100.0,1040.0,107.0,60.0,100.0
870,67.0,73.0,107.0,60.0,100.0,100.0,1280.0,80.0,47.0,100.0
871,60.0,87.0,107.0,7.0,47.0,100.0,1313.0,107.0,60.0,107.0
872,53.0,93.0,27.0,0.0,47.0,107.0,1347.0,107.0,67.0,107.0
873,0.0,93.0,47.0,60.0,53.0,113.0,1020.0,47.0,67.0,113.0
874,20.0,100.0,87.0,60.0,80.0,113.0,1240.0,0.0,33.0,113.0
875,0.0,100.0,87.0,0.0,87.0,87.0,1347.0,47.0,0.0,0.0
876,87.0,0.0,93.0,33.0,87.0,113.0,1267.0,13.0,87.0,87.0
877,93.0,73.0,93.0,60.0,93.0,20.0,1393.0,67.0,93.0,93.0
878,93.0,67.0,100.0,87.0,93.0,100.0,793.0,67.0,93.0,93.0
879,100.0,53.0,100.0,93.0,47.0,0.0,1327.0,0.0,100.0,20.0
880,100.0,0.0,60.0,0.0,87.0,0.0,1333.0,67.0,0.0,13.0
881,87.0,67.0,100.0,20.0,0.0,0.0,1387.0,73.0,73.0,73.0
882,107.0,0.0,13.0,0.0,33.0,0.0,1427.0,0.0,0.0,73.0
883,20.0,13.0,87.0,20.0,53.0,93.0,1460.0,27.0,13.0,7.0
884,93.0,93.0,0.0,93.0,67.0,93.0,1500.0,7.0,60.0,0.0
885,0.0,60.0,0.0,0.0,7.0,0.0,1487.0,40.0,0.0,67.0
886,93.0,73.0,53.0,20.0,20.0,93.0,1533.0,73.0,27.0,67.0
887,100.0,87.0,53.0,47.0,53.0,100.0,847.0,73.0,100.0,27.0
888,100.0,47.0,93.0,13.0,53.0,100.0,947.0,80.0,47.0,67.0
889,0.0,80.0,93.0,33.0,53.0,107.0,1393.0,33.0,13.0,0.0
890,0.0,67.0,100.0,53.0,60.0,107.0,1427.0,73.0,0.0,0.0
891,33.0,87.0,100.0,67.0,40.0,113.0,1367.0,73.0,33.0,13.0
892,0.0,47.0,107.0,27.0,60.0,60.0,1480.0,20.0,13.0,47.0
893,0.0,0.0,20.0,47.0,13.0,0.0,1327.0,67.0,67.0,47.0
894,67.0,0.0,0.0,0.0,27.0,0.0,1513.0,27.0,47.0,67.0
895,73.0,47.0,13.0,60.0,47.0,20.0,1220.0,0.0,67.0,73.0
896,0.0,20.0,0.0,0.0,0.0,20.0,1453.0,0.0,67.0,73.0
897,20.0,67.0,93.0,47.0,47.0,47.0,1540.0,73.0,20.0,73.0
898,0.0,73.0,93.0,93.0,0.0,0.0,1140.0,0.0,13.0,80.0
899,0.0,0.0,60.0,100.0,0.0,33.0,1527.0,60.0,0.0,80.0
900,0.0,27.0,93.0,0.0,0.0,20.0,1387.0,7.0,27.0,0.0
901,0.0,20.0,0.0,0.0,0.0,33.0,1567.0,0.0,13.0,93.0
902,100.0,73.0,80.0,100.0,100.0,7.0,920.0,93.0,47.0,47.0
903,73.0,0.0,27.0,100.0,20.0,53.0,867.0,93.0,87.0,87.0
904,100.0,40.0,73.0,47.0,20.0,60.0,1393.0,87.0,93.0,93.0
905,0.0,0.0,0.0,73.0,27.0,60.0,1253.0,47.0,93.0,93.0
906,67.0,20.0,47.0,93.0,0.0,60.0,1400.0,87.0,100.0,80.0
907,7.0,0.0,73.0,0.0,0.0,67.0,1460.0,47.0,53.0,40.0
908,0.0,7.0,20.0,0.0,7.0,67.0,1493.0,87.0,13.0,67.0
909,67.0,27.0,40.0,7.0,0.0,67.0,1240.0,87.0,80.0,87.0
910,67.0,67.0,60.0,67.0,60.0,73.0,540.0,93.0,80.0,87.0
911,7.0,67.0,67.0,67.0,67.0,27.0,880.0,93.0,87.0,93.0
912,60.0,73.0,67.0,73.0,67.0,67.0,940.0,100.0,87.0,40.0
913,60.0,73.0,73.0,73.0,67.0,67.0,173.0,100.0,93.0,87.0
914,60.0,80.0,73.0,73.0,73.0,73.0,740.0,107.0,93.0,87.0
915,67.0,80.0,73.0,80.0,73.0,73.0,987.0,107.0,100.0,93.0
916,67.0,80.0,80.0,80.0,7.0,27.0,1013.0,67.0,100.0,0.0
917,73.0,87.0,80.0,87.0,67.0,67.0,1040.0,107.0,107.0,80.0
918,53.0,87.0,73.0,67.0,67.0,73.0,953.0,33.0,7.0,80.0
919,73.0,93.0,87.0,87.0,67.0,73.0,1067.0,93.0,60.0,87.0
920,73.0,47.0,87.0,80.0,73.0,13.0,1093.0,13.0,87.0,47.0
921,80.0,87.0,93.0,7.0,73.0,0.0,1087.0,0.0,87.0,80.0
922,80.0,93.0,0.0,73.0,80.0,0.0,1147.0,47.0,93.0,87.0
923,20.0,33.0,40.0,80.0,0.0,13.0,1147.0,0.0,93.0,87.0
924,0.0,87.0,73.0,80.0,60.0,47.0,1200.0,60.0,53.0,7.0
925,0.0,67.0,33.0,87.0,67.0,60.0,1160.0,67.0,93.0,73.0
926,47.0,87.0,20.0,87.0,67.0,67.0,1147.0,67.0,93.0,80.0
927,53.0,40.0,60.0,93.0,67.0,67.0,860.0,67.0,100.0,80.0
928,60.0,80.0,0.0,93.0,73.0,67.0,1200.0,27.0,20.0,87.0
929,60.0,0.0,53.0,100.0,73.0,73.0,893.0,67.0,87.0,87.0
930,0.0,0.0,33.0,40.0,60.0,33.0,1113.0,0.0,0.0,93.0
931,60.0,0.0,53.0,93.0,0.0,60.0,1200.0,53.0,0.0,93.0
932,0.0,7.0,53.0,13.0,60.0,67.0,1233.0,73.0,0.0,100.0
933,0.0,0.0,53.0,27.0,67.0,73.0,640.0,73.0,0.0,100.0
934,60.0,60.0,60.0,20.0,67.0,7.0,1087.0,0.0,0.0,107.0
935,60.0,60.0,60.0,47.0,67.0,60.0,1173.0,60.0,0.0,107.0
936,0.0,7.0,60.0,0.0,73.0,67.0,1200.0,53.0,0.0,93.0
937,60.0,33.0,67.0,60.0,73.0,67.0,1180.0,67.0,60.0,113.0
938,67.0,53.0,67.0,67.0,80.0,67.0,753.0,67.0,67.0,113.0
939,7.0,53.0,67.0,67.0,80.0,73.0,1173.0,67.0,67.0,120.0
940,0.0,53.0,73.0,67.0,80.0,73.0,1207.0,60.0,0.0,120.0
941,60.0,60.0,40.0,73.0,0.0,80.0,1233.0,73.0,53.0,73.0
942,60.0,60.0,67.0,73.0,73.0,13.0,1267.0,7.0,60.0,120.0
943,60.0,60.0,40.0,47.0,33.0,67.0,1300.0,60.0,0.0,33.0
944,67.0,67.0,67.0,73.0,40.0,73.0,1293.0,67.0,53.0,33.0
945,47.0,47.0,67.0,7.0,67.0,27.0,1360.0,67.0,13.0,93.0
946,40.0,67.0,73.0,60.0,67.0,67.0,1207.0,67.0,47.0,93.0
947,0.0,67.0,0.0,67.0,0.0,20.0,1387.0,60.0,53.0,60.0
948,67.0,7.0,7.0,67.0,33.0,13.0,1420.0,53.0,53.0,93.0
949,80.0,20.0,67.0,73.0,13.0,0.0,1307.0,13.0,7.0,100.0
950,53.0,67.0,80.0,0.0,67.0,53.0,813.0,60.0,40.0,0.0
951,67.0,73.0,80.0,60.0,33.0,53.0,987.0,60.0,47.0,80.0
952,0.0,0.0,33.0,60.0,67.0,60.0,1240.0,33.0,47.0,87.0
953,53.0,60.0,73.0,67.0,40.0,20.0,767.0,0.0,53.0,0.0
954,33.0,33.0,80.0,67.0,0.0,53.0,1240.0,40.0,53.0,20.0
955,60.0,60.0,80.0,0.0,47.0,53.0,1273.0,60.0,53.0,67.0
956,60.0,60.0,13.0,0.0,0.0,0.0,1307.0,60.0,60.0,13.0
957,67.0,47.0,73.0,67.0,67.0,67.0,1340.0,60.0,53.0,40.0
958,67.0,53.0,40.0,67.0,67.0,13.0,1227.0,67.0,13.0,53.0
959,67.0,0.0,67.0,67.0,0.0,60.0,1373.0,7.0,53.0,60.0
960,73.0,53.0,73.0,0.0,40.0,60.0,1320.0,47.0,53.0,40.0
961,73.0,27.0,0.0,53.0,60.0,60.0,1287.0,60.0,53.0,0.0
962,0.0,33.0,60.0,40.0,27.0,67.0,1380.0,60.0,60.0,60.0
963,53.0,53.0,60.0,53.0,33.0,13.0,1253.0,60.0,60.0,27.0
964,60.0,53.0,0.0,60.0,53.0,33.0,1387.0,67.0,60.0,53.0
965,67.0,60.0,27.0,60.0,53.0,53.0,1473.0,0.0,67.0,60.0
966,20.0,60.0,60.0,0.0,13.0,0.0,1513.0,0.0,67.0,60.0
967,60.0,7.0,20.0,13.0,53.0,73.0,1547.0,67.0,73.0,60.0
968,47.0,0.0,53.0,0.0,0.0,67.0,1580.0,73.0,0.0,13.0
969,0.0,80.0,0.0,80.0,80.0,47.0,1487.0,0.0,60.0,0.0
970,80.0,67.0,80.0,60.0,73.0,0.0,1013.0,60.0,0.0,47.0
971,0.0,13.0,0.0,0.0,13.0,67.0,1520.0,20.0,0.0,80.0
972,20.0,0.0,33.0,0.0,73.0,0.0,1573.0,0.0,7.0,0.0
973,13.0,27.0,80.0,13.0,0.0,27.0,1153.0,27.0,47.0,27.0
974,13.0,0.0,0.0,7.0,33.0,0.0,1533.0,93.0,80.0,80.0
975,0.0,0.0,13.0,40.0,0.0,33.0,1587.0,0.0,80.0,0.0
976,87.0,27.0,0.0,73.0,7.0,67.0,1267.0,0.0,27.0,0.0
977,100.0,100.0,13.0,73.0,40.0,0.0,1340.0,13.0,73.0,100.0
978,100.0,40.0,80.0,80.0,87.0,27.0,960.0,80.0,80.0,7.0
979,107.0,0.0,80.0,67.0,93.0,0.0,1260.0,87.0,0.0,7.0
980,107.0,73.0,87.0,80.0,93.0,67.0,1140.0,87.0,13.0,73.0
981,113.0,80.0,87.0,87.0,100.0,73.0,687.0,93.0,73.0,73.0
982,113.0,80.0,93.0,87.0,100.0,80.0,580.0,93.0,80.0,73.0
983,120.0,80.0,93.0,93.0,107.0,80.0,627.0,100.0,80.0,80.0
984,120.0,7.0,100.0,93.0,107.0,80.0,853.0,100.0,80.0,80.0
985,0.0,73.0,100.0,100.0,113.0,87.0,1060.0,107.0,87.0,87.0
986,53.0,73.0,60.0,100.0,113.0,87.0,1073.0,67.0,33.0,87.0
987,93.0,73.0,100.0,107.0,120.0,93.0,1113.0,20.0,80.0,93.0
988,40.0,80.0,100.0,0.0,120.0,93.0,1107.0,87.0,80.0,93.0
989,87.0,80.0,107.0,0.0,107.0,53.0,1167.0,67.0,0.0,100.0
990,7.0,87.0,0.0,0.0,27.0,93.0,1193.0,0.0,53.0,100.0
991,73.0,87.0,73.0,33.0,33.0,93.0,1227.0,13.0,67.0,27.0
992,80.0,93.0,27.0,67.0,20.0,100.0,1260.0,60.0,0.0,60.0
993,80.0,93.0,47.0,67.0,53.0,100.0,860.0,67.0,60.0,20.0
994,87.0,100.0,20.0,73.0,80.0,107.0,1227.0,20.0,60.0,73.0
995,87.0,93.0,67.0,73.0,80.0,107.0,773.0,60.0,0.0,80.0
996,93.0,100.0,0.0,47.0,87.0,27.0,1187.0,33.0,53.0,80.0
997,93.0,107.0,20.0,73.0,87.0,93.0,1213.0,60.0,33.0,87.0
998,100.0,0.0,53.0,73.0,93.0,100.0,1140.0,60.0,53.0,87.0
999,100.0,80.0,60.0,80.0,93.0,100.0,1253.0,60.0,13.0,93.0
1000,107.0,93.0,0.0,80.0,100.0,107.0,1173.0,67.0,47.0,33.0
