1,51.0,51.0,51.0,51.0,51.0,51.0,51.0,51.0,51.0,51.0
2,51.0,51.0,51.0,51.0,51.0,51.0,51.0,51.0,51.0,51.0
3,58.0,58.0,51.0,51.0,51.0,51.0,46.0,46.0,51.0,51.0
4,58.0,59.0,51.0,51.0,51.0,51.0,48.0,44.0,46.0,51.0
5,41.0,51.0,51.0,46.0,51.0,51.0,51.0,35.0,51.0,52.0
6,52.0,60.0,58.0,57.0,46.0,40.0,58.0,50.0,58.0,59.0
7,59.0,61.0,48.0,59.0,51.0,55.0,21.0,53.0,59.0,60.0
8,26.0,64.0,59.0,55.0,58.0,58.0,13.0,26.0,60.0,61.0
9,41.0,66.0,60.0,41.0,59.0,59.0,46.0,41.0,61.0,64.0
10,28.0,67.0,61.0,59.0,60.0,53.0,47.0,13.0,64.0,66.0
11,41.0,68.0,64.0,60.0,61.0,13.0,48.0,31.0,44.0,67.0
12,48.0,71.0,61.0,35.0,53.0,52.0,41.0,40.0,61.0,64.0
13,48.0,72.0,59.0,38.0,64.0,53.0,48.0,28.0,35.0,41.0
14,26.0,75.0,67.0,51.0,39.0,55.0,51.0,40.0,31.0,66.0
15,40.0,51.0,68.0,44.0,60.0,58.0,44.0,41.0,33.0,46.0
16,39.0,73.0,31.0,53.0,59.0,59.0,51.0,7.0,28.0,64.0
17,47.0,75.0,59.0,55.0,52.0,60.0,52.0,13.0,38.0,66.0
18,48.0,73.0,47.0,31.0,61.0,61.0,53.0,32.0,0.0,48.0
19,46.0,79.0,46.0,35.0,64.0,64.0,52.0,18.0,19.0,40.0
20,51.0,80.0,12.0,44.0,66.0,66.0,40.0,15.0,32.0,33.0
21,38.0,84.0,0.0,35.0,55.0,67.0,53.0,11.0,19.0,58.0
22,51.0,80.0,12.0,48.0,59.0,68.0,52.0,0.0,11.0,59.0
23,44.0,87.0,38.0,48.0,67.0,71.0,32.0,0.0,15.0,60.0
24,51.0,88.0,38.0,21.0,31.0,72.0,52.0,7.0,27.0,61.0
25,46.0,84.0,39.0,38.0,11.0,66.0,53.0,13.0,27.0,64.0
26,52.0,92.0,31.0,46.0,52.0,75.0,44.0,15.0,28.0,66.0
27,52.0,95.0,39.0,47.0,53.0,31.0,53.0,15.0,28.0,67.0
28,55.0,80.0,40.0,48.0,24.0,44.0,55.0,18.0,31.0,68.0
29,58.0,98.0,41.0,51.0,51.0,44.0,58.0,18.0,31.0,71.0
30,39.0,99.0,41.0,46.0,51.0,31.0,59.0,4.0,32.0,72.0
31,53.0,101.0,44.0,52.0,18.0,47.0,53.0,1.0,33.0,51.0
32,58.0,104.0,46.0,52.0,41.0,33.0,53.0,13.0,33.0,72.0
33,1.0,107.0,47.0,53.0,47.0,24.0,60.0,13.0,1.0,73.0
34,6.0,111.0,48.0,51.0,28.0,31.0,61.0,13.0,28.0,75.0
35,21.0,113.0,18.0,28.0,46.0,26.0,64.0,15.0,31.0,78.0
36,20.0,88.0,15.0,20.0,47.0,32.0,66.0,15.0,31.0,80.0
37,33.0,78.0,20.0,47.0,48.0,8.0,67.0,0.0,32.0,81.0
38,35.0,108.0,0.0,39.0,51.0,0.0,32.0,11.0,32.0,84.0
39,28.0,107.0,0.0,47.0,52.0,0.0,19.0,15.0,33.0,87.0
40,4.0,98.0,6.0,48.0,24.0,0.0,51.0,0.0,35.0,81.0
41,31.0,73.0,11.0,51.0,33.0,0.0,55.0,0.0,35.0,79.0
42,31.0,98.0,15.0,52.0,47.0,4.0,58.0,0.0,38.0,79.0
43,32.0,107.0,8.0,38.0,38.0,1.0,59.0,8.0,27.0,73.0
44,32.0,93.0,18.0,44.0,47.0,12.0,60.0,13.0,38.0,66.0
45,33.0,106.0,6.0,48.0,48.0,13.0,61.0,15.0,24.0,40.0
46,35.0,95.0,15.0,52.0,51.0,13.0,64.0,15.0,35.0,26.0
47,35.0,99.0,11.0,53.0,52.0,13.0,66.0,15.0,35.0,53.0
48,38.0,112.0,13.0,21.0,53.0,15.0,67.0,15.0,38.0,24.0
49,35.0,113.0,11.0,18.0,55.0,15.0,53.0,18.0,39.0,59.0
50,39.0,26.0,15.0,44.0,58.0,15.0,67.0,18.0,38.0,38.0
51,40.0,84.0,15.0,28.0,35.0,13.0,64.0,13.0,40.0,41.0
52,40.0,52.0,18.0,24.0,55.0,18.0,71.0,18.0,19.0,55.0
53,41.0,60.0,18.0,40.0,58.0,18.0,67.0,8.0,21.0,35.0
54,26.0,61.0,15.0,40.0,33.0,4.0,73.0,1.0,35.0,53.0
55,20.0,79.0,4.0,41.0,35.0,13.0,75.0,7.0,38.0,55.0
56,38.0,38.0,15.0,44.0,35.0,15.0,78.0,13.0,38.0,55.0
57,20.0,52.0,15.0,41.0,33.0,15.0,79.0,13.0,26.0,59.0
58,35.0,53.0,18.0,39.0,35.0,6.0,81.0,13.0,38.0,31.0
59,38.0,31.0,11.0,46.0,47.0,15.0,84.0,15.0,39.0,46.0
60,39.0,32.0,8.0,47.0,48.0,0.0,67.0,15.0,39.0,41.0
61,24.0,48.0,6.0,48.0,48.0,0.0,84.0,15.0,40.0,35.0
62,38.0,59.0,13.0,51.0,51.0,1.0,87.0,18.0,41.0,13.0
63,15.0,60.0,7.0,52.0,52.0,12.0,88.0,18.0,39.0,35.0
64,33.0,61.0,8.0,33.0,53.0,12.0,73.0,18.0,44.0,39.0
65,35.0,64.0,7.0,21.0,55.0,13.0,86.0,19.0,46.0,33.0
66,38.0,66.0,12.0,31.0,58.0,13.0,61.0,19.0,46.0,41.0
67,38.0,67.0,12.0,44.0,59.0,13.0,53.0,20.0,47.0,27.0
68,39.0,68.0,4.0,19.0,33.0,15.0,81.0,0.0,48.0,41.0
69,40.0,71.0,12.0,6.0,55.0,15.0,84.0,18.0,51.0,28.0
70,40.0,59.0,12.0,0.0,58.0,15.0,73.0,18.0,52.0,40.0
71,41.0,72.0,11.0,12.0,59.0,18.0,86.0,18.0,38.0,28.0
72,44.0,55.0,7.0,12.0,60.0,18.0,88.0,19.0,51.0,26.0
73,46.0,72.0,0.0,11.0,61.0,18.0,66.0,19.0,52.0,12.0
74,38.0,73.0,1.0,11.0,64.0,19.0,75.0,15.0,53.0,1.0
75,46.0,61.0,12.0,19.0,66.0,19.0,40.0,19.0,55.0,0.0
76,41.0,75.0,13.0,20.0,33.0,20.0,59.0,12.0,58.0,0.0
77,44.0,78.0,13.0,20.0,53.0,20.0,78.0,8.0,13.0,6.0
78,19.0,68.0,13.0,21.0,61.0,20.0,55.0,13.0,51.0,18.0
79,35.0,78.0,15.0,21.0,64.0,21.0,75.0,12.0,31.0,18.0
80,39.0,48.0,15.0,24.0,66.0,21.0,53.0,18.0,28.0,18.0
81,38.0,75.0,15.0,1.0,41.0,21.0,75.0,13.0,26.0,19.0
82,41.0,64.0,18.0,20.0,64.0,24.0,78.0,18.0,20.0,18.0
83,38.0,78.0,18.0,20.0,59.0,8.0,79.0,18.0,39.0,19.0
84,28.0,38.0,18.0,21.0,66.0,11.0,80.0,15.0,39.0,20.0
85,41.0,39.0,19.0,21.0,67.0,20.0,84.0,19.0,38.0,20.0
86,44.0,21.0,19.0,24.0,68.0,20.0,86.0,19.0,41.0,21.0
87,32.0,31.0,20.0,24.0,68.0,21.0,87.0,20.0,41.0,21.0
88,28.0,39.0,19.0,26.0,61.0,21.0,91.0,18.0,40.0,4.0
89,40.0,48.0,12.0,26.0,72.0,7.0,92.0,20.0,44.0,18.0
90,28.0,53.0,7.0,27.0,64.0,20.0,95.0,20.0,46.0,20.0
91,40.0,46.0,0.0,27.0,73.0,13.0,98.0,8.0,47.0,4.0
92,38.0,53.0,11.0,15.0,75.0,20.0,100.0,19.0,33.0,18.0
93,27.0,55.0,13.0,6.0,61.0,13.0,104.0,6.0,47.0,19.0
94,21.0,58.0,13.0,18.0,78.0,20.0,106.0,18.0,12.0,0.0
95,38.0,59.0,15.0,0.0,79.0,20.0,108.0,19.0,20.0,0.0
96,0.0,60.0,15.0,6.0,68.0,21.0,112.0,19.0,33.0,11.0
97,18.0,61.0,15.0,15.0,64.0,21.0,115.0,19.0,24.0,13.0
98,28.0,64.0,0.0,6.0,79.0,24.0,119.0,13.0,12.0,13.0
99,31.0,55.0,7.0,13.0,80.0,24.0,121.0,19.0,0.0,13.0
100,31.0,66.0,12.0,15.0,84.0,26.0,106.0,11.0,11.0,15.0
101,32.0,48.0,13.0,1.0,78.0,26.0,113.0,12.0,1.0,0.0
102,33.0,32.0,11.0,12.0,86.0,27.0,120.0,18.0,7.0,11.0
103,13.0,38.0,13.0,13.0,88.0,27.0,127.0,19.0,18.0,12.0
104,18.0,40.0,13.0,13.0,60.0,21.0,131.0,6.0,19.0,12.0
105,28.0,4.0,13.0,13.0,72.0,27.0,133.0,18.0,19.0,13.0
106,28.0,4.0,15.0,15.0,47.0,19.0,138.0,18.0,19.0,13.0
107,31.0,38.0,15.0,15.0,79.0,27.0,140.0,19.0,20.0,13.0
108,26.0,39.0,15.0,15.0,78.0,28.0,144.0,0.0,20.0,15.0
109,24.0,39.0,18.0,18.0,66.0,28.0,148.0,15.0,21.0,15.0
110,31.0,40.0,18.0,18.0,81.0,28.0,152.0,12.0,21.0,13.0
111,28.0,41.0,12.0,13.0,58.0,31.0,155.0,15.0,24.0,11.0
112,32.0,44.0,4.0,18.0,48.0,32.0,160.0,15.0,24.0,15.0
113,32.0,44.0,1.0,19.0,18.0,32.0,160.0,18.0,26.0,15.0
114,33.0,46.0,12.0,19.0,13.0,31.0,167.0,8.0,26.0,18.0
115,35.0,47.0,13.0,6.0,55.0,20.0,172.0,15.0,12.0,18.0
116,35.0,48.0,0.0,18.0,58.0,18.0,178.0,6.0,4.0,18.0
117,38.0,51.0,13.0,18.0,59.0,31.0,138.0,1.0,20.0,19.0
118,39.0,52.0,13.0,4.0,60.0,24.0,178.0,0.0,4.0,19.0
119,39.0,52.0,15.0,4.0,61.0,18.0,180.0,6.0,13.0,0.0
120,40.0,53.0,7.0,13.0,59.0,8.0,172.0,13.0,18.0,15.0
121,0.0,38.0,13.0,0.0,64.0,12.0,187.0,0.0,19.0,18.0
122,0.0,53.0,0.0,13.0,66.0,11.0,192.0,11.0,19.0,8.0
123,13.0,53.0,8.0,15.0,67.0,1.0,184.0,15.0,15.0,15.0
124,24.0,52.0,7.0,15.0,68.0,4.0,184.0,0.0,0.0,18.0
125,26.0,41.0,0.0,6.0,71.0,15.0,200.0,0.0,0.0,18.0
126,27.0,55.0,7.0,13.0,73.0,1.0,206.0,8.0,6.0,6.0
127,27.0,58.0,18.0,15.0,75.0,0.0,212.0,7.0,1.0,15.0
128,6.0,59.0,4.0,15.0,68.0,13.0,212.0,13.0,0.0,12.0
129,24.0,60.0,15.0,11.0,39.0,15.0,221.0,13.0,13.0,1.0
130,26.0,24.0,0.0,15.0,71.0,15.0,227.0,15.0,13.0,13.0
131,20.0,44.0,7.0,1.0,64.0,15.0,233.0,0.0,12.0,13.0
132,0.0,53.0,0.0,15.0,72.0,18.0,239.0,13.0,12.0,13.0
133,13.0,44.0,11.0,15.0,75.0,18.0,184.0,13.0,15.0,15.0
134,12.0,55.0,7.0,15.0,27.0,0.0,235.0,15.0,11.0,15.0
135,19.0,19.0,6.0,18.0,41.0,11.0,244.0,15.0,15.0,15.0
136,13.0,20.0,4.0,18.0,61.0,8.0,248.0,11.0,15.0,18.0
137,19.0,13.0,11.0,19.0,66.0,13.0,198.0,15.0,15.0,18.0
138,20.0,39.0,12.0,7.0,51.0,13.0,224.0,15.0,18.0,18.0
139,20.0,38.0,12.0,8.0,66.0,13.0,201.0,18.0,18.0,13.0
140,20.0,0.0,12.0,11.0,61.0,15.0,246.0,18.0,18.0,18.0
141,21.0,0.0,13.0,15.0,32.0,15.0,231.0,18.0,19.0,19.0
142,21.0,27.0,13.0,15.0,33.0,15.0,193.0,19.0,19.0,19.0
143,24.0,28.0,13.0,8.0,58.0,18.0,227.0,19.0,20.0,20.0
144,24.0,28.0,15.0,4.0,26.0,18.0,239.0,20.0,20.0,8.0
145,26.0,31.0,15.0,13.0,53.0,18.0,172.0,20.0,19.0,19.0
146,26.0,31.0,15.0,13.0,55.0,19.0,218.0,12.0,21.0,19.0
147,27.0,32.0,18.0,13.0,58.0,19.0,218.0,20.0,21.0,20.0
148,27.0,33.0,18.0,15.0,59.0,20.0,212.0,20.0,24.0,20.0
149,28.0,33.0,18.0,15.0,46.0,20.0,241.0,21.0,24.0,21.0
150,28.0,35.0,19.0,15.0,59.0,20.0,248.0,8.0,26.0,21.0
151,31.0,38.0,19.0,13.0,35.0,21.0,226.0,20.0,26.0,24.0
152,31.0,38.0,20.0,18.0,39.0,12.0,240.0,20.0,27.0,24.0
153,32.0,39.0,15.0,0.0,53.0,20.0,259.0,21.0,26.0,12.0
154,28.0,40.0,20.0,0.0,46.0,21.0,215.0,21.0,28.0,13.0
155,15.0,40.0,11.0,0.0,55.0,21.0,260.0,24.0,6.0,15.0
156,6.0,41.0,13.0,0.0,53.0,24.0,267.0,24.0,6.0,20.0
157,0.0,44.0,19.0,1.0,58.0,24.0,228.0,26.0,11.0,21.0
158,8.0,46.0,19.0,15.0,59.0,26.0,212.0,26.0,12.0,21.0
159,4.0,12.0,18.0,15.0,15.0,26.0,266.0,26.0,19.0,24.0
160,0.0,39.0,20.0,18.0,31.0,26.0,272.0,20.0,19.0,6.0
161,0.0,19.0,20.0,18.0,47.0,27.0,279.0,0.0,20.0,6.0
162,0.0,38.0,21.0,18.0,39.0,11.0,275.0,0.0,20.0,19.0
163,11.0,31.0,21.0,19.0,47.0,20.0,291.0,18.0,21.0,6.0
164,19.0,13.0,24.0,4.0,24.0,21.0,298.0,19.0,21.0,1.0
165,4.0,0.0,24.0,7.0,35.0,19.0,259.0,0.0,24.0,15.0
166,15.0,15.0,26.0,15.0,31.0,7.0,304.0,0.0,24.0,15.0
167,18.0,26.0,7.0,15.0,41.0,21.0,268.0,15.0,26.0,18.0
168,18.0,4.0,21.0,15.0,18.0,21.0,311.0,15.0,26.0,13.0
169,7.0,21.0,24.0,18.0,39.0,24.0,287.0,18.0,27.0,18.0
170,15.0,24.0,24.0,18.0,31.0,19.0,319.0,1.0,27.0,18.0
171,18.0,1.0,26.0,19.0,39.0,24.0,327.0,0.0,28.0,0.0
172,18.0,12.0,26.0,8.0,33.0,24.0,311.0,19.0,28.0,4.0
173,19.0,19.0,21.0,19.0,20.0,12.0,339.0,1.0,31.0,19.0
174,12.0,19.0,0.0,19.0,21.0,18.0,299.0,15.0,31.0,19.0
175,18.0,20.0,0.0,20.0,35.0,21.0,315.0,18.0,32.0,15.0
176,15.0,0.0,0.0,20.0,35.0,0.0,332.0,18.0,33.0,20.0
177,4.0,0.0,19.0,18.0,38.0,19.0,307.0,11.0,33.0,20.0
178,0.0,1.0,11.0,20.0,39.0,19.0,352.0,18.0,13.0,20.0
179,0.0,13.0,13.0,21.0,33.0,20.0,273.0,18.0,32.0,21.0
180,15.0,15.0,18.0,21.0,39.0,20.0,307.0,19.0,28.0,21.0
181,15.0,18.0,0.0,24.0,27.0,20.0,315.0,19.0,32.0,8.0
182,7.0,18.0,1.0,24.0,39.0,21.0,299.0,6.0,27.0,20.0
183,8.0,19.0,18.0,26.0,33.0,21.0,348.0,18.0,15.0,0.0
184,0.0,0.0,19.0,26.0,40.0,24.0,355.0,18.0,4.0,0.0
185,8.0,12.0,19.0,27.0,40.0,24.0,255.0,19.0,0.0,0.0
186,19.0,19.0,19.0,27.0,6.0,26.0,351.0,18.0,6.0,15.0
187,19.0,1.0,20.0,18.0,35.0,26.0,338.0,18.0,19.0,19.0
188,20.0,18.0,20.0,27.0,24.0,27.0,287.0,19.0,18.0,20.0
189,13.0,18.0,21.0,27.0,13.0,27.0,352.0,0.0,19.0,20.0
190,18.0,19.0,21.0,1.0,31.0,28.0,365.0,18.0,20.0,21.0
191,18.0,19.0,24.0,24.0,4.0,28.0,355.0,19.0,0.0,21.0
192,20.0,19.0,24.0,24.0,27.0,31.0,267.0,19.0,0.0,24.0
193,19.0,20.0,26.0,26.0,27.0,31.0,300.0,19.0,1.0,24.0
194,8.0,0.0,26.0,26.0,28.0,31.0,304.0,19.0,18.0,26.0
195,0.0,7.0,0.0,21.0,24.0,26.0,358.0,20.0,18.0,26.0
196,1.0,19.0,15.0,27.0,28.0,32.0,272.0,20.0,19.0,27.0
197,0.0,13.0,12.0,24.0,26.0,18.0,344.0,21.0,1.0,27.0
198,15.0,11.0,20.0,27.0,20.0,13.0,360.0,21.0,15.0,28.0
199,18.0,15.0,20.0,0.0,24.0,18.0,338.0,24.0,18.0,27.0
200,18.0,19.0,21.0,24.0,28.0,26.0,293.0,20.0,18.0,31.0
201,19.0,19.0,7.0,15.0,26.0,20.0,364.0,6.0,18.0,15.0
202,19.0,11.0,20.0,24.0,28.0,27.0,252.0,20.0,19.0,28.0
203,19.0,0.0,15.0,24.0,31.0,27.0,355.0,4.0,19.0,19.0
204,20.0,6.0,1.0,26.0,31.0,28.0,271.0,0.0,20.0,28.0
205,12.0,4.0,12.0,0.0,4.0,28.0,347.0,20.0,0.0,12.0
206,19.0,0.0,18.0,0.0,27.0,31.0,339.0,20.0,20.0,0.0
207,20.0,19.0,18.0,4.0,15.0,20.0,360.0,21.0,21.0,19.0
208,20.0,19.0,4.0,0.0,0.0,31.0,373.0,21.0,1.0,0.0
209,18.0,20.0,0.0,19.0,11.0,31.0,368.0,24.0,19.0,19.0
210,19.0,1.0,1.0,15.0,20.0,18.0,391.0,24.0,11.0,6.0
211,21.0,18.0,0.0,19.0,20.0,28.0,287.0,26.0,0.0,7.0
212,19.0,19.0,18.0,20.0,20.0,31.0,239.0,26.0,18.0,15.0
213,21.0,19.0,18.0,0.0,21.0,20.0,228.0,27.0,18.0,15.0
214,24.0,19.0,19.0,15.0,21.0,26.0,266.0,27.0,19.0,18.0
215,24.0,20.0,19.0,15.0,24.0,31.0,213.0,28.0,19.0,18.0
216,26.0,20.0,6.0,15.0,24.0,31.0,221.0,28.0,4.0,18.0
217,26.0,21.0,18.0,12.0,26.0,32.0,266.0,31.0,18.0,4.0
218,27.0,21.0,18.0,15.0,26.0,32.0,293.0,31.0,18.0,15.0
219,27.0,24.0,19.0,18.0,27.0,33.0,308.0,32.0,0.0,18.0
220,28.0,24.0,18.0,18.0,27.0,0.0,318.0,33.0,13.0,18.0
221,28.0,26.0,8.0,18.0,28.0,4.0,326.0,33.0,18.0,18.0
222,12.0,0.0,18.0,19.0,28.0,24.0,280.0,11.0,18.0,19.0
223,27.0,0.0,19.0,19.0,31.0,15.0,324.0,31.0,8.0,15.0
224,8.0,12.0,19.0,20.0,31.0,8.0,275.0,32.0,18.0,13.0
225,4.0,11.0,0.0,20.0,26.0,4.0,272.0,32.0,15.0,19.0
226,20.0,15.0,4.0,20.0,21.0,8.0,327.0,33.0,8.0,1.0
227,21.0,0.0,15.0,18.0,31.0,0.0,335.0,35.0,15.0,15.0
228,21.0,4.0,15.0,0.0,26.0,7.0,331.0,35.0,18.0,18.0
229,24.0,19.0,18.0,15.0,31.0,19.0,347.0,38.0,18.0,18.0
230,24.0,19.0,18.0,13.0,32.0,7.0,238.0,39.0,19.0,18.0
231,26.0,1.0,18.0,15.0,32.0,18.0,266.0,35.0,19.0,19.0
232,15.0,0.0,19.0,18.0,18.0,0.0,320.0,40.0,7.0,19.0
233,13.0,15.0,12.0,0.0,31.0,13.0,261.0,40.0,18.0,20.0
234,21.0,18.0,0.0,15.0,31.0,18.0,331.0,32.0,0.0,0.0
235,15.0,18.0,18.0,18.0,32.0,6.0,264.0,39.0,1.0,0.0
236,13.0,18.0,19.0,0.0,33.0,1.0,306.0,24.0,7.0,0.0
237,20.0,1.0,1.0,0.0,12.0,7.0,327.0,38.0,18.0,0.0
238,20.0,15.0,15.0,15.0,15.0,12.0,340.0,40.0,15.0,0.0
239,21.0,15.0,18.0,18.0,28.0,4.0,221.0,32.0,18.0,18.0
240,24.0,18.0,18.0,4.0,13.0,12.0,331.0,26.0,19.0,19.0
241,24.0,18.0,18.0,15.0,27.0,12.0,339.0,0.0,19.0,4.0
242,7.0,18.0,19.0,0.0,27.0,12.0,299.0,31.0,19.0,18.0
243,21.0,19.0,19.0,15.0,28.0,13.0,261.0,32.0,20.0,18.0
244,0.0,12.0,18.0,6.0,28.0,11.0,335.0,19.0,12.0,18.0
245,0.0,0.0,20.0,8.0,7.0,6.0,340.0,31.0,15.0,0.0
246,4.0,6.0,20.0,13.0,24.0,12.0,340.0,1.0,19.0,0.0
247,7.0,19.0,21.0,13.0,27.0,12.0,359.0,0.0,20.0,19.0
248,0.0,19.0,20.0,8.0,20.0,6.0,338.0,0.0,20.0,19.0
249,13.0,20.0,21.0,13.0,24.0,12.0,371.0,18.0,21.0,19.0
250,18.0,0.0,4.0,4.0,27.0,0.0,371.0,7.0,21.0,0.0
251,8.0,0.0,12.0,12.0,18.0,7.0,387.0,7.0,24.0,6.0
252,11.0,11.0,19.0,12.0,19.0,0.0,366.0,7.0,24.0,0.0
253,15.0,19.0,0.0,13.0,6.0,0.0,298.0,11.0,26.0,18.0
254,11.0,0.0,0.0,4.0,0.0,19.0,384.0,0.0,26.0,8.0
255,6.0,1.0,6.0,4.0,11.0,6.0,340.0,7.0,27.0,11.0
256,8.0,0.0,0.0,11.0,4.0,1.0,393.0,1.0,7.0,0.0
257,1.0,20.0,4.0,4.0,12.0,4.0,366.0,0.0,1.0,20.0
258,0.0,20.0,1.0,11.0,11.0,7.0,371.0,15.0,20.0,7.0
259,13.0,18.0,0.0,7.0,0.0,4.0,307.0,15.0,8.0,11.0
260,18.0,21.0,18.0,11.0,0.0,0.0,346.0,18.0,19.0,18.0
261,18.0,0.0,18.0,11.0,19.0,19.0,367.0,18.0,19.0,19.0
262,18.0,1.0,18.0,8.0,0.0,11.0,399.0,8.0,20.0,19.0
263,19.0,0.0,15.0,8.0,19.0,7.0,328.0,20.0,20.0,0.0
264,18.0,11.0,19.0,20.0,20.0,15.0,320.0,20.0,21.0,6.0
265,19.0,18.0,0.0,20.0,4.0,1.0,328.0,15.0,21.0,6.0
266,20.0,4.0,15.0,18.0,0.0,0.0,360.0,0.0,7.0,1.0
267,6.0,19.0,19.0,12.0,6.0,20.0,393.0,20.0,20.0,0.0
268,4.0,12.0,0.0,8.0,7.0,8.0,404.0,12.0,20.0,26.0
269,26.0,19.0,4.0,26.0,0.0,0.0,412.0,19.0,4.0,26.0
270,27.0,1.0,20.0,0.0,20.0,1.0,320.0,20.0,8.0,27.0
271,7.0,0.0,21.0,8.0,7.0,18.0,379.0,20.0,18.0,1.0
272,0.0,15.0,0.0,4.0,0.0,19.0,404.0,21.0,18.0,18.0
273,1.0,12.0,18.0,18.0,4.0,19.0,266.0,21.0,19.0,21.0
274,0.0,0.0,0.0,18.0,15.0,19.0,371.0,0.0,19.0,12.0
275,20.0,11.0,20.0,19.0,19.0,20.0,226.0,19.0,18.0,21.0
276,20.0,20.0,20.0,19.0,20.0,20.0,246.0,20.0,20.0,21.0
277,21.0,21.0,21.0,0.0,20.0,21.0,247.0,21.0,20.0,13.0
278,21.0,21.0,21.0,6.0,21.0,21.0,231.0,21.0,21.0,21.0
279,24.0,24.0,18.0,15.0,21.0,24.0,113.0,24.0,21.0,21.0
280,24.0,24.0,21.0,15.0,24.0,24.0,287.0,24.0,24.0,24.0
281,26.0,26.0,24.0,18.0,24.0,26.0,271.0,26.0,24.0,24.0
282,26.0,26.0,24.0,12.0,26.0,26.0,261.0,26.0,26.0,26.0
283,21.0,27.0,26.0,18.0,26.0,27.0,255.0,27.0,26.0,26.0
284,26.0,27.0,26.0,8.0,27.0,27.0,273.0,27.0,27.0,27.0
285,27.0,28.0,27.0,15.0,27.0,19.0,298.0,4.0,11.0,27.0
286,28.0,28.0,12.0,11.0,13.0,7.0,306.0,19.0,19.0,28.0
287,20.0,31.0,26.0,15.0,26.0,24.0,259.0,24.0,24.0,28.0
288,28.0,31.0,20.0,18.0,20.0,12.0,295.0,24.0,26.0,31.0
289,28.0,32.0,26.0,18.0,15.0,7.0,313.0,26.0,26.0,31.0
290,31.0,33.0,27.0,0.0,20.0,20.0,321.0,7.0,27.0,32.0
291,31.0,33.0,20.0,6.0,24.0,20.0,331.0,21.0,27.0,0.0
292,32.0,35.0,27.0,15.0,26.0,21.0,339.0,15.0,1.0,27.0
293,24.0,38.0,27.0,0.0,18.0,8.0,298.0,21.0,15.0,11.0
294,0.0,38.0,28.0,18.0,26.0,20.0,259.0,24.0,21.0,11.0
295,12.0,12.0,0.0,7.0,26.0,11.0,268.0,21.0,24.0,4.0
296,0.0,8.0,0.0,8.0,27.0,12.0,299.0,13.0,24.0,19.0
297,13.0,28.0,0.0,15.0,8.0,19.0,326.0,0.0,11.0,0.0
298,19.0,11.0,0.0,12.0,8.0,7.0,339.0,0.0,21.0,0.0
299,20.0,7.0,0.0,15.0,0.0,1.0,248.0,11.0,13.0,0.0
300,20.0,24.0,18.0,7.0,18.0,13.0,333.0,18.0,21.0,13.0
301,20.0,24.0,18.0,15.0,18.0,15.0,253.0,18.0,21.0,18.0
302,21.0,1.0,19.0,15.0,19.0,15.0,332.0,19.0,24.0,12.0
303,0.0,20.0,11.0,13.0,19.0,4.0,340.0,19.0,24.0,18.0
304,19.0,21.0,18.0,15.0,11.0,13.0,348.0,19.0,15.0,18.0
305,19.0,21.0,19.0,18.0,19.0,13.0,358.0,0.0,24.0,19.0
306,0.0,24.0,4.0,0.0,19.0,15.0,367.0,8.0,24.0,19.0
307,15.0,24.0,18.0,12.0,19.0,15.0,253.0,18.0,26.0,20.0
308,18.0,26.0,18.0,18.0,20.0,15.0,281.0,18.0,26.0,20.0
309,18.0,26.0,18.0,18.0,15.0,18.0,351.0,1.0,27.0,4.0
310,18.0,27.0,19.0,19.0,20.0,18.0,280.0,6.0,27.0,19.0
311,19.0,27.0,19.0,0.0,20.0,18.0,352.0,13.0,28.0,19.0
312,19.0,28.0,11.0,7.0,21.0,19.0,360.0,13.0,15.0,15.0
313,12.0,28.0,0.0,15.0,1.0,19.0,341.0,15.0,20.0,11.0
314,11.0,24.0,0.0,18.0,0.0,1.0,313.0,8.0,6.0,19.0
315,18.0,18.0,0.0,1.0,0.0,0.0,327.0,13.0,7.0,19.0
316,4.0,19.0,4.0,0.0,1.0,20.0,328.0,15.0,0.0,19.0
317,15.0,18.0,18.0,15.0,0.0,20.0,271.0,1.0,0.0,20.0
318,0.0,20.0,0.0,18.0,19.0,7.0,358.0,0.0,12.0,0.0
319,6.0,21.0,1.0,18.0,20.0,19.0,224.0,19.0,20.0,15.0
320,1.0,26.0,18.0,18.0,6.0,19.0,344.0,0.0,8.0,6.0
321,0.0,26.0,18.0,19.0,19.0,0.0,300.0,15.0,1.0,18.0
322,18.0,4.0,19.0,0.0,19.0,18.0,351.0,1.0,15.0,18.0
323,18.0,0.0,19.0,15.0,11.0,18.0,338.0,0.0,15.0,19.0
324,19.0,6.0,19.0,19.0,0.0,1.0,364.0,18.0,18.0,18.0
325,19.0,19.0,11.0,19.0,0.0,1.0,373.0,18.0,18.0,19.0
326,20.0,19.0,19.0,11.0,18.0,15.0,301.0,0.0,19.0,20.0
327,0.0,20.0,4.0,0.0,0.0,15.0,371.0,18.0,19.0,19.0
328,1.0,20.0,6.0,12.0,20.0,18.0,352.0,4.0,19.0,12.0
329,7.0,12.0,13.0,0.0,7.0,18.0,386.0,1.0,15.0,20.0
330,19.0,20.0,1.0,13.0,19.0,18.0,288.0,18.0,20.0,19.0
331,19.0,20.0,12.0,18.0,18.0,18.0,261.0,19.0,20.0,20.0
332,20.0,21.0,13.0,18.0,19.0,11.0,301.0,19.0,12.0,21.0
333,20.0,21.0,13.0,19.0,20.0,15.0,339.0,19.0,0.0,21.0
334,21.0,8.0,0.0,19.0,0.0,18.0,240.0,13.0,11.0,24.0
335,21.0,20.0,7.0,19.0,11.0,18.0,264.0,19.0,15.0,24.0
336,24.0,0.0,15.0,20.0,6.0,19.0,266.0,13.0,6.0,26.0
337,24.0,12.0,18.0,0.0,13.0,19.0,224.0,19.0,13.0,26.0
338,26.0,18.0,6.0,18.0,15.0,20.0,271.0,20.0,15.0,27.0
339,26.0,18.0,15.0,1.0,15.0,0.0,253.0,20.0,15.0,7.0
340,27.0,19.0,12.0,15.0,15.0,0.0,308.0,20.0,15.0,24.0
341,19.0,19.0,0.0,15.0,18.0,13.0,286.0,21.0,18.0,26.0
342,27.0,15.0,13.0,15.0,18.0,13.0,260.0,21.0,18.0,26.0
343,27.0,19.0,13.0,18.0,18.0,15.0,212.0,24.0,18.0,27.0
344,28.0,20.0,15.0,18.0,19.0,15.0,188.0,24.0,19.0,27.0
345,28.0,15.0,15.0,19.0,19.0,15.0,281.0,26.0,19.0,28.0
346,31.0,20.0,15.0,19.0,20.0,13.0,212.0,26.0,20.0,28.0
347,31.0,20.0,18.0,19.0,20.0,13.0,178.0,27.0,20.0,31.0
348,31.0,21.0,18.0,20.0,20.0,18.0,264.0,27.0,15.0,31.0
349,32.0,21.0,18.0,20.0,21.0,18.0,178.0,28.0,20.0,32.0
350,33.0,24.0,19.0,21.0,21.0,18.0,218.0,13.0,21.0,33.0
351,33.0,24.0,19.0,21.0,24.0,19.0,255.0,27.0,21.0,33.0
352,27.0,26.0,20.0,24.0,24.0,0.0,261.0,4.0,1.0,35.0
353,35.0,26.0,20.0,24.0,26.0,6.0,268.0,7.0,8.0,38.0
354,35.0,27.0,20.0,26.0,26.0,15.0,128.0,20.0,18.0,27.0
355,38.0,27.0,21.0,26.0,27.0,12.0,204.0,12.0,19.0,38.0
356,39.0,28.0,21.0,27.0,27.0,15.0,166.0,20.0,19.0,26.0
357,12.0,20.0,24.0,27.0,28.0,15.0,199.0,0.0,7.0,35.0
358,28.0,12.0,18.0,28.0,28.0,18.0,232.0,18.0,18.0,38.0
359,33.0,26.0,24.0,28.0,31.0,12.0,111.0,18.0,19.0,39.0
360,35.0,27.0,24.0,31.0,31.0,18.0,218.0,19.0,18.0,39.0
361,38.0,27.0,26.0,31.0,21.0,18.0,221.0,19.0,19.0,40.0
362,38.0,27.0,26.0,32.0,31.0,18.0,228.0,19.0,20.0,7.0
363,13.0,21.0,27.0,33.0,32.0,19.0,233.0,11.0,20.0,35.0
364,11.0,28.0,18.0,33.0,32.0,19.0,238.0,6.0,15.0,38.0
365,28.0,28.0,15.0,35.0,33.0,20.0,246.0,18.0,20.0,38.0
366,31.0,28.0,19.0,38.0,26.0,0.0,200.0,18.0,21.0,39.0
367,32.0,31.0,0.0,38.0,27.0,6.0,247.0,18.0,0.0,40.0
368,24.0,32.0,15.0,39.0,33.0,18.0,253.0,19.0,0.0,40.0
369,21.0,32.0,19.0,40.0,12.0,4.0,213.0,19.0,7.0,21.0
370,31.0,20.0,20.0,40.0,31.0,15.0,258.0,20.0,15.0,32.0
371,21.0,32.0,20.0,41.0,32.0,15.0,264.0,0.0,18.0,39.0
372,31.0,32.0,21.0,44.0,32.0,18.0,271.0,1.0,8.0,15.0
373,32.0,21.0,21.0,46.0,33.0,18.0,278.0,13.0,13.0,35.0
374,32.0,28.0,8.0,47.0,27.0,12.0,213.0,15.0,11.0,0.0
375,20.0,8.0,20.0,31.0,33.0,7.0,275.0,15.0,15.0,31.0
376,4.0,28.0,8.0,46.0,35.0,0.0,239.0,15.0,15.0,31.0
377,27.0,8.0,0.0,47.0,35.0,0.0,221.0,13.0,0.0,31.0
378,11.0,4.0,18.0,48.0,35.0,18.0,275.0,18.0,12.0,32.0
379,11.0,21.0,0.0,31.0,38.0,13.0,200.0,18.0,18.0,33.0
380,21.0,21.0,0.0,47.0,35.0,18.0,271.0,18.0,19.0,7.0
381,24.0,24.0,15.0,48.0,39.0,19.0,207.0,19.0,7.0,28.0
382,24.0,24.0,0.0,51.0,6.0,13.0,268.0,8.0,18.0,31.0
383,1.0,26.0,13.0,52.0,33.0,19.0,275.0,18.0,7.0,31.0
384,0.0,26.0,15.0,52.0,35.0,8.0,284.0,19.0,8.0,20.0
385,18.0,15.0,4.0,53.0,0.0,18.0,291.0,19.0,15.0,31.0
386,18.0,26.0,13.0,55.0,7.0,0.0,280.0,19.0,4.0,0.0
387,19.0,26.0,13.0,55.0,26.0,1.0,301.0,20.0,0.0,26.0
388,19.0,27.0,13.0,59.0,11.0,0.0,288.0,20.0,15.0,27.0
389,19.0,27.0,7.0,60.0,0.0,15.0,246.0,21.0,15.0,27.0
390,20.0,18.0,13.0,28.0,19.0,15.0,272.0,21.0,15.0,28.0
391,20.0,27.0,13.0,58.0,20.0,15.0,307.0,24.0,18.0,6.0
392,21.0,27.0,15.0,59.0,20.0,18.0,255.0,24.0,18.0,26.0
393,21.0,19.0,15.0,47.0,21.0,18.0,308.0,26.0,19.0,26.0
394,20.0,12.0,15.0,59.0,21.0,18.0,275.0,26.0,19.0,27.0
395,24.0,12.0,1.0,60.0,4.0,19.0,315.0,20.0,19.0,27.0
396,24.0,13.0,0.0,48.0,19.0,19.0,324.0,8.0,8.0,8.0
397,4.0,0.0,18.0,38.0,7.0,12.0,332.0,0.0,12.0,8.0
398,0.0,18.0,7.0,58.0,0.0,20.0,340.0,19.0,0.0,21.0
399,15.0,7.0,19.0,59.0,6.0,0.0,259.0,20.0,11.0,24.0
400,7.0,11.0,19.0,13.0,20.0,4.0,339.0,11.0,20.0,24.0
401,15.0,15.0,0.0,44.0,0.0,15.0,347.0,12.0,21.0,0.0
402,4.0,11.0,4.0,46.0,19.0,4.0,335.0,19.0,0.0,20.0
403,15.0,0.0,0.0,52.0,19.0,13.0,360.0,12.0,12.0,7.0
404,6.0,6.0,12.0,53.0,11.0,12.0,347.0,7.0,18.0,19.0
405,4.0,18.0,0.0,55.0,0.0,13.0,364.0,0.0,8.0,6.0
406,8.0,0.0,13.0,8.0,6.0,15.0,381.0,13.0,12.0,8.0
407,0.0,13.0,15.0,1.0,0.0,12.0,375.0,0.0,18.0,15.0
408,8.0,0.0,19.0,39.0,0.0,11.0,398.0,1.0,0.0,0.0
409,1.0,7.0,20.0,40.0,6.0,15.0,313.0,18.0,20.0,7.0
410,18.0,0.0,12.0,41.0,21.0,1.0,239.0,20.0,21.0,21.0
411,18.0,0.0,0.0,41.0,0.0,13.0,371.0,20.0,24.0,18.0
412,19.0,21.0,7.0,21.0,0.0,13.0,371.0,15.0,21.0,0.0
413,6.0,21.0,0.0,40.0,0.0,8.0,388.0,20.0,15.0,0.0
414,8.0,24.0,0.0,27.0,21.0,1.0,399.0,21.0,0.0,7.0
415,7.0,4.0,6.0,40.0,13.0,8.0,401.0,4.0,8.0,4.0
416,0.0,0.0,21.0,40.0,18.0,12.0,333.0,13.0,0.0,15.0
417,8.0,1.0,18.0,0.0,21.0,12.0,324.0,13.0,1.0,26.0
418,8.0,1.0,26.0,1.0,19.0,12.0,348.0,19.0,21.0,0.0
419,0.0,19.0,0.0,20.0,11.0,6.0,339.0,0.0,21.0,6.0
420,19.0,19.0,21.0,27.0,20.0,12.0,275.0,7.0,24.0,19.0
421,19.0,20.0,18.0,28.0,20.0,0.0,232.0,19.0,24.0,19.0
422,20.0,20.0,19.0,18.0,6.0,13.0,307.0,6.0,26.0,20.0
423,15.0,20.0,11.0,27.0,19.0,15.0,326.0,18.0,26.0,20.0
424,20.0,21.0,0.0,28.0,19.0,4.0,358.0,0.0,27.0,21.0
425,20.0,21.0,18.0,28.0,0.0,13.0,367.0,0.0,27.0,19.0
426,21.0,24.0,18.0,20.0,6.0,8.0,340.0,18.0,28.0,0.0
427,0.0,24.0,7.0,28.0,11.0,13.0,378.0,0.0,12.0,0.0
428,6.0,26.0,8.0,19.0,18.0,13.0,361.0,13.0,6.0,19.0
429,11.0,4.0,15.0,20.0,0.0,15.0,368.0,19.0,0.0,0.0
430,19.0,7.0,7.0,4.0,1.0,15.0,366.0,20.0,0.0,6.0
431,0.0,6.0,13.0,11.0,1.0,4.0,400.0,8.0,0.0,0.0
432,12.0,18.0,11.0,20.0,18.0,0.0,380.0,19.0,4.0,19.0
433,12.0,18.0,13.0,12.0,18.0,15.0,261.0,19.0,19.0,19.0
434,19.0,19.0,8.0,20.0,18.0,15.0,380.0,1.0,20.0,20.0
435,1.0,7.0,13.0,1.0,15.0,12.0,395.0,18.0,12.0,0.0
436,15.0,18.0,7.0,0.0,15.0,15.0,328.0,18.0,19.0,13.0
437,18.0,4.0,13.0,15.0,13.0,0.0,400.0,19.0,0.0,18.0
438,18.0,6.0,12.0,15.0,1.0,18.0,364.0,12.0,18.0,18.0
439,15.0,1.0,0.0,4.0,1.0,0.0,387.0,4.0,4.0,6.0
440,6.0,7.0,18.0,6.0,12.0,18.0,398.0,1.0,6.0,1.0
441,8.0,11.0,8.0,12.0,12.0,18.0,198.0,13.0,13.0,0.0
442,12.0,12.0,15.0,13.0,12.0,19.0,258.0,13.0,13.0,13.0
443,15.0,12.0,18.0,12.0,13.0,19.0,328.0,13.0,13.0,13.0
444,15.0,12.0,18.0,13.0,13.0,19.0,313.0,15.0,15.0,15.0
445,15.0,6.0,0.0,13.0,13.0,20.0,352.0,15.0,15.0,15.0
446,18.0,7.0,13.0,15.0,6.0,0.0,371.0,15.0,15.0,8.0
447,0.0,12.0,11.0,15.0,13.0,15.0,380.0,18.0,18.0,7.0
448,0.0,12.0,6.0,1.0,13.0,19.0,391.0,0.0,18.0,8.0
449,7.0,4.0,13.0,0.0,13.0,15.0,400.0,1.0,15.0,4.0
450,19.0,11.0,0.0,15.0,15.0,19.0,319.0,1.0,19.0,11.0
451,0.0,12.0,4.0,15.0,15.0,0.0,372.0,15.0,19.0,18.0
452,15.0,12.0,15.0,18.0,15.0,15.0,251.0,18.0,19.0,13.0
453,18.0,12.0,18.0,18.0,18.0,6.0,288.0,18.0,20.0,0.0
454,18.0,13.0,18.0,18.0,18.0,13.0,240.0,18.0,15.0,15.0
455,18.0,13.0,18.0,12.0,18.0,15.0,271.0,19.0,19.0,15.0
456,19.0,13.0,19.0,18.0,19.0,0.0,320.0,13.0,20.0,0.0
457,19.0,15.0,19.0,19.0,6.0,18.0,346.0,19.0,0.0,18.0
458,20.0,15.0,20.0,1.0,18.0,18.0,253.0,6.0,18.0,18.0
459,20.0,15.0,20.0,15.0,0.0,19.0,295.0,18.0,0.0,19.0
460,20.0,18.0,20.0,18.0,4.0,19.0,340.0,0.0,7.0,19.0
461,12.0,0.0,21.0,18.0,15.0,0.0,147.0,13.0,15.0,19.0
462,15.0,4.0,21.0,18.0,18.0,4.0,246.0,15.0,15.0,20.0
463,20.0,0.0,15.0,19.0,8.0,13.0,306.0,15.0,18.0,20.0
464,11.0,8.0,0.0,19.0,15.0,13.0,304.0,15.0,18.0,21.0
465,19.0,13.0,19.0,20.0,7.0,15.0,308.0,0.0,19.0,21.0
466,20.0,7.0,19.0,20.0,15.0,15.0,326.0,6.0,7.0,24.0
467,20.0,13.0,20.0,20.0,15.0,15.0,304.0,1.0,18.0,24.0
468,21.0,4.0,20.0,1.0,15.0,15.0,335.0,12.0,0.0,26.0
469,21.0,12.0,20.0,19.0,18.0,18.0,248.0,12.0,13.0,19.0
470,24.0,12.0,21.0,19.0,4.0,18.0,244.0,13.0,13.0,26.0
471,7.0,13.0,8.0,19.0,4.0,19.0,320.0,13.0,15.0,26.0
472,20.0,13.0,20.0,20.0,13.0,1.0,275.0,13.0,15.0,27.0
473,21.0,13.0,7.0,20.0,13.0,15.0,251.0,15.0,15.0,11.0
474,21.0,15.0,19.0,21.0,13.0,18.0,226.0,15.0,18.0,12.0
475,21.0,15.0,19.0,21.0,15.0,18.0,306.0,15.0,18.0,6.0
476,24.0,15.0,20.0,24.0,15.0,18.0,264.0,12.0,18.0,6.0
477,24.0,18.0,20.0,24.0,13.0,19.0,311.0,15.0,19.0,4.0
478,26.0,18.0,21.0,26.0,15.0,19.0,204.0,18.0,19.0,15.0
479,26.0,8.0,21.0,26.0,12.0,20.0,300.0,13.0,15.0,15.0
480,27.0,18.0,24.0,27.0,15.0,20.0,308.0,7.0,19.0,15.0
481,0.0,4.0,24.0,21.0,0.0,11.0,240.0,0.0,20.0,0.0
482,0.0,7.0,26.0,24.0,19.0,19.0,291.0,19.0,20.0,19.0
483,19.0,13.0,26.0,27.0,0.0,18.0,312.0,0.0,21.0,19.0
484,13.0,0.0,20.0,18.0,4.0,8.0,320.0,15.0,21.0,19.0
485,19.0,13.0,26.0,27.0,15.0,19.0,328.0,0.0,0.0,11.0
486,19.0,15.0,27.0,27.0,18.0,19.0,338.0,15.0,0.0,19.0
487,20.0,15.0,27.0,11.0,18.0,20.0,346.0,18.0,7.0,0.0
488,7.0,15.0,28.0,11.0,18.0,20.0,304.0,18.0,15.0,15.0
489,19.0,18.0,28.0,21.0,19.0,19.0,261.0,18.0,15.0,15.0
490,11.0,4.0,21.0,7.0,15.0,21.0,340.0,1.0,0.0,6.0
491,18.0,1.0,28.0,20.0,19.0,18.0,275.0,15.0,13.0,15.0
492,19.0,12.0,31.0,4.0,19.0,21.0,264.0,15.0,15.0,15.0
493,15.0,13.0,11.0,19.0,0.0,21.0,301.0,18.0,0.0,15.0
494,18.0,13.0,15.0,19.0,4.0,0.0,321.0,0.0,7.0,4.0
495,12.0,13.0,1.0,8.0,18.0,15.0,340.0,0.0,18.0,13.0
496,19.0,15.0,21.0,4.0,18.0,19.0,348.0,0.0,0.0,4.0
497,8.0,15.0,21.0,15.0,19.0,20.0,359.0,15.0,11.0,12.0
498,12.0,15.0,24.0,0.0,19.0,20.0,238.0,12.0,18.0,13.0
499,18.0,18.0,24.0,11.0,18.0,20.0,315.0,15.0,18.0,13.0
500,18.0,0.0,26.0,15.0,20.0,21.0,351.0,18.0,6.0,13.0
501,0.0,0.0,26.0,15.0,20.0,15.0,267.0,0.0,15.0,0.0
502,12.0,4.0,27.0,15.0,21.0,12.0,328.0,4.0,13.0,19.0
503,7.0,4.0,21.0,18.0,21.0,1.0,352.0,1.0,18.0,20.0
504,0.0,0.0,1.0,18.0,12.0,18.0,348.0,8.0,0.0,15.0
505,18.0,18.0,21.0,19.0,21.0,18.0,215.0,15.0,18.0,20.0
506,18.0,18.0,24.0,19.0,21.0,19.0,251.0,15.0,18.0,20.0
507,19.0,19.0,24.0,19.0,24.0,19.0,199.0,18.0,19.0,21.0
508,19.0,19.0,26.0,20.0,24.0,19.0,291.0,18.0,19.0,7.0
509,19.0,19.0,26.0,11.0,26.0,20.0,247.0,19.0,6.0,20.0
510,20.0,20.0,20.0,6.0,26.0,20.0,307.0,19.0,18.0,20.0
511,20.0,0.0,26.0,8.0,19.0,21.0,315.0,0.0,11.0,21.0
512,21.0,0.0,27.0,0.0,19.0,19.0,324.0,13.0,4.0,13.0
513,21.0,4.0,27.0,1.0,26.0,21.0,258.0,15.0,13.0,7.0
514,0.0,0.0,19.0,11.0,26.0,24.0,324.0,18.0,15.0,19.0
515,19.0,11.0,0.0,15.0,7.0,24.0,332.0,18.0,15.0,19.0
516,19.0,13.0,1.0,15.0,24.0,19.0,340.0,18.0,15.0,11.0
517,20.0,15.0,19.0,18.0,24.0,24.0,348.0,19.0,7.0,7.0
518,20.0,18.0,19.0,18.0,26.0,26.0,187.0,19.0,15.0,18.0
519,21.0,18.0,20.0,18.0,26.0,26.0,328.0,20.0,7.0,18.0
520,21.0,0.0,20.0,19.0,27.0,27.0,338.0,8.0,13.0,18.0
521,24.0,15.0,21.0,19.0,19.0,24.0,258.0,0.0,15.0,19.0
522,18.0,15.0,21.0,20.0,1.0,27.0,335.0,0.0,15.0,11.0
523,24.0,15.0,24.0,20.0,21.0,19.0,298.0,4.0,15.0,19.0
524,24.0,18.0,24.0,4.0,21.0,13.0,251.0,0.0,18.0,19.0
525,26.0,15.0,26.0,19.0,24.0,26.0,204.0,13.0,0.0,19.0
526,26.0,18.0,26.0,19.0,24.0,26.0,260.0,13.0,13.0,0.0
527,24.0,6.0,24.0,19.0,26.0,18.0,291.0,15.0,13.0,13.0
528,24.0,0.0,27.0,20.0,26.0,26.0,312.0,15.0,15.0,18.0
529,26.0,1.0,21.0,4.0,27.0,27.0,320.0,11.0,1.0,18.0
530,27.0,12.0,27.0,18.0,27.0,26.0,328.0,8.0,13.0,18.0
531,28.0,15.0,15.0,19.0,28.0,11.0,338.0,4.0,13.0,19.0
532,28.0,15.0,19.0,13.0,28.0,7.0,293.0,8.0,13.0,8.0
533,18.0,15.0,0.0,4.0,31.0,4.0,341.0,11.0,15.0,0.0
534,7.0,18.0,0.0,15.0,28.0,0.0,340.0,12.0,15.0,4.0
535,21.0,18.0,0.0,18.0,32.0,0.0,335.0,1.0,15.0,4.0
536,26.0,18.0,1.0,18.0,32.0,0.0,361.0,11.0,18.0,15.0
537,26.0,15.0,18.0,18.0,33.0,18.0,244.0,12.0,18.0,15.0
538,27.0,19.0,18.0,13.0,35.0,19.0,188.0,12.0,18.0,18.0
539,27.0,19.0,19.0,19.0,28.0,19.0,326.0,12.0,19.0,18.0
540,28.0,20.0,19.0,7.0,18.0,19.0,293.0,13.0,0.0,18.0
541,21.0,0.0,19.0,18.0,19.0,19.0,300.0,13.0,0.0,19.0
542,6.0,15.0,20.0,11.0,31.0,20.0,335.0,13.0,0.0,12.0
543,18.0,18.0,20.0,18.0,32.0,20.0,295.0,15.0,13.0,19.0
544,0.0,0.0,21.0,0.0,28.0,12.0,313.0,15.0,7.0,19.0
545,7.0,12.0,21.0,0.0,32.0,20.0,292.0,15.0,7.0,19.0
546,18.0,19.0,21.0,7.0,12.0,20.0,341.0,18.0,11.0,13.0
547,8.0,19.0,24.0,15.0,0.0,15.0,351.0,18.0,13.0,1.0
548,18.0,8.0,24.0,4.0,26.0,20.0,359.0,18.0,8.0,15.0
549,15.0,18.0,19.0,13.0,26.0,21.0,326.0,19.0,13.0,18.0
550,18.0,13.0,1.0,15.0,27.0,21.0,361.0,19.0,13.0,18.0
551,0.0,18.0,20.0,15.0,27.0,24.0,355.0,0.0,13.0,19.0
552,4.0,19.0,20.0,15.0,28.0,24.0,315.0,8.0,15.0,19.0
553,15.0,19.0,21.0,13.0,20.0,7.0,335.0,18.0,15.0,19.0
554,11.0,15.0,21.0,11.0,8.0,0.0,371.0,7.0,6.0,1.0
555,18.0,19.0,24.0,15.0,21.0,0.0,318.0,15.0,1.0,15.0
556,18.0,20.0,24.0,18.0,15.0,15.0,351.0,18.0,12.0,18.0
557,19.0,0.0,26.0,18.0,24.0,15.0,118.0,18.0,12.0,18.0
558,19.0,18.0,26.0,1.0,24.0,18.0,268.0,19.0,13.0,19.0
559,19.0,18.0,27.0,15.0,26.0,18.0,207.0,19.0,13.0,19.0
560,20.0,19.0,27.0,15.0,26.0,18.0,298.0,19.0,13.0,0.0
561,20.0,19.0,28.0,15.0,27.0,19.0,259.0,20.0,15.0,15.0
562,21.0,6.0,24.0,18.0,27.0,19.0,311.0,20.0,15.0,18.0
563,18.0,12.0,7.0,18.0,28.0,20.0,319.0,21.0,15.0,18.0
564,21.0,7.0,0.0,19.0,28.0,0.0,327.0,21.0,18.0,18.0
565,0.0,15.0,6.0,19.0,31.0,15.0,335.0,21.0,18.0,19.0
566,4.0,13.0,18.0,19.0,31.0,18.0,332.0,24.0,1.0,11.0
567,15.0,0.0,19.0,20.0,12.0,0.0,351.0,24.0,18.0,18.0
568,18.0,15.0,19.0,20.0,11.0,15.0,306.0,26.0,18.0,12.0
569,0.0,18.0,8.0,0.0,26.0,18.0,348.0,26.0,19.0,18.0
570,8.0,18.0,0.0,18.0,27.0,18.0,364.0,27.0,19.0,19.0
571,18.0,19.0,0.0,18.0,7.0,0.0,373.0,0.0,19.0,6.0
572,18.0,19.0,8.0,12.0,0.0,15.0,381.0,0.0,20.0,18.0
573,12.0,8.0,19.0,12.0,0.0,19.0,392.0,1.0,19.0,0.0
574,13.0,18.0,20.0,7.0,0.0,19.0,313.0,1.0,19.0,1.0
575,18.0,8.0,11.0,11.0,0.0,20.0,292.0,15.0,20.0,18.0
576,19.0,7.0,19.0,15.0,18.0,20.0,295.0,15.0,21.0,18.0
577,19.0,15.0,4.0,15.0,18.0,7.0,100.0,15.0,21.0,19.0
578,19.0,15.0,18.0,15.0,18.0,12.0,206.0,18.0,19.0,19.0
579,12.0,12.0,18.0,12.0,19.0,0.0,301.0,18.0,24.0,20.0
580,19.0,11.0,19.0,15.0,19.0,4.0,311.0,18.0,13.0,20.0
581,18.0,12.0,19.0,0.0,20.0,13.0,319.0,12.0,18.0,20.0
582,20.0,6.0,19.0,13.0,20.0,13.0,327.0,18.0,21.0,21.0
583,20.0,11.0,0.0,12.0,20.0,15.0,335.0,19.0,20.0,21.0
584,20.0,8.0,0.0,15.0,21.0,15.0,332.0,19.0,24.0,24.0
585,21.0,0.0,7.0,15.0,21.0,13.0,351.0,19.0,24.0,24.0
586,21.0,7.0,15.0,6.0,24.0,15.0,359.0,20.0,20.0,11.0
587,24.0,15.0,15.0,0.0,7.0,18.0,368.0,20.0,12.0,4.0
588,7.0,18.0,18.0,15.0,6.0,18.0,378.0,21.0,0.0,19.0
589,20.0,13.0,18.0,15.0,8.0,19.0,380.0,0.0,0.0,20.0
590,21.0,18.0,19.0,18.0,15.0,19.0,395.0,15.0,6.0,13.0
591,11.0,18.0,8.0,0.0,18.0,19.0,379.0,1.0,0.0,20.0
592,19.0,1.0,8.0,18.0,0.0,20.0,411.0,15.0,12.0,4.0
593,20.0,15.0,15.0,7.0,15.0,20.0,332.0,15.0,19.0,18.0
594,21.0,15.0,6.0,18.0,18.0,21.0,255.0,18.0,8.0,4.0
595,21.0,18.0,13.0,0.0,18.0,21.0,293.0,18.0,18.0,12.0
596,7.0,18.0,11.0,6.0,8.0,7.0,335.0,13.0,18.0,15.0
597,7.0,18.0,0.0,1.0,0.0,20.0,215.0,6.0,0.0,15.0
598,11.0,19.0,18.0,0.0,7.0,20.0,287.0,15.0,7.0,6.0
599,13.0,19.0,18.0,13.0,18.0,0.0,318.0,0.0,18.0,15.0
600,4.0,15.0,0.0,13.0,18.0,18.0,341.0,15.0,0.0,13.0
601,8.0,19.0,15.0,15.0,19.0,19.0,355.0,6.0,6.0,0.0
602,13.0,20.0,15.0,11.0,19.0,19.0,366.0,8.0,15.0,0.0
603,13.0,19.0,18.0,15.0,7.0,19.0,373.0,0.0,15.0,7.0
604,15.0,20.0,11.0,15.0,18.0,15.0,346.0,4.0,18.0,15.0
605,15.0,4.0,18.0,15.0,1.0,20.0,386.0,15.0,18.0,15.0
606,15.0,0.0,13.0,18.0,12.0,20.0,395.0,13.0,19.0,15.0
607,18.0,15.0,18.0,18.0,15.0,21.0,239.0,18.0,19.0,18.0
608,4.0,15.0,18.0,18.0,15.0,21.0,379.0,12.0,1.0,18.0
609,15.0,18.0,6.0,19.0,18.0,24.0,341.0,18.0,18.0,19.0
610,15.0,7.0,15.0,19.0,18.0,24.0,311.0,18.0,18.0,11.0
611,15.0,1.0,18.0,20.0,18.0,26.0,247.0,19.0,18.0,18.0
612,18.0,13.0,18.0,20.0,19.0,26.0,319.0,4.0,19.0,19.0
613,18.0,13.0,18.0,20.0,19.0,27.0,259.0,15.0,19.0,19.0
614,18.0,13.0,19.0,12.0,20.0,27.0,173.0,18.0,20.0,19.0
615,19.0,15.0,19.0,18.0,20.0,28.0,181.0,18.0,20.0,20.0
616,12.0,15.0,4.0,20.0,18.0,28.0,246.0,19.0,20.0,20.0
617,0.0,15.0,0.0,0.0,7.0,12.0,271.0,0.0,8.0,6.0
618,13.0,18.0,18.0,7.0,19.0,0.0,286.0,18.0,20.0,19.0
619,18.0,18.0,15.0,13.0,19.0,21.0,300.0,12.0,20.0,0.0
620,19.0,18.0,18.0,18.0,20.0,24.0,233.0,18.0,20.0,0.0
621,19.0,19.0,19.0,19.0,20.0,24.0,300.0,18.0,21.0,1.0
622,19.0,19.0,19.0,19.0,21.0,26.0,307.0,19.0,21.0,6.0
623,20.0,20.0,20.0,19.0,21.0,18.0,308.0,19.0,13.0,12.0
624,0.0,20.0,20.0,20.0,24.0,26.0,321.0,15.0,21.0,13.0
625,18.0,20.0,20.0,20.0,0.0,26.0,331.0,19.0,21.0,13.0
626,18.0,21.0,13.0,21.0,4.0,27.0,339.0,0.0,24.0,13.0
627,8.0,21.0,0.0,21.0,6.0,27.0,327.0,0.0,1.0,15.0
628,18.0,18.0,7.0,24.0,15.0,28.0,352.0,4.0,20.0,15.0
629,18.0,21.0,18.0,11.0,15.0,28.0,324.0,18.0,20.0,15.0
630,19.0,21.0,13.0,21.0,0.0,0.0,361.0,18.0,21.0,18.0
631,0.0,15.0,18.0,21.0,18.0,11.0,371.0,0.0,21.0,4.0
632,18.0,1.0,19.0,11.0,18.0,8.0,380.0,15.0,24.0,15.0
633,18.0,11.0,19.0,20.0,18.0,1.0,292.0,18.0,24.0,11.0
634,0.0,18.0,19.0,18.0,0.0,18.0,239.0,0.0,26.0,15.0
635,15.0,19.0,20.0,15.0,18.0,18.0,233.0,18.0,26.0,15.0
636,18.0,19.0,20.0,4.0,18.0,19.0,288.0,0.0,27.0,7.0
637,12.0,6.0,1.0,0.0,6.0,19.0,268.0,13.0,8.0,15.0
638,0.0,18.0,18.0,0.0,13.0,19.0,331.0,13.0,13.0,0.0
639,4.0,18.0,19.0,18.0,15.0,8.0,331.0,15.0,15.0,6.0
640,18.0,1.0,19.0,18.0,4.0,8.0,292.0,13.0,21.0,0.0
641,18.0,0.0,20.0,6.0,13.0,18.0,341.0,15.0,21.0,13.0
642,19.0,13.0,20.0,15.0,12.0,11.0,351.0,18.0,24.0,15.0
643,19.0,6.0,20.0,18.0,15.0,15.0,358.0,12.0,24.0,15.0
644,20.0,13.0,21.0,6.0,15.0,18.0,368.0,6.0,26.0,15.0
645,20.0,13.0,13.0,0.0,15.0,18.0,379.0,15.0,26.0,18.0
646,20.0,0.0,21.0,15.0,18.0,19.0,312.0,15.0,19.0,18.0
647,21.0,15.0,21.0,15.0,18.0,19.0,221.0,12.0,26.0,18.0
648,21.0,15.0,24.0,4.0,18.0,15.0,351.0,15.0,13.0,19.0
649,24.0,13.0,24.0,1.0,19.0,12.0,361.0,18.0,0.0,0.0
650,7.0,15.0,26.0,12.0,19.0,19.0,372.0,0.0,0.0,18.0
651,6.0,18.0,26.0,12.0,0.0,19.0,373.0,0.0,0.0,18.0
652,19.0,18.0,27.0,13.0,19.0,1.0,286.0,18.0,19.0,18.0
653,19.0,19.0,27.0,13.0,6.0,18.0,295.0,19.0,11.0,0.0
654,7.0,19.0,8.0,13.0,18.0,18.0,241.0,19.0,18.0,15.0
655,18.0,19.0,26.0,15.0,1.0,18.0,278.0,0.0,19.0,15.0
656,19.0,20.0,12.0,15.0,4.0,19.0,306.0,18.0,8.0,18.0
657,0.0,20.0,1.0,6.0,12.0,0.0,286.0,18.0,18.0,18.0
658,15.0,11.0,20.0,13.0,13.0,15.0,339.0,0.0,6.0,18.0
659,15.0,0.0,20.0,15.0,13.0,8.0,251.0,7.0,15.0,0.0
660,15.0,15.0,20.0,15.0,13.0,15.0,318.0,0.0,13.0,13.0
661,18.0,12.0,21.0,15.0,15.0,15.0,340.0,13.0,11.0,15.0
662,0.0,8.0,21.0,18.0,15.0,15.0,348.0,13.0,15.0,15.0
663,13.0,13.0,24.0,18.0,15.0,18.0,358.0,15.0,15.0,4.0
664,15.0,15.0,24.0,18.0,18.0,18.0,367.0,15.0,8.0,13.0
665,15.0,15.0,26.0,19.0,18.0,0.0,359.0,15.0,15.0,15.0
666,15.0,15.0,18.0,19.0,18.0,15.0,381.0,18.0,15.0,4.0
667,0.0,0.0,13.0,4.0,19.0,13.0,333.0,18.0,0.0,13.0
668,19.0,12.0,0.0,18.0,4.0,15.0,388.0,4.0,7.0,13.0
669,0.0,19.0,0.0,18.0,6.0,18.0,399.0,4.0,0.0,0.0
670,6.0,19.0,1.0,7.0,0.0,4.0,400.0,6.0,12.0,19.0
671,7.0,4.0,4.0,11.0,1.0,15.0,418.0,12.0,13.0,0.0
672,8.0,0.0,19.0,4.0,0.0,15.0,358.0,0.0,20.0,0.0
673,8.0,20.0,19.0,1.0,20.0,15.0,275.0,11.0,21.0,11.0
674,8.0,21.0,20.0,0.0,7.0,7.0,278.0,6.0,6.0,13.0
675,15.0,0.0,20.0,13.0,19.0,13.0,240.0,4.0,19.0,0.0
676,15.0,13.0,7.0,15.0,6.0,7.0,313.0,0.0,20.0,18.0
677,0.0,19.0,0.0,0.0,18.0,0.0,340.0,1.0,0.0,18.0
678,21.0,19.0,8.0,20.0,11.0,27.0,366.0,15.0,8.0,19.0
679,28.0,11.0,0.0,0.0,0.0,15.0,248.0,18.0,13.0,8.0
680,7.0,19.0,4.0,0.0,0.0,0.0,358.0,18.0,13.0,18.0
681,21.0,19.0,4.0,0.0,0.0,0.0,366.0,18.0,24.0,0.0
682,26.0,6.0,0.0,8.0,0.0,0.0,295.0,11.0,12.0,8.0
683,24.0,0.0,19.0,20.0,0.0,0.0,367.0,18.0,21.0,8.0
684,13.0,4.0,0.0,20.0,0.0,18.0,367.0,13.0,12.0,6.0
685,24.0,0.0,18.0,21.0,0.0,0.0,348.0,18.0,21.0,18.0
686,26.0,11.0,11.0,21.0,0.0,11.0,386.0,19.0,21.0,15.0
687,0.0,8.0,0.0,0.0,0.0,20.0,364.0,0.0,24.0,0.0
688,28.0,18.0,18.0,15.0,7.0,0.0,392.0,11.0,0.0,15.0
689,0.0,6.0,20.0,0.0,0.0,6.0,407.0,0.0,26.0,11.0
690,39.0,15.0,11.0,13.0,12.0,13.0,364.0,11.0,15.0,11.0
691,0.0,0.0,0.0,18.0,24.0,0.0,418.0,4.0,0.0,24.0
692,0.0,19.0,0.0,31.0,8.0,0.0,353.0,0.0,7.0,0.0
693,0.0,19.0,0.0,0.0,12.0,0.0,298.0,0.0,0.0,26.0
694,13.0,13.0,0.0,12.0,0.0,0.0,361.0,13.0,18.0,0.0
695,15.0,21.0,15.0,15.0,41.0,18.0,293.0,15.0,0.0,35.0
696,45.0,43.0,43.0,44.0,51.0,49.0,375.0,43.0,58.0,54.0
697,4.0,4.0,1.0,1.0,18.0,1.0,391.0,1.0,8.0,11.0
698,0.0,0.0,0.0,0.0,0.0,0.0,408.0,0.0,0.0,0.0
699,0.0,0.0,0.0,20.0,0.0,20.0,80.0,86.0,0.0,0.0
700,0.0,18.0,21.0,72.0,0.0,73.0,21.0,87.0,0.0,0.0
701,0.0,60.0,60.0,75.0,0.0,75.0,0.0,91.0,0.0,0.0
702,0.0,1.0,61.0,53.0,7.0,78.0,0.0,92.0,0.0,0.0
703,0.0,0.0,51.0,46.0,40.0,47.0,6.0,95.0,0.0,41.0
704,0.0,40.0,64.0,71.0,0.0,73.0,28.0,98.0,0.0,40.0
705,28.0,41.0,66.0,72.0,20.0,0.0,95.0,71.0,0.0,44.0
706,28.0,44.0,67.0,73.0,19.0,15.0,127.0,95.0,0.0,46.0
707,31.0,46.0,0.0,35.0,15.0,33.0,131.0,99.0,0.0,47.0
708,27.0,47.0,0.0,68.0,27.0,51.0,100.0,18.0,0.0,48.0
709,31.0,47.0,0.0,71.0,28.0,52.0,118.0,33.0,15.0,44.0
710,20.0,48.0,35.0,32.0,28.0,28.0,131.0,18.0,18.0,51.0
711,31.0,51.0,39.0,66.0,6.0,1.0,133.0,66.0,18.0,13.0
712,0.0,52.0,39.0,66.0,26.0,28.0,138.0,41.0,18.0,44.0
713,26.0,35.0,33.0,26.0,27.0,39.0,140.0,12.0,19.0,46.0
714,11.0,47.0,32.0,35.0,0.0,40.0,146.0,53.0,19.0,47.0
715,24.0,0.0,19.0,0.0,0.0,41.0,148.0,55.0,18.0,48.0
716,11.0,41.0,35.0,0.0,13.0,41.0,135.0,58.0,13.0,51.0
717,11.0,44.0,21.0,39.0,19.0,44.0,152.0,59.0,19.0,52.0
718,20.0,46.0,0.0,28.0,19.0,46.0,138.0,60.0,20.0,46.0
719,20.0,46.0,28.0,19.0,19.0,47.0,111.0,21.0,18.0,52.0
720,21.0,47.0,28.0,8.0,20.0,48.0,151.0,47.0,20.0,53.0
721,11.0,48.0,12.0,21.0,20.0,28.0,153.0,55.0,13.0,55.0
722,11.0,51.0,26.0,31.0,21.0,11.0,135.0,8.0,20.0,58.0
723,19.0,39.0,27.0,31.0,21.0,40.0,158.0,47.0,20.0,59.0
724,20.0,51.0,28.0,32.0,24.0,7.0,161.0,48.0,21.0,60.0
725,20.0,52.0,8.0,32.0,24.0,15.0,166.0,21.0,21.0,61.0
726,20.0,51.0,26.0,33.0,26.0,32.0,171.0,46.0,24.0,64.0
727,21.0,53.0,20.0,35.0,12.0,0.0,175.0,47.0,24.0,66.0
728,21.0,0.0,24.0,35.0,24.0,12.0,179.0,48.0,26.0,67.0
729,24.0,46.0,27.0,28.0,24.0,15.0,184.0,4.0,26.0,68.0
730,24.0,47.0,27.0,26.0,26.0,19.0,188.0,40.0,27.0,0.0
731,26.0,48.0,28.0,35.0,26.0,24.0,178.0,41.0,27.0,52.0
732,26.0,51.0,0.0,21.0,27.0,24.0,195.0,44.0,28.0,58.0
733,8.0,47.0,15.0,8.0,27.0,13.0,200.0,46.0,28.0,41.0
734,18.0,52.0,21.0,31.0,28.0,12.0,206.0,15.0,19.0,58.0
735,8.0,4.0,0.0,31.0,13.0,21.0,211.0,39.0,19.0,4.0
736,0.0,40.0,0.0,12.0,27.0,15.0,215.0,41.0,24.0,46.0
737,13.0,44.0,4.0,26.0,27.0,21.0,221.0,44.0,27.0,28.0
738,15.0,46.0,0.0,18.0,1.0,21.0,195.0,44.0,13.0,46.0
739,15.0,47.0,0.0,27.0,18.0,12.0,191.0,7.0,1.0,39.0
740,18.0,48.0,13.0,28.0,24.0,21.0,179.0,15.0,21.0,47.0
741,18.0,19.0,13.0,28.0,24.0,21.0,207.0,7.0,21.0,39.0
742,19.0,0.0,7.0,28.0,26.0,24.0,168.0,28.0,24.0,8.0
743,19.0,27.0,13.0,31.0,26.0,24.0,218.0,0.0,24.0,40.0
744,19.0,35.0,6.0,32.0,27.0,26.0,132.0,26.0,26.0,41.0
745,20.0,28.0,12.0,32.0,27.0,26.0,151.0,26.0,26.0,41.0
746,20.0,35.0,13.0,33.0,20.0,27.0,200.0,24.0,27.0,44.0
747,0.0,38.0,13.0,35.0,27.0,27.0,178.0,27.0,27.0,46.0
748,18.0,39.0,13.0,35.0,27.0,21.0,206.0,26.0,28.0,41.0
749,19.0,27.0,15.0,31.0,28.0,27.0,211.0,28.0,28.0,46.0
750,0.0,38.0,15.0,12.0,27.0,28.0,215.0,28.0,31.0,27.0
751,4.0,39.0,15.0,32.0,31.0,28.0,221.0,15.0,31.0,46.0
752,13.0,40.0,18.0,33.0,31.0,11.0,227.0,27.0,32.0,41.0
753,15.0,40.0,1.0,21.0,32.0,12.0,233.0,28.0,20.0,47.0
754,15.0,8.0,13.0,32.0,33.0,18.0,226.0,28.0,31.0,48.0
755,15.0,26.0,15.0,33.0,8.0,8.0,241.0,11.0,21.0,11.0
756,7.0,11.0,15.0,28.0,31.0,20.0,244.0,27.0,31.0,11.0
757,4.0,19.0,15.0,33.0,31.0,21.0,253.0,27.0,21.0,38.0
758,13.0,11.0,18.0,35.0,15.0,0.0,260.0,28.0,31.0,11.0
759,6.0,26.0,18.0,20.0,0.0,1.0,267.0,19.0,15.0,12.0
760,12.0,18.0,13.0,21.0,0.0,15.0,273.0,24.0,28.0,20.0
761,0.0,20.0,4.0,32.0,11.0,15.0,261.0,6.0,31.0,28.0
762,13.0,11.0,15.0,33.0,19.0,18.0,168.0,18.0,31.0,28.0
763,13.0,21.0,15.0,20.0,19.0,18.0,266.0,24.0,32.0,7.0
764,13.0,24.0,15.0,32.0,13.0,19.0,206.0,4.0,32.0,20.0
765,15.0,0.0,0.0,33.0,19.0,19.0,240.0,20.0,33.0,7.0
766,15.0,20.0,13.0,33.0,20.0,19.0,266.0,0.0,35.0,21.0
767,15.0,15.0,15.0,35.0,20.0,0.0,272.0,6.0,21.0,13.0
768,18.0,20.0,4.0,28.0,20.0,18.0,280.0,15.0,33.0,21.0
769,18.0,20.0,13.0,31.0,21.0,18.0,271.0,15.0,0.0,21.0
770,0.0,13.0,0.0,35.0,21.0,18.0,291.0,18.0,0.0,18.0
771,18.0,20.0,18.0,38.0,24.0,19.0,299.0,18.0,24.0,21.0
772,18.0,11.0,4.0,13.0,24.0,19.0,298.0,4.0,26.0,24.0
773,0.0,19.0,0.0,19.0,20.0,20.0,306.0,0.0,26.0,0.0
774,19.0,0.0,12.0,32.0,19.0,20.0,319.0,19.0,27.0,0.0
775,20.0,7.0,0.0,32.0,24.0,7.0,280.0,13.0,27.0,0.0
776,18.0,0.0,0.0,0.0,26.0,8.0,326.0,19.0,13.0,15.0
777,20.0,18.0,0.0,27.0,7.0,12.0,291.0,20.0,26.0,15.0
778,8.0,0.0,15.0,28.0,21.0,0.0,332.0,1.0,27.0,12.0
779,7.0,1.0,15.0,20.0,24.0,0.0,332.0,6.0,0.0,15.0
780,0.0,7.0,7.0,28.0,0.0,0.0,347.0,15.0,4.0,18.0
781,18.0,15.0,18.0,28.0,20.0,15.0,184.0,15.0,19.0,18.0
782,18.0,15.0,18.0,31.0,20.0,18.0,101.0,18.0,20.0,19.0
783,18.0,18.0,18.0,31.0,13.0,18.0,286.0,15.0,20.0,19.0
784,0.0,18.0,1.0,24.0,20.0,0.0,206.0,18.0,21.0,1.0
785,0.0,18.0,15.0,12.0,20.0,15.0,187.0,19.0,21.0,1.0
786,12.0,19.0,15.0,26.0,21.0,15.0,255.0,19.0,24.0,13.0
787,13.0,18.0,18.0,28.0,21.0,15.0,147.0,19.0,24.0,13.0
788,13.0,19.0,18.0,28.0,24.0,18.0,252.0,20.0,26.0,15.0
789,13.0,20.0,18.0,31.0,24.0,18.0,208.0,20.0,26.0,15.0
790,15.0,18.0,11.0,31.0,26.0,0.0,253.0,21.0,24.0,15.0
791,15.0,20.0,18.0,32.0,26.0,13.0,260.0,21.0,27.0,18.0
792,15.0,15.0,18.0,28.0,27.0,13.0,267.0,24.0,27.0,18.0
793,4.0,20.0,19.0,33.0,27.0,13.0,273.0,24.0,0.0,18.0
794,13.0,21.0,7.0,33.0,28.0,15.0,280.0,26.0,24.0,19.0
795,15.0,21.0,18.0,35.0,28.0,15.0,288.0,26.0,0.0,19.0
796,13.0,0.0,7.0,38.0,7.0,15.0,292.0,27.0,20.0,20.0
797,15.0,15.0,15.0,38.0,26.0,18.0,301.0,0.0,20.0,1.0
798,15.0,19.0,18.0,39.0,27.0,18.0,311.0,18.0,6.0,18.0
799,18.0,19.0,18.0,40.0,27.0,18.0,172.0,21.0,19.0,18.0
800,13.0,20.0,18.0,40.0,28.0,19.0,293.0,21.0,19.0,19.0
801,1.0,20.0,19.0,41.0,19.0,7.0,301.0,24.0,20.0,19.0
802,12.0,4.0,0.0,26.0,24.0,0.0,215.0,13.0,0.0,20.0
803,13.0,19.0,13.0,40.0,21.0,18.0,298.0,6.0,18.0,19.0
804,15.0,19.0,18.0,41.0,27.0,18.0,133.0,20.0,18.0,20.0
805,15.0,20.0,4.0,27.0,28.0,1.0,259.0,0.0,18.0,0.0
806,15.0,20.0,15.0,21.0,28.0,15.0,279.0,18.0,15.0,18.0
807,18.0,15.0,15.0,21.0,0.0,15.0,153.0,18.0,19.0,19.0
808,18.0,20.0,6.0,35.0,26.0,18.0,264.0,19.0,19.0,4.0
809,6.0,21.0,4.0,38.0,26.0,18.0,271.0,19.0,15.0,18.0
810,0.0,21.0,12.0,39.0,27.0,18.0,278.0,19.0,1.0,18.0
811,13.0,24.0,4.0,39.0,4.0,19.0,284.0,20.0,18.0,18.0
812,13.0,24.0,12.0,40.0,24.0,19.0,233.0,20.0,18.0,19.0
813,13.0,26.0,12.0,41.0,24.0,20.0,253.0,21.0,18.0,13.0
814,15.0,26.0,12.0,44.0,26.0,20.0,280.0,11.0,19.0,4.0
815,15.0,12.0,13.0,44.0,11.0,20.0,292.0,20.0,19.0,15.0
816,15.0,24.0,12.0,46.0,24.0,21.0,300.0,20.0,20.0,18.0
817,18.0,26.0,8.0,20.0,24.0,6.0,307.0,21.0,20.0,18.0
818,18.0,26.0,13.0,0.0,26.0,19.0,315.0,21.0,20.0,18.0
819,11.0,4.0,11.0,33.0,26.0,13.0,272.0,24.0,21.0,15.0
820,18.0,1.0,0.0,24.0,27.0,19.0,320.0,24.0,21.0,18.0
821,8.0,19.0,6.0,33.0,27.0,20.0,328.0,26.0,24.0,13.0
822,1.0,19.0,8.0,35.0,28.0,11.0,231.0,6.0,24.0,0.0
823,13.0,20.0,15.0,35.0,28.0,19.0,321.0,18.0,26.0,6.0
824,13.0,20.0,15.0,15.0,12.0,0.0,160.0,21.0,26.0,15.0
825,15.0,21.0,15.0,33.0,27.0,0.0,220.0,7.0,27.0,15.0
826,15.0,21.0,18.0,33.0,28.0,13.0,291.0,20.0,27.0,18.0
827,15.0,24.0,0.0,20.0,28.0,1.0,151.0,20.0,28.0,18.0
828,18.0,24.0,13.0,33.0,31.0,7.0,273.0,21.0,20.0,18.0
829,1.0,26.0,6.0,33.0,26.0,12.0,280.0,12.0,28.0,0.0
830,0.0,21.0,0.0,28.0,8.0,12.0,287.0,11.0,28.0,0.0
831,18.0,26.0,18.0,35.0,27.0,12.0,295.0,19.0,31.0,18.0
832,12.0,20.0,1.0,13.0,27.0,13.0,291.0,20.0,31.0,18.0
833,0.0,26.0,4.0,7.0,28.0,13.0,307.0,20.0,32.0,19.0
834,15.0,27.0,13.0,27.0,28.0,13.0,315.0,7.0,33.0,19.0
835,15.0,0.0,13.0,28.0,13.0,15.0,324.0,18.0,0.0,19.0
836,15.0,0.0,13.0,28.0,27.0,15.0,332.0,19.0,1.0,20.0
837,18.0,7.0,15.0,31.0,12.0,15.0,340.0,20.0,4.0,20.0
838,18.0,11.0,15.0,31.0,15.0,18.0,348.0,20.0,20.0,0.0
839,0.0,11.0,15.0,21.0,24.0,6.0,359.0,21.0,20.0,7.0
840,0.0,1.0,18.0,31.0,26.0,15.0,339.0,21.0,21.0,0.0
841,18.0,8.0,4.0,32.0,26.0,15.0,371.0,8.0,21.0,12.0
842,18.0,12.0,15.0,32.0,27.0,18.0,184.0,20.0,24.0,18.0
843,19.0,13.0,15.0,33.0,13.0,1.0,346.0,21.0,24.0,19.0
844,19.0,13.0,15.0,21.0,26.0,7.0,186.0,21.0,1.0,19.0
845,13.0,13.0,18.0,27.0,19.0,13.0,195.0,24.0,20.0,19.0
846,19.0,15.0,18.0,32.0,26.0,13.0,241.0,24.0,20.0,20.0
847,8.0,15.0,0.0,33.0,12.0,13.0,193.0,20.0,21.0,1.0
848,18.0,15.0,0.0,35.0,24.0,15.0,271.0,24.0,21.0,18.0
849,19.0,18.0,13.0,35.0,26.0,15.0,161.0,19.0,24.0,19.0
850,0.0,18.0,6.0,18.0,26.0,11.0,232.0,24.0,20.0,19.0
851,15.0,0.0,13.0,33.0,27.0,15.0,238.0,26.0,24.0,19.0
852,4.0,4.0,13.0,35.0,27.0,15.0,267.0,26.0,26.0,20.0
853,13.0,13.0,13.0,35.0,6.0,18.0,273.0,24.0,20.0,20.0
854,13.0,13.0,15.0,38.0,24.0,18.0,280.0,27.0,26.0,21.0
855,15.0,15.0,15.0,39.0,26.0,18.0,279.0,27.0,27.0,21.0
856,15.0,15.0,15.0,35.0,26.0,19.0,293.0,28.0,27.0,24.0
857,15.0,15.0,18.0,40.0,27.0,19.0,300.0,28.0,28.0,24.0
858,18.0,18.0,18.0,19.0,27.0,1.0,238.0,31.0,28.0,26.0
859,18.0,18.0,18.0,38.0,28.0,0.0,300.0,31.0,31.0,26.0
860,18.0,18.0,1.0,39.0,28.0,15.0,308.0,32.0,1.0,27.0
861,0.0,19.0,15.0,40.0,31.0,15.0,301.0,33.0,26.0,27.0
862,1.0,6.0,15.0,8.0,11.0,13.0,321.0,15.0,27.0,28.0
863,15.0,0.0,18.0,35.0,27.0,18.0,331.0,20.0,27.0,28.0
864,18.0,13.0,18.0,38.0,28.0,18.0,126.0,31.0,28.0,6.0
865,18.0,13.0,18.0,28.0,1.0,18.0,207.0,31.0,28.0,0.0
866,18.0,8.0,0.0,38.0,24.0,15.0,287.0,32.0,19.0,6.0
867,19.0,8.0,0.0,38.0,26.0,0.0,192.0,32.0,0.0,0.0
868,19.0,13.0,8.0,39.0,26.0,8.0,252.0,33.0,24.0,8.0
869,20.0,13.0,0.0,8.0,27.0,12.0,275.0,35.0,0.0,0.0
870,0.0,13.0,0.0,0.0,27.0,13.0,273.0,21.0,0.0,12.0
871,11.0,15.0,7.0,0.0,28.0,18.0,291.0,33.0,6.0,18.0
872,12.0,15.0,0.0,1.0,28.0,19.0,252.0,35.0,0.0,18.0
873,12.0,15.0,15.0,6.0,31.0,19.0,295.0,35.0,8.0,1.0
874,18.0,13.0,15.0,18.0,1.0,19.0,304.0,38.0,4.0,15.0
875,18.0,18.0,11.0,18.0,26.0,15.0,201.0,8.0,13.0,15.0
876,19.0,18.0,15.0,19.0,27.0,20.0,295.0,11.0,13.0,18.0
877,19.0,18.0,15.0,19.0,27.0,20.0,212.0,6.0,13.0,18.0
878,0.0,19.0,18.0,18.0,28.0,20.0,246.0,4.0,7.0,18.0
879,11.0,19.0,6.0,20.0,28.0,21.0,288.0,12.0,13.0,19.0
880,15.0,20.0,15.0,20.0,31.0,21.0,273.0,19.0,13.0,19.0
881,15.0,20.0,15.0,21.0,31.0,24.0,299.0,20.0,15.0,19.0
882,18.0,20.0,18.0,21.0,32.0,0.0,227.0,20.0,15.0,20.0
883,18.0,21.0,18.0,24.0,33.0,20.0,295.0,21.0,15.0,20.0
884,18.0,21.0,0.0,20.0,27.0,0.0,241.0,0.0,18.0,21.0
885,0.0,24.0,15.0,24.0,21.0,0.0,299.0,19.0,1.0,0.0
886,0.0,0.0,18.0,26.0,28.0,18.0,306.0,19.0,13.0,18.0
887,0.0,0.0,0.0,0.0,31.0,18.0,260.0,0.0,15.0,0.0
888,24.0,12.0,7.0,24.0,33.0,18.0,311.0,24.0,15.0,24.0
889,0.0,18.0,0.0,13.0,0.0,13.0,319.0,26.0,15.0,1.0
890,0.0,8.0,0.0,24.0,0.0,0.0,308.0,7.0,0.0,0.0
891,26.0,19.0,8.0,24.0,7.0,26.0,331.0,21.0,12.0,26.0
892,27.0,21.0,7.0,26.0,21.0,20.0,233.0,12.0,0.0,21.0
893,13.0,0.0,0.0,26.0,27.0,21.0,324.0,13.0,0.0,6.0
894,26.0,18.0,4.0,27.0,0.0,26.0,332.0,15.0,0.0,11.0
895,12.0,19.0,15.0,1.0,0.0,24.0,268.0,20.0,0.0,0.0
896,24.0,1.0,0.0,21.0,13.0,27.0,333.0,20.0,0.0,6.0
897,13.0,15.0,15.0,24.0,19.0,0.0,181.0,21.0,4.0,19.0
898,24.0,18.0,15.0,24.0,19.0,15.0,173.0,21.0,0.0,19.0
899,18.0,18.0,18.0,26.0,19.0,21.0,292.0,24.0,13.0,4.0
900,24.0,18.0,18.0,26.0,8.0,21.0,238.0,24.0,0.0,18.0
901,11.0,19.0,18.0,27.0,19.0,24.0,293.0,6.0,12.0,8.0
902,12.0,13.0,19.0,0.0,13.0,24.0,300.0,21.0,13.0,15.0
903,20.0,4.0,0.0,0.0,19.0,26.0,308.0,21.0,8.0,8.0
904,1.0,11.0,0.0,19.0,11.0,26.0,271.0,1.0,13.0,7.0
905,18.0,15.0,0.0,6.0,18.0,27.0,304.0,8.0,4.0,13.0
906,19.0,15.0,13.0,12.0,15.0,0.0,320.0,18.0,12.0,7.0
907,19.0,18.0,13.0,18.0,19.0,4.0,140.0,19.0,12.0,13.0
908,12.0,18.0,13.0,7.0,19.0,19.0,295.0,19.0,13.0,13.0
909,19.0,15.0,15.0,15.0,6.0,20.0,279.0,19.0,11.0,13.0
910,19.0,19.0,15.0,1.0,18.0,20.0,228.0,20.0,13.0,13.0
911,20.0,19.0,13.0,13.0,18.0,21.0,295.0,20.0,13.0,15.0
912,20.0,15.0,15.0,13.0,0.0,21.0,304.0,7.0,13.0,15.0
913,21.0,1.0,18.0,15.0,4.0,24.0,312.0,19.0,15.0,15.0
914,20.0,15.0,12.0,15.0,13.0,24.0,320.0,20.0,15.0,18.0
915,19.0,18.0,1.0,11.0,6.0,26.0,278.0,20.0,15.0,0.0
916,13.0,18.0,13.0,13.0,12.0,26.0,326.0,20.0,18.0,6.0
917,20.0,18.0,13.0,15.0,8.0,27.0,195.0,21.0,0.0,8.0
918,21.0,19.0,15.0,15.0,8.0,24.0,228.0,21.0,0.0,13.0
919,21.0,7.0,15.0,18.0,12.0,27.0,300.0,24.0,12.0,13.0
920,4.0,4.0,15.0,0.0,12.0,28.0,308.0,24.0,6.0,11.0
921,13.0,15.0,18.0,0.0,13.0,13.0,318.0,26.0,12.0,13.0
922,19.0,15.0,0.0,13.0,13.0,27.0,326.0,18.0,13.0,15.0
923,19.0,4.0,0.0,13.0,13.0,27.0,333.0,1.0,13.0,15.0
924,11.0,13.0,0.0,15.0,13.0,28.0,300.0,0.0,1.0,0.0
925,1.0,0.0,0.0,15.0,15.0,28.0,292.0,18.0,12.0,18.0
926,15.0,4.0,18.0,0.0,15.0,31.0,273.0,11.0,12.0,18.0
927,15.0,1.0,18.0,0.0,15.0,7.0,171.0,18.0,13.0,18.0
928,18.0,13.0,19.0,11.0,6.0,1.0,306.0,18.0,13.0,1.0
929,18.0,13.0,19.0,8.0,15.0,8.0,271.0,18.0,13.0,15.0
930,19.0,13.0,12.0,13.0,15.0,20.0,128.0,19.0,15.0,15.0
931,19.0,15.0,19.0,13.0,15.0,20.0,155.0,19.0,15.0,18.0
932,19.0,15.0,18.0,12.0,18.0,21.0,259.0,20.0,15.0,18.0
933,6.0,15.0,19.0,13.0,18.0,21.0,211.0,20.0,18.0,18.0
934,18.0,18.0,20.0,15.0,18.0,24.0,260.0,20.0,18.0,19.0
935,1.0,18.0,20.0,15.0,19.0,24.0,267.0,21.0,7.0,19.0
936,15.0,18.0,0.0,15.0,19.0,6.0,273.0,18.0,15.0,20.0
937,15.0,19.0,0.0,0.0,20.0,11.0,271.0,21.0,0.0,0.0
938,18.0,19.0,1.0,1.0,20.0,19.0,286.0,4.0,6.0,18.0
939,18.0,20.0,4.0,6.0,20.0,20.0,293.0,19.0,18.0,18.0
940,18.0,0.0,15.0,11.0,21.0,15.0,300.0,8.0,0.0,19.0
941,19.0,4.0,15.0,15.0,21.0,20.0,308.0,19.0,1.0,19.0
942,13.0,15.0,15.0,15.0,24.0,20.0,318.0,19.0,15.0,1.0
943,11.0,15.0,18.0,8.0,24.0,21.0,306.0,19.0,15.0,0.0
944,7.0,18.0,18.0,12.0,26.0,4.0,328.0,6.0,18.0,13.0
945,11.0,4.0,0.0,15.0,11.0,19.0,318.0,13.0,18.0,4.0
946,12.0,0.0,0.0,15.0,1.0,20.0,341.0,18.0,18.0,0.0
947,0.0,15.0,15.0,15.0,7.0,20.0,228.0,18.0,0.0,15.0
948,1.0,18.0,12.0,7.0,18.0,20.0,332.0,1.0,0.0,1.0
949,15.0,18.0,0.0,6.0,18.0,21.0,306.0,15.0,0.0,4.0
950,15.0,6.0,0.0,0.0,13.0,12.0,192.0,15.0,0.0,12.0
951,13.0,15.0,7.0,1.0,19.0,0.0,299.0,18.0,15.0,12.0
952,18.0,0.0,15.0,15.0,0.0,0.0,321.0,12.0,15.0,13.0
953,18.0,4.0,18.0,18.0,4.0,1.0,247.0,18.0,18.0,13.0
954,18.0,12.0,12.0,18.0,0.0,15.0,320.0,15.0,15.0,13.0
955,6.0,15.0,18.0,18.0,7.0,18.0,328.0,18.0,18.0,15.0
956,15.0,15.0,6.0,19.0,13.0,18.0,248.0,19.0,0.0,15.0
957,18.0,18.0,15.0,19.0,13.0,19.0,208.0,19.0,15.0,15.0
958,18.0,18.0,15.0,20.0,0.0,1.0,292.0,19.0,15.0,15.0
959,19.0,19.0,18.0,20.0,6.0,15.0,307.0,0.0,15.0,18.0
960,19.0,19.0,18.0,20.0,13.0,15.0,288.0,18.0,6.0,0.0
961,19.0,12.0,18.0,11.0,13.0,18.0,320.0,18.0,15.0,13.0
962,20.0,19.0,1.0,20.0,15.0,18.0,328.0,18.0,15.0,13.0
963,20.0,18.0,0.0,20.0,15.0,19.0,338.0,11.0,15.0,15.0
964,21.0,0.0,13.0,21.0,15.0,19.0,346.0,6.0,18.0,8.0
965,11.0,15.0,15.0,7.0,18.0,0.0,355.0,7.0,0.0,13.0
966,0.0,18.0,15.0,11.0,1.0,15.0,364.0,13.0,6.0,15.0
967,18.0,11.0,15.0,19.0,6.0,15.0,259.0,0.0,0.0,15.0
968,0.0,0.0,6.0,19.0,13.0,7.0,346.0,15.0,4.0,15.0
969,0.0,6.0,7.0,0.0,13.0,1.0,364.0,8.0,12.0,15.0
970,0.0,15.0,13.0,8.0,13.0,12.0,207.0,15.0,15.0,4.0
971,1.0,18.0,0.0,15.0,4.0,13.0,346.0,0.0,0.0,13.0
972,0.0,1.0,4.0,15.0,12.0,13.0,355.0,18.0,11.0,15.0
973,13.0,13.0,18.0,18.0,12.0,0.0,213.0,18.0,0.0,15.0
974,13.0,15.0,18.0,18.0,13.0,15.0,340.0,0.0,13.0,0.0
975,13.0,15.0,19.0,0.0,13.0,15.0,319.0,4.0,15.0,6.0
976,13.0,6.0,19.0,0.0,13.0,15.0,255.0,1.0,15.0,4.0
977,15.0,13.0,19.0,0.0,15.0,8.0,324.0,1.0,0.0,0.0
978,13.0,15.0,0.0,15.0,15.0,0.0,268.0,11.0,0.0,15.0
979,15.0,15.0,7.0,15.0,15.0,8.0,218.0,12.0,15.0,15.0
980,18.0,15.0,1.0,4.0,18.0,15.0,213.0,12.0,18.0,18.0
981,18.0,18.0,4.0,13.0,18.0,18.0,238.0,12.0,18.0,18.0
982,18.0,18.0,12.0,15.0,19.0,18.0,198.0,13.0,19.0,19.0
983,19.0,18.0,12.0,15.0,19.0,18.0,281.0,13.0,19.0,1.0
984,19.0,19.0,12.0,15.0,19.0,19.0,288.0,13.0,19.0,15.0
985,18.0,19.0,13.0,18.0,0.0,19.0,293.0,15.0,20.0,15.0
986,20.0,0.0,13.0,18.0,12.0,20.0,304.0,15.0,20.0,18.0
987,8.0,0.0,13.0,18.0,15.0,1.0,312.0,15.0,0.0,18.0
988,19.0,13.0,15.0,19.0,0.0,11.0,320.0,18.0,0.0,19.0
989,1.0,15.0,15.0,0.0,8.0,18.0,328.0,18.0,15.0,18.0
990,0.0,4.0,1.0,0.0,7.0,15.0,311.0,12.0,0.0,0.0
991,19.0,13.0,0.0,1.0,0.0,18.0,339.0,18.0,13.0,0.0
992,19.0,13.0,18.0,19.0,18.0,19.0,347.0,0.0,19.0,0.0
993,15.0,12.0,6.0,19.0,18.0,12.0,259.0,4.0,11.0,0.0
994,19.0,13.0,0.0,20.0,12.0,4.0,344.0,15.0,19.0,7.0
995,8.0,0.0,1.0,20.0,18.0,15.0,338.0,15.0,18.0,15.0
996,19.0,13.0,0.0,18.0,4.0,0.0,293.0,4.0,19.0,12.0
997,7.0,12.0,15.0,20.0,15.0,1.0,353.0,13.0,13.0,15.0
998,0.0,0.0,15.0,0.0,15.0,0.0,320.0,15.0,19.0,15.0
999,8.0,19.0,11.0,6.0,0.0,19.0,298.0,7.0,19.0,0.0
1000,12.0,19.0,0.0,0.0,15.0,1.0,324.0,13.0,20.0,6.0
