1,0.0,11669.120548075263,5326.2135169430585,0.0,0.0,0.0,0.0,0.0
2,0.0,10939.508022318894,5536.719669498582,0.0,0.0,0.0,0.0,0.0
3,0.0,10110.975380033033,5499.7566767421395,0.0,0.0,0.0,0.0,0.0
4,0.0,9327.4789762527,5527.451928402722,0.0,0.0,0.0,0.0,0.0
5,0.0,8841.896810305598,5390.428511709581,0.0,0.0,0.0,0.0,0.0
6,0.0,8523.181549607827,5280.600780579372,0.0,0.0,0.0,0.0,0.0
7,0.0,8078.6601871132625,5322.309100659045,0.0,0.0,0.0,0.0,0.0
8,0.0,7751.329750258571,5270.4833145666635,0.0,0.0,0.0,0.0,0.0
9,0.0,7641.239806285863,5211.970755430671,0.0,0.0,0.0,0.0,0.0
10,0.0,7626.713982624411,5172.3768327389835,0.0,0.0,0.0,0.0,0.0
11,0.0,7657.50847318822,5099.48451111569,0.0,0.0,0.0,0.0,0.0
12,0.0,7680.629691829859,5068.058144428359,0.0,0.0,0.0,0.0,0.0
13,0.0,7709.216322468329,4990.910735390309,0.0,0.0,0.0,0.0,0.0
14,0.0,7926.935867793231,4924.957613887246,0.0,0.0,0.0,0.0,0.0
15,0.0,8010.857573743509,4900.802406143914,0.0,0.0,0.0,0.0,0.0
16,0.0,8165.866315005665,4828.865255736757,0.0,0.0,0.0,0.0,0.0
17,0.0,8426.45924231687,4783.337898479268,0.0,0.0,0.0,0.0,0.0
18,0.0,8592.627106156107,4787.816255427149,0.0,0.0,0.0,0.0,0.0
19,0.0,8758.064300859025,4747.029889977613,0.0,0.0,0.0,0.0,0.0
20,0.0,8987.31045854148,4733.031650882182,0.0,0.0,0.0,0.0,0.0
21,0.0,9171.932301464813,4689.7730397902,0.0,0.0,0.0,0.0,0.0
22,0.0,9284.751470276555,4702.811369499593,0.0,0.0,0.0,0.0,0.0
23,0.0,9511.487484513458,4646.547097335086,0.0,0.0,0.0,0.0,0.0
24,0.0,9780.580845591925,4676.247407354611,0.0,0.0,0.0,0.0,0.0
25,0.0,9985.11422992952,4643.282993838984,0.0,0.0,0.0,0.0,0.0
26,0.0,10253.456831014284,4624.404085383309,0.0,0.0,0.0,0.0,0.0
27,0.0,10486.991982745982,4622.529561770993,0.0,0.0,0.0,0.0,0.0
28,0.0,10704.569432823602,4609.553080106999,0.0,0.0,0.0,0.0,0.0
29,0.0,11124.729304132212,4551.6848080118825,0.0,0.0,0.0,0.0,0.0
30,0.0,11379.092917158834,4591.02381606542,0.0,0.0,0.0,0.0,0.0
31,0.0,11548.615046534671,4571.599260978899,0.0,0.0,0.0,0.0,0.0
32,0.0,11856.271500180897,4548.143068795251,0.0,0.0,0.0,0.0,0.0
33,0.0,12018.359625189292,4537.278751855999,0.0,0.0,0.0,0.0,0.0
34,0.0,12195.493877228211,4516.689182842035,0.0,0.0,0.0,0.0,0.0
35,0.0,12470.969649091248,4490.828276398978,0.0,0.0,0.0,0.0,0.0
36,0.0,12629.019023468947,4495.35346935061,0.0,0.0,0.0,0.0,0.0
37,0.0,12742.11205255337,4449.819051635333,0.0,0.0,0.0,0.0,0.0
38,0.0,12966.332078632124,4413.842902490254,0.0,0.0,0.0,0.0,0.0
39,0.0,13057.802013170232,4455.310296946823,0.0,0.0,0.0,0.0,0.0
40,0.0,13141.33737398937,4386.064805793692,0.0,0.0,0.0,0.0,0.0
41,0.0,13164.552112108866,4374.951259547977,0.0,0.0,0.0,0.0,0.0
42,0.0,13321.289107647166,4326.211067534856,0.0,0.0,0.0,0.0,0.0
43,0.0,13375.435631085487,4341.048412753561,0.0,0.0,0.0,0.0,0.0
44,0.0,13595.500423962714,4305.72678599743,0.0,0.0,0.0,0.0,0.0
45,0.0,13633.719502645288,4367.418972785667,0.0,0.0,0.0,0.0,0.0
46,0.0,13663.478629794805,4319.1444679563,0.0,0.0,0.0,0.0,0.0
47,0.0,13840.20210492163,4279.907029611326,0.0,0.0,0.0,0.0,0.0
48,0.0,13902.103929708283,4285.655767505218,0.0,0.0,0.0,0.0,0.0
49,0.0,13873.831731705415,4302.452059779578,0.0,0.0,0.0,0.0,0.0
50,0.0,13928.576275277865,4252.218876296533,0.0,0.0,0.0,0.0,0.0
51,0.0,13903.011692431015,4303.392780085439,0.0,0.0,0.0,0.0,0.0
52,0.0,13821.776451009386,4293.762192324285,0.0,0.0,0.0,0.0,0.0
53,0.0,13854.706728653113,4276.707001566698,0.0,0.0,0.0,0.0,0.0
54,0.0,13980.394501949337,4232.305134987712,0.0,0.0,0.0,0.0,0.0
55,0.0,13988.401606523577,4278.838774176244,0.0,0.0,0.0,0.0,0.0
56,0.0,14083.889528141826,4302.895286287719,0.0,0.0,0.0,0.0,0.0
57,0.0,14113.784873936484,4289.521806402606,0.0,0.0,0.0,0.0,0.0
58,0.0,14085.115629168988,4297.485956147182,0.0,0.0,0.0,0.0,0.0
59,0.0,14177.468781805448,4267.901154992708,0.0,0.0,0.0,0.0,0.0
60,0.0,14298.930047531563,4303.811166960653,0.0,0.0,0.0,0.0,0.0
61,0.0,14306.912829397692,4325.390299427498,0.0,0.0,0.0,0.0,0.0
62,0.0,14459.529315031341,4314.9892623183,0.0,0.0,0.0,0.0,0.0
63,0.0,14645.54054436158,4350.747204506997,0.0,0.0,0.0,0.0,0.0
64,0.0,14675.571833304763,4454.380215274717,0.0,0.0,0.0,0.0,0.0
65,0.0,14800.14133268592,4457.660844791426,0.0,0.0,0.0,0.0,0.0
66,0.0,15013.719708737011,4471.6271467582355,0.0,0.0,0.0,0.0,0.0
67,0.0,15056.697360161459,4535.853968348601,0.0,0.0,0.0,0.0,0.0
68,0.0,15167.878501405161,4539.392029788432,0.0,0.0,0.0,0.0,0.0
69,0.0,15240.959541144242,4596.543268707467,0.0,0.0,0.0,0.0,0.0
70,0.0,15371.238731655685,4623.176752504577,0.0,0.0,0.0,0.0,0.0
71,0.0,15420.502256309856,4638.715460699719,0.0,0.0,0.0,0.0,0.0
72,0.0,15591.37086258907,4639.823362763849,0.0,0.0,0.0,0.0,0.0
73,0.0,15782.352297374979,4652.049052500201,0.0,0.0,0.0,0.0,0.0
74,0.0,15858.844093868303,4707.666153765914,0.0,0.0,0.0,0.0,0.0
75,0.0,16021.921839339117,4710.93617404433,0.0,0.0,0.0,0.0,0.0
76,0.0,16008.714530823956,4780.804359744896,0.0,0.0,0.0,0.0,0.0
77,0.0,16165.502692829092,4747.659875405264,0.0,0.0,0.0,0.0,0.0
78,0.0,16168.74810532581,4840.057294462334,0.0,0.0,0.0,0.0,0.0
79,0.0,16270.687787674942,4848.330259468494,0.0,0.0,0.0,0.0,0.0
80,0.0,16407.835347969823,4884.781348139539,0.0,0.0,0.0,0.0,0.0
81,0.0,16466.90816468757,4894.670553426392,0.0,0.0,0.0,0.0,0.0
82,0.0,16648.266996660863,4899.206463701508,0.0,0.0,0.0,0.0,0.0
83,0.0,16812.825151600748,4949.2077470411205,0.0,0.0,0.0,0.0,0.0
84,0.0,16842.55597795619,5020.283475711721,0.0,0.0,0.0,0.0,0.0
85,0.0,16958.710089817887,5055.495318848433,0.0,0.0,0.0,0.0,0.0
86,0.0,17149.93122073597,5098.992075453078,0.0,0.0,0.0,0.0,0.0
87,0.0,17238.963182266067,5133.519072129917,0.0,0.0,0.0,0.0,0.0
88,0.0,17214.408130425127,5165.490785813339,0.0,0.0,0.0,0.0,0.0
89,0.0,17322.503970918973,5154.745110375039,0.0,0.0,0.0,0.0,0.0
90,0.0,17476.81313882654,5219.128373580853,0.0,0.0,0.0,0.0,0.0
91,0.0,17710.173087321193,5270.750676241797,0.0,0.0,0.0,0.0,0.0
92,0.0,17791.87855404948,5369.314604239118,0.0,0.0,0.0,0.0,0.0
93,0.0,17995.403630249646,5364.926488384393,0.0,0.0,0.0,0.0,0.0
94,0.0,18009.34839934416,5474.364284138323,0.0,0.0,0.0,0.0,0.0
95,0.0,18200.452827930552,5455.122735127458,0.0,0.0,0.0,0.0,0.0
96,0.0,18190.097688764316,5545.46914633834,0.0,0.0,0.0,0.0,0.0
97,0.0,18356.906606069275,5552.874804492483,0.0,0.0,0.0,0.0,0.0
98,0.0,18560.83494812599,5613.9873503859335,0.0,0.0,0.0,0.0,0.0
99,0.0,18596.321308827286,5729.144285939512,0.0,0.0,0.0,0.0,0.0
100,0.0,18708.12654504704,5763.155526696963,0.0,0.0,0.0,0.0,0.0
101,0.0,18931.058710381414,5743.533992533823,0.0,0.0,0.0,0.0,0.0
102,0.0,19030.576718651428,5857.631677389712,0.0,0.0,0.0,0.0,0.0
103,0.0,19180.504106613997,5940.0408060078325,0.0,0.0,0.0,0.0,0.0
104,0.0,19380.770574969563,5962.9131283015595,0.0,0.0,0.0,0.0,0.0
105,0.0,19443.517356030035,6035.392941453894,0.0,0.0,0.0,0.0,0.0
106,0.0,19589.322212008992,6074.580075499173,0.0,0.0,0.0,0.0,0.0
107,0.0,19708.25574472442,6103.5355804911815,0.0,0.0,0.0,0.0,0.0
108,0.0,19939.39125314787,6149.4370884595155,0.0,0.0,0.0,0.0,0.0
109,0.0,20015.47523382117,6189.8809489683235,0.0,0.0,0.0,0.0,0.0
110,0.0,20226.000884744346,6320.195112715132,0.0,0.0,0.0,0.0,0.0
111,0.0,20406.138584693796,6422.811440070151,0.0,0.0,0.0,0.0,0.0
112,0.0,20504.945961125562,6489.9058455216145,0.0,0.0,0.0,0.0,0.0
113,0.0,20661.01055420121,6522.004825068477,0.0,0.0,0.0,0.0,0.0
114,0.0,20747.203304945248,6563.690328909048,0.0,0.0,0.0,0.0,0.0
115,0.0,20989.697368815952,6575.10730037809,0.0,0.0,0.0,0.0,0.0
116,0.0,21026.795593032537,6660.873609935763,0.0,0.0,0.0,0.0,0.0
117,0.0,21223.05342268888,6713.750415223123,0.0,0.0,0.0,0.0,0.0
118,0.0,21428.66297599891,6829.270879022621,0.0,0.0,0.0,0.0,0.0
119,0.0,21504.8464537612,6895.2427150585545,0.0,0.0,0.0,0.0,0.0
120,0.0,21476.550672112593,6938.255375935761,0.0,0.0,0.0,0.0,0.0
121,0.0,21537.038294504615,6994.102828329174,0.0,0.0,0.0,0.0,0.0
122,0.0,21504.12298992663,7007.0659925686705,0.0,0.0,0.0,0.0,0.0
123,0.0,21617.880403906915,7038.7703888864025,0.0,0.0,0.0,0.0,0.0
124,0.0,21806.26497279257,7114.420026648342,0.0,0.0,0.0,0.0,0.0
125,0.0,21859.368815194484,7160.5228811372735,0.0,0.0,0.0,0.0,0.0
126,0.0,22080.062602653343,7198.410809131204,0.0,0.0,0.0,0.0,0.0
127,0.0,22137.805083963758,7309.710225852156,0.0,0.0,0.0,0.0,0.0
128,0.0,22312.404705795925,7353.132472196169,0.0,0.0,0.0,0.0,0.0
129,0.0,22324.80955814631,7411.703630018205,0.0,0.0,0.0,0.0,0.0
130,0.0,22542.70339757964,7408.596672862862,0.0,0.0,0.0,0.0,0.0
131,0.0,22612.11261158628,7480.597544102431,0.0,0.0,0.0,0.0,0.0
132,0.0,22785.730487792665,7576.945709510037,0.0,0.0,0.0,0.0,0.0
133,0.0,22973.941798842185,7619.76124155659,0.0,0.0,0.0,0.0,0.0
134,0.0,23033.43868164778,7719.625089447732,0.0,0.0,0.0,0.0,0.0
135,0.0,23315.124528519616,7695.095527826027,0.0,0.0,0.0,0.0,0.0
136,0.0,23410.896127327247,7804.8836496906615,0.0,0.0,0.0,0.0,0.0
137,0.0,23376.256863710754,7842.22035933517,0.0,0.0,0.0,0.0,0.0
138,0.0,23552.811664846486,7872.641011039028,0.0,0.0,0.0,0.0,0.0
139,0.0,23688.98416434082,8024.024337484958,0.0,0.0,0.0,0.0,0.0
140,0.0,23753.26793683117,8079.395366719852,0.0,0.0,0.0,0.0,0.0
141,0.0,23960.614676903708,8076.668903981749,0.0,0.0,0.0,0.0,0.0
142,0.0,23986.346777734412,8165.529726332934,0.0,0.0,0.0,0.0,0.0
143,0.0,24301.874504736938,8145.328998631689,0.0,0.0,0.0,0.0,0.0
144,0.0,24331.093674892978,8332.962172672771,0.0,0.0,0.0,0.0,0.0
145,0.0,24263.635458174307,8311.039324698517,0.0,0.0,0.0,0.0,0.0
146,0.0,24367.572775864668,8380.962120983057,0.0,0.0,0.0,0.0,0.0
147,0.0,24545.16561067249,8506.388106408624,0.0,0.0,0.0,0.0,0.0
148,0.0,24539.014503475035,8634.803480137587,0.0,0.0,0.0,0.0,0.0
149,0.0,24668.604374359278,8760.171244462686,0.0,0.0,0.0,0.0,0.0
150,0.0,24907.88701528007,8892.146962374743,0.0,0.0,0.0,0.0,0.0
151,0.0,24915.381034465638,9016.563152977787,0.0,0.0,0.0,0.0,0.0
152,0.0,24857.512549118117,9052.92880425388,0.0,0.0,0.0,0.0,0.0
153,0.0,24925.364873434497,9130.518352515377,0.0,0.0,0.0,0.0,0.0
154,0.0,24785.605509326204,9156.442398940579,0.0,0.0,0.0,0.0,0.0
155,0.0,24994.255458852236,9183.902547066595,0.0,0.0,0.0,0.0,0.0
156,0.0,24937.59058020537,9266.8042765042,0.0,0.0,0.0,0.0,0.0
157,0.0,24774.536155674432,9342.375668916302,0.0,0.0,0.0,0.0,0.0
158,0.0,24806.74860230042,9298.101972171922,0.0,0.0,0.0,0.0,0.0
159,0.0,24970.324025337755,9356.205475822288,0.0,0.0,0.0,0.0,0.0
160,0.0,25076.30482013664,9593.863743495587,0.0,0.0,0.0,0.0,0.0
161,0.0,25269.964870734806,9646.300371276746,0.0,0.0,0.0,0.0,0.0
162,0.0,25299.078047426367,9695.437941078219,0.0,0.0,0.0,0.0,0.0
163,0.0,25489.116852957974,9796.181734349579,0.0,0.0,0.0,0.0,0.0
164,0.0,25755.29629043491,9886.236237572031,0.0,0.0,0.0,0.0,0.0
165,0.0,25765.874862356377,9967.944281928914,0.0,0.0,0.0,0.0,0.0
166,0.0,25949.198425914416,10032.75950655817,0.0,0.0,0.0,0.0,0.0
167,0.0,25932.404291479048,10093.381492419963,0.0,0.0,0.0,0.0,0.0
168,0.0,26148.00346850201,10137.121975274074,0.0,0.0,0.0,0.0,0.0
169,0.0,26501.087555982103,10131.640765979848,0.0,0.0,0.0,0.0,0.0
170,0.0,26674.77066876753,10335.425812605194,0.0,0.0,0.0,0.0,0.0
171,0.0,26969.261308028796,10354.53734753382,0.0,0.0,0.0,0.0,0.0
172,0.0,27115.05789920582,10451.013293106947,0.0,0.0,0.0,0.0,0.0
173,0.0,27483.615036717812,10482.326300437728,0.0,0.0,0.0,0.0,0.0
174,0.0,27617.226739833073,10569.879829692314,0.0,0.0,0.0,0.0,0.0
175,0.0,27698.094999533125,10617.380351965057,0.0,0.0,0.0,0.0,0.0
176,0.0,27942.40276239624,10630.29265867556,0.0,0.0,0.0,0.0,0.0
177,0.0,28322.87365056946,10712.39655987965,0.0,0.0,0.0,0.0,0.0
178,0.0,28476.037561011835,10882.581648509135,0.0,0.0,0.0,0.0,0.0
179,0.0,28704.15467291498,10925.144915551826,0.0,0.0,0.0,0.0,0.0
180,0.0,29061.78720923707,11011.552694151349,0.0,0.0,0.0,0.0,0.0
181,0.0,29350.53623127366,11132.834799166601,0.0,0.0,0.0,0.0,0.0
182,0.0,29478.266840965385,11205.561563444744,0.0,0.0,0.0,0.0,0.0
183,0.0,29860.710703978115,11266.532200126561,0.0,0.0,0.0,0.0,0.0
184,0.0,30293.87118243036,11374.528021894947,0.0,0.0,0.0,0.0,0.0
185,0.0,30253.67357549248,11567.610009476824,0.0,0.0,0.0,0.0,0.0
186,0.0,30477.17800733198,11646.857415113485,0.0,0.0,0.0,0.0,0.0
187,0.0,30976.86047922295,11662.324531957584,0.0,0.0,0.0,0.0,0.0
188,0.0,31242.901507848168,11921.451843719948,0.0,0.0,0.0,0.0,0.0
189,0.0,31313.434393629403,12049.638639378387,0.0,0.0,0.0,0.0,0.0
190,0.0,31848.41033434793,12011.751208925187,0.0,0.0,0.0,0.0,0.0
191,0.0,32035.756503372504,12213.304045452858,0.0,0.0,0.0,0.0,0.0
192,0.0,31883.61229794159,12225.550632949751,0.0,0.0,0.0,0.0,0.0
193,0.0,32175.795519526626,12255.497975106431,0.0,0.0,0.0,0.0,0.0
194,0.0,32112.9381491506,12408.192805289116,0.0,0.0,0.0,0.0,0.0
195,0.0,32371.471025977262,12497.688731973785,0.0,0.0,0.0,0.0,0.0
196,0.0,32625.63103816317,12600.220633382723,0.0,0.0,0.0,0.0,0.0
197,0.0,32684.345001030775,12702.32279546333,0.0,0.0,0.0,0.0,0.0
198,0.0,33085.32370159374,12853.09794904559,0.0,0.0,0.0,0.0,0.0
199,0.0,33060.46540599351,13105.821330826606,0.0,0.0,0.0,0.0,0.0
200,0.0,33490.82952160789,13070.853278661925,0.0,0.0,0.0,0.0,0.0
201,0.0,33639.07425688822,13218.251236338174,0.0,0.0,0.0,0.0,0.0
202,0.0,33942.004833680585,13271.808486978129,0.0,0.0,0.0,0.0,0.0
203,0.0,34073.585205536845,13436.752304571384,0.0,0.0,0.0,0.0,0.0
204,0.0,34290.1931845892,13470.532384360384,0.0,0.0,0.0,0.0,0.0
205,0.0,34370.304084943855,13569.019920445604,0.0,0.0,0.0,0.0,0.0
206,0.0,34692.731292853554,13677.270640988809,0.0,0.0,0.0,0.0,0.0
207,0.0,35118.73649252719,13865.375389904155,0.0,0.0,0.0,0.0,0.0
208,0.0,35413.25895843031,13934.945413551,0.0,0.0,0.0,0.0,0.0
209,0.0,35858.3708993843,13986.240893646398,0.0,0.0,0.0,0.0,0.0
210,0.0,36028.052530439156,14147.159427839051,0.0,0.0,0.0,0.0,0.0
211,0.0,36372.91764215179,14150.197458786488,0.0,0.0,0.0,0.0,0.0
212,0.0,36301.38117644533,14417.138998997101,0.0,0.0,0.0,0.0,0.0
213,0.0,36552.63799580807,14388.342272537175,0.0,0.0,0.0,0.0,0.0
214,0.0,36696.72449933269,14545.61814008269,0.0,0.0,0.0,0.0,0.0
215,0.0,36885.400450670335,14706.090161775453,0.0,0.0,0.0,0.0,0.0
216,0.0,36735.128311117885,14906.817611266699,0.0,0.0,0.0,0.0,0.0
217,0.0,37102.042232828,14963.168113531823,0.0,0.0,0.0,0.0,0.0
218,0.0,37332.12501699477,15205.672643726553,0.0,0.0,0.0,0.0,0.0
219,0.0,37401.72090671505,15395.18996328789,0.0,0.0,0.0,0.0,0.0
220,0.0,37675.1824323232,15641.991900252538,0.0,0.0,0.0,0.0,0.0
221,0.0,38058.87565011183,15818.835039301392,0.0,0.0,0.0,0.0,0.0
222,0.0,37953.37199246515,16051.800877125954,0.0,0.0,0.0,0.0,0.0
223,0.0,38330.74648797958,16145.534965740471,0.0,0.0,0.0,0.0,0.0
224,0.0,38467.683377528156,16314.067030364946,0.0,0.0,0.0,0.0,0.0
225,0.0,38207.57582593938,16518.213311779822,0.0,0.0,0.0,0.0,0.0
226,0.0,38564.92666717212,16586.1591344645,0.0,0.0,0.0,0.0,0.0
227,0.0,38583.50203520441,16807.146563837734,0.0,0.0,0.0,0.0,0.0
228,0.0,38878.93833836401,16922.903691061958,0.0,0.0,0.0,0.0,0.0
229,0.0,39155.39304532214,17175.07292541091,0.0,0.0,0.0,0.0,0.0
230,0.0,38980.67452391599,17414.290351484706,0.0,0.0,0.0,0.0,0.0
231,0.0,38704.781393414174,17446.96547248861,0.0,0.0,0.0,0.0,0.0
232,0.0,38793.412445525326,17460.21870368006,0.0,0.0,0.0,0.0,0.0
233,0.0,38962.24298984118,17610.01478207639,0.0,0.0,0.0,0.0,0.0
234,0.0,38926.4848154438,17781.461107730087,0.0,0.0,0.0,0.0,0.0
235,0.0,38662.376636309025,17826.38587334633,0.0,0.0,0.0,0.0,0.0
236,0.0,38786.29008169048,17844.592004678292,0.0,0.0,0.0,0.0,0.0
237,0.0,38633.96505127697,17962.552241412006,0.0,0.0,0.0,0.0,0.0
238,0.0,38864.282264946996,18226.19597122085,0.0,0.0,0.0,0.0,0.0
239,0.0,39097.01900298605,18243.537022763878,0.0,0.0,0.0,0.0,0.0
240,0.0,39321.841849395394,18504.424742163425,0.0,0.0,0.0,0.0,0.0
241,0.0,39678.94986417724,18777.108887108956,0.0,0.0,0.0,0.0,0.0
242,0.0,39885.123194382184,18950.48537045322,0.0,0.0,0.0,0.0,0.0
243,0.0,39972.12916631536,19112.97304765927,0.0,0.0,0.0,0.0,0.0
244,0.0,40167.92581631003,19232.061387671885,0.0,0.0,0.0,0.0,0.0
245,0.0,40102.598742374714,19477.66955402837,0.0,0.0,0.0,0.0,0.0
246,0.0,39998.079863814004,19438.96362303139,0.0,0.0,0.0,0.0,0.0
247,0.0,40452.04511722186,19546.443828470856,0.0,0.0,0.0,0.0,0.0
248,0.0,40954.18748698129,19806.10257905605,0.0,0.0,0.0,0.0,0.0
249,0.0,41154.170849723596,20162.64539962948,0.0,0.0,0.0,0.0,0.0
250,0.0,40951.814574693955,20314.692667893836,0.0,0.0,0.0,0.0,0.0
251,0.0,41273.34252242535,20356.24133687239,0.0,0.0,0.0,0.0,0.0
252,0.0,41529.51204929611,20681.30958214856,0.0,0.0,0.0,0.0,0.0
253,0.0,41491.96552198266,20764.6198719325,0.0,0.0,0.0,0.0,0.0
254,0.0,41389.35243240617,20804.789647895966,0.0,0.0,0.0,0.0,0.0
255,0.0,41461.99396201823,20807.1995780877,0.0,0.0,0.0,0.0,0.0
256,0.0,41419.38117904125,20934.856017621467,0.0,0.0,0.0,0.0,0.0
257,0.0,40952.87490279924,21230.597179117325,0.0,0.0,0.0,0.0,0.0
258,0.0,40986.66323252287,21205.270298711912,0.0,0.0,0.0,0.0,0.0
259,0.0,40917.826786554826,21354.807030596774,0.0,0.0,0.0,0.0,0.0
260,0.0,41123.51807086023,21369.031438783026,0.0,0.0,0.0,0.0,0.0
261,0.0,41611.84513763137,21647.413833741954,0.0,0.0,0.0,0.0,0.0
262,0.0,42043.04697699563,22150.038066577305,0.0,0.0,0.0,0.0,0.0
263,0.0,42046.271314163416,22294.191510126286,0.0,0.0,0.0,0.0,0.0
264,0.0,41984.0701496157,22465.465292504232,0.0,0.0,0.0,0.0,0.0
265,0.0,42045.12699105135,22639.597581964244,0.0,0.0,0.0,0.0,0.0
266,0.0,41910.83169455539,22602.44766311286,0.0,0.0,0.0,0.0,0.0
267,0.0,42424.94105888424,22677.234312373013,0.0,0.0,0.0,0.0,0.0
268,0.0,43058.23780405381,23030.09045831095,0.0,0.0,0.0,0.0,0.0
269,0.0,43451.70602772735,23331.19114844173,0.0,0.0,0.0,0.0,0.0
270,0.0,43575.11077727088,23707.648074852725,0.0,0.0,0.0,0.0,0.0
271,0.0,43729.689834373676,23869.378998419423,0.0,0.0,0.0,0.0,0.0
272,0.0,43717.22011397541,23964.40579526348,0.0,0.0,0.0,0.0,0.0
273,0.0,43143.45059515616,24079.631194797195,0.0,0.0,0.0,0.0,0.0
274,0.0,43291.020804623215,24005.752657344317,0.0,0.0,0.0,0.0,0.0
275,0.0,42732.62955480751,24073.41576652294,0.0,0.0,0.0,0.0,0.0
276,0.0,42169.24570441234,24172.521811727223,0.0,0.0,0.0,0.0,0.0
277,0.0,42034.02152042712,24248.71166840189,0.0,0.0,0.0,0.0,0.0
278,0.0,42122.39426897147,24441.76278275162,0.0,0.0,0.0,0.0,0.0
279,0.0,41282.84937894523,24574.314054284896,0.0,0.0,0.0,0.0,0.0
280,0.0,41858.76116702527,24561.557872145302,0.0,0.0,0.0,0.0,0.0
281,0.0,42368.79632813617,24974.609038620998,0.0,0.0,0.0,0.0,0.0
282,0.0,42653.37280143182,25352.183252049697,0.0,0.0,0.0,0.0,0.0
283,0.0,43389.12619575799,25606.620182107363,0.0,0.0,0.0,0.0,0.0
284,0.0,43667.641773998446,25957.513434275184,0.0,0.0,0.0,0.0,0.0
285,0.0,44176.45955261765,26409.23199037343,0.0,0.0,0.0,0.0,0.0
286,0.0,44053.86471202978,26794.200760020143,0.0,0.0,0.0,0.0,0.0
287,0.0,44247.35342904257,27129.670507458854,0.0,0.0,0.0,0.0,0.0
288,0.0,44046.58318220248,27609.17919858212,0.0,0.0,0.0,0.0,0.0
289,0.0,44330.54758818736,27864.771111788457,0.0,0.0,0.0,0.0,0.0
290,0.0,44689.39232350401,28229.732590880314,0.0,0.0,0.0,0.0,0.0
291,0.0,44711.653271010284,28716.348627628915,0.0,0.0,0.0,0.0,0.0
292,0.0,45224.167320060515,29029.88974873744,0.0,0.0,0.0,0.0,0.0
293,0.0,44899.88668800435,29478.82558862882,0.0,0.0,0.0,0.0,0.0
294,0.0,44238.59847336015,29516.314352947462,0.0,0.0,0.0,0.0,0.0
295,0.0,43185.20341469478,29533.885238957664,0.0,0.0,0.0,0.0,0.0
296,0.0,42349.50097418015,29289.814099021263,0.0,0.0,0.0,0.0,0.0
297,0.0,42433.93215617398,28999.549048887602,0.0,0.0,0.0,0.0,0.0
298,0.0,41846.83412591994,29502.889671279776,0.0,0.0,0.0,0.0,0.0
299,0.0,41239.45678695031,29389.880902297933,0.0,0.0,0.0,0.0,0.0
300,0.0,41244.15732071102,29305.00510873585,0.0,0.0,0.0,0.0,0.0
301,0.0,40919.00339428008,29872.797707766113,0.0,0.0,0.0,0.0,0.0
302,0.0,41616.803333206655,29798.55965068714,0.0,0.0,0.0,0.0,0.0
303,0.0,42276.43409229436,30252.422417087757,0.0,0.0,0.0,0.0,0.0
304,0.0,42874.932326357324,30682.309751242297,0.0,0.0,0.0,0.0,0.0
305,0.0,43452.32628733329,31201.07927998207,0.0,0.0,0.0,0.0,0.0
306,0.0,43754.33970827391,31388.88895639222,0.0,0.0,0.0,0.0,0.0
307,0.0,43452.55103594118,31612.21171951752,0.0,0.0,0.0,0.0,0.0
308,0.0,43954.51626964221,31506.978523207636,0.0,0.0,0.0,0.0,0.0
309,0.0,44303.96214993621,31711.74438085884,0.0,0.0,0.0,0.0,0.0
310,0.0,44166.81086536624,31883.27656892442,0.0,0.0,0.0,0.0,0.0
311,0.0,44699.06401791367,31962.512870609437,0.0,0.0,0.0,0.0,0.0
312,0.0,45337.85859488309,32243.11857402765,0.0,0.0,0.0,0.0,0.0
313,0.0,45647.32341367102,32348.710428824546,0.0,0.0,0.0,0.0,0.0
314,0.0,45267.74483570439,32523.33273981018,0.0,0.0,0.0,0.0,0.0
315,0.0,45720.031104507216,32432.81576066983,0.0,0.0,0.0,0.0,0.0
316,0.0,46167.60376214441,32785.55741966004,0.0,0.0,0.0,0.0,0.0
317,0.0,46068.39764829361,33037.36811253836,0.0,0.0,0.0,0.0,0.0
318,0.0,46924.696854901325,33029.503511993615,0.0,0.0,0.0,0.0,0.0
319,0.0,46486.297300765786,33657.808021570665,0.0,0.0,0.0,0.0,0.0
320,0.0,47598.34526091421,33237.706306014006,0.0,0.0,0.0,0.0,0.0
321,0.0,47977.77525323776,33830.53453390114,0.0,0.0,0.0,0.0,0.0
322,0.0,49007.693626725995,33882.833241117754,0.0,0.0,0.0,0.0,0.0
323,0.0,49758.7085881944,34211.16973264432,0.0,0.0,0.0,0.0,0.0
324,0.0,51005.63706621267,34335.10249631043,0.0,0.0,0.0,0.0,0.0
325,0.0,51524.03117520899,34817.431234601776,0.0,0.0,0.0,0.0,0.0
326,0.0,52258.38869499254,34985.95851686159,0.0,0.0,0.0,0.0,0.0
327,0.0,53236.526469521785,35150.21545166676,0.0,0.0,0.0,0.0,0.0
328,0.0,53541.57067187324,35700.398227212536,0.0,0.0,0.0,0.0,0.0
329,0.0,54618.91969942462,35657.08296588709,0.0,0.0,0.0,0.0,0.0
330,0.0,54558.76415674536,36311.82940364195,0.0,0.0,0.0,0.0,0.0
331,0.0,54140.10567933887,36502.121046264256,0.0,0.0,0.0,0.0,0.0
332,0.0,54937.70381614757,36295.76282588852,0.0,0.0,0.0,0.0,0.0
333,0.0,55548.31208903525,37039.65550712585,0.0,0.0,0.0,0.0,0.0
334,0.0,55016.24511493352,37416.57213997348,0.0,0.0,0.0,0.0,0.0
335,0.0,54969.8433890145,37199.79939010587,0.0,0.0,0.0,0.0,0.0
336,0.0,55044.8534776437,37611.15549560169,0.0,0.0,0.0,0.0,0.0
337,0.0,54443.93052327185,37890.61803817726,0.0,0.0,0.0,0.0,0.0
338,0.0,54810.63357083985,38024.3425148932,0.0,0.0,0.0,0.0,0.0
339,0.0,54762.52295278144,38600.17293173154,0.0,0.0,0.0,0.0,0.0
340,0.0,55123.57443920118,38809.884916517585,0.0,0.0,0.0,0.0,0.0
341,0.0,55387.97089325313,39479.40636126069,0.0,0.0,0.0,0.0,0.0
342,0.0,55171.216081551815,39869.71875681332,0.0,0.0,0.0,0.0,0.0
343,0.0,54577.60128138336,40036.71138549523,0.0,0.0,0.0,0.0,0.0
344,0.0,53674.60170791855,40049.8338922575,0.0,0.0,0.0,0.0,0.0
345,0.0,54308.32112818091,39776.46726536999,0.0,0.0,0.0,0.0,0.0
346,0.0,53332.035499978745,40599.39570898777,0.0,0.0,0.0,0.0,0.0
347,0.0,53516.01479697216,40278.66408735531,0.0,0.0,0.0,0.0,0.0
348,0.0,54496.68422666838,40844.03275807253,0.0,0.0,0.0,0.0,0.0
349,0.0,53843.62516841626,41569.02242443982,0.0,0.0,0.0,0.0,0.0
350,0.0,53616.12932608841,41636.556681138405,0.0,0.0,0.0,0.0,0.0
351,0.0,54172.40340243899,42058.84977935321,0.0,0.0,0.0,0.0,0.0
352,0.0,54443.49510034707,42645.257290209986,0.0,0.0,0.0,0.0,0.0
353,0.0,55068.657787658696,42998.25243604934,0.0,0.0,0.0,0.0,0.0
354,0.0,53622.26537196377,43774.44800422609,0.0,0.0,0.0,0.0,0.0
355,0.0,52861.593262637005,43600.41214616875,0.0,0.0,0.0,0.0,0.0
356,0.0,52264.15434024213,43971.213202374616,0.0,0.0,0.0,0.0,0.0
357,0.0,52443.57665227251,43630.90098979779,0.0,0.0,0.0,0.0,0.0
358,0.0,52522.1081766253,43862.600617766744,0.0,0.0,0.0,0.0,0.0
359,0.0,52597.50053098885,44136.06914214819,0.0,0.0,0.0,0.0,0.0
360,0.0,52734.64902366712,44437.78333180738,0.0,0.0,0.0,0.0,0.0
361,0.0,53438.0905989036,45056.410855661736,0.0,0.0,0.0,0.0,0.0
362,0.0,53193.34985142098,45455.37579869179,0.0,0.0,0.0,0.0,0.0
363,0.0,52894.15382959492,45818.73893208694,0.0,0.0,0.0,0.0,0.0
364,0.0,53103.265966974526,45920.486520596,0.0,0.0,0.0,0.0,0.0
365,0.0,54334.17734863007,46168.96953771932,0.0,0.0,0.0,0.0,0.0
366,0.0,53438.15488888682,46946.829192505094,0.0,0.0,0.0,0.0,0.0
367,0.0,54377.99129873704,46731.02932726459,0.0,0.0,0.0,0.0,0.0
368,0.0,55491.09510893145,47524.11101630102,0.0,0.0,0.0,0.0,0.0
369,0.0,55529.0224662421,48193.817566904596,0.0,0.0,0.0,0.0,0.0
370,0.0,56816.03346692873,48503.15394100609,0.0,0.0,0.0,0.0,0.0
371,0.0,57604.73215109627,49716.526998147565,0.0,0.0,0.0,0.0,0.0
372,0.0,58133.00329684188,50115.80501550042,0.0,0.0,0.0,0.0,0.0
373,0.0,59651.43092709521,50524.13251300858,0.0,0.0,0.0,0.0,0.0
374,0.0,58745.42995112928,51463.41410186646,0.0,0.0,0.0,0.0,0.0
375,0.0,59268.23281814147,50918.92127256157,0.0,0.0,0.0,0.0,0.0
376,0.0,59331.074741446544,51596.92586937399,0.0,0.0,0.0,0.0,0.0
377,0.0,58769.396186305836,51775.88729584808,0.0,0.0,0.0,0.0,0.0
378,0.0,60135.91520287277,51354.59460298894,0.0,0.0,0.0,0.0,0.0
379,0.0,58954.65528884598,52426.74604953537,0.0,0.0,0.0,0.0,0.0
380,0.0,59511.35931242921,51863.70128148325,0.0,0.0,0.0,0.0,0.0
381,0.0,59064.05994600977,52811.936823370124,0.0,0.0,0.0,0.0,0.0
382,0.0,59394.55963485968,51930.9745337388,0.0,0.0,0.0,0.0,0.0
383,0.0,60666.76785487677,52018.42366183993,0.0,0.0,0.0,0.0,0.0
384,0.0,61776.78776350172,52938.652567788435,0.0,0.0,0.0,0.0,0.0
385,0.0,62461.15465011483,53314.4472406136,0.0,0.0,0.0,0.0,0.0
386,0.0,63019.82611260501,53686.890624259286,0.0,0.0,0.0,0.0,0.0
387,0.0,63940.56425483847,53903.76100379518,0.0,0.0,0.0,0.0,0.0
388,0.0,65274.03818803034,54664.97921727206,0.0,0.0,0.0,0.0,0.0
389,0.0,65508.090524739106,55268.1709225592,0.0,0.0,0.0,0.0,0.0
390,0.0,65674.16601576089,55405.16545130964,0.0,0.0,0.0,0.0,0.0
391,0.0,66253.14039526127,56072.841953076655,0.0,0.0,0.0,0.0,0.0
392,0.0,66758.3890379425,56543.226433891,0.0,0.0,0.0,0.0,0.0
393,0.0,67398.78489968259,57255.953110024166,0.0,0.0,0.0,0.0,0.0
394,0.0,66655.97861412192,58259.57542064493,0.0,0.0,0.0,0.0,0.0
395,0.0,67444.59758228908,58125.36285060727,0.0,0.0,0.0,0.0,0.0
396,0.0,67841.62337895359,58719.87175661592,0.0,0.0,0.0,0.0,0.0
397,0.0,67246.52368283697,59187.52681049714,0.0,0.0,0.0,0.0,0.0
398,0.0,68655.21612927857,59021.17848803975,0.0,0.0,0.0,0.0,0.0
399,0.0,67695.75654111037,60312.76797231661,0.0,0.0,0.0,0.0,0.0
400,0.0,67843.4798714463,59799.716426479696,0.0,0.0,0.0,0.0,0.0
401,0.0,68626.1184963411,60104.05022340386,0.0,0.0,0.0,0.0,0.0
402,0.0,68858.48927205073,60425.66273935952,0.0,0.0,0.0,0.0,0.0
403,0.0,70037.7260024284,60649.13093882239,0.0,0.0,0.0,0.0,0.0
404,0.0,71161.30640079957,61691.511226799616,0.0,0.0,0.0,0.0,0.0
405,0.0,72306.14583590238,62403.42627334936,0.0,0.0,0.0,0.0,0.0
406,0.0,72589.47462777911,63400.647097567075,0.0,0.0,0.0,0.0,0.0
407,0.0,73639.71513155018,63447.26053421385,0.0,0.0,0.0,0.0,0.0
408,0.0,74232.10597065199,63670.58224321446,0.0,0.0,0.0,0.0,0.0
409,0.0,73533.0821219034,64129.13022929507,0.0,0.0,0.0,0.0,0.0
410,0.0,72489.5834371844,63877.21148608774,0.0,0.0,0.0,0.0,0.0
411,0.0,73616.6851486929,63273.86762310291,0.0,0.0,0.0,0.0,0.0
412,0.0,73955.81272413154,63963.11379934109,0.0,0.0,0.0,0.0,0.0
413,0.0,75015.53714920586,64326.47911615592,0.0,0.0,0.0,0.0,0.0
414,0.0,76797.73053895732,64887.62665509184,0.0,0.0,0.0,0.0,0.0
415,0.0,77311.9380056225,65870.7259571196,0.0,0.0,0.0,0.0,0.0
416,0.0,78621.26805273286,66038.61727117578,0.0,0.0,0.0,0.0,0.0
417,0.0,78160.91583274848,66959.68675432642,0.0,0.0,0.0,0.0,0.0
418,0.0,78201.11804095731,66984.36728504497,0.0,0.0,0.0,0.0,0.0
419,0.0,78376.55837484238,67298.44794579127,0.0,0.0,0.0,0.0,0.0
420,0.0,78077.55349507707,67603.29733107369,0.0,0.0,0.0,0.0,0.0
421,0.0,76799.45666996647,67817.75876948684,0.0,0.0,0.0,0.0,0.0
422,0.0,77955.34481978194,67366.75799400738,0.0,0.0,0.0,0.0,0.0
423,0.0,79002.2370916121,68349.08387710436,0.0,0.0,0.0,0.0,0.0
424,0.0,79536.66964500141,69241.2344372402,0.0,0.0,0.0,0.0,0.0
425,0.0,80648.4320351977,69941.61877783579,0.0,0.0,0.0,0.0,0.0
426,0.0,80356.2752845755,71265.70867360373,0.0,0.0,0.0,0.0,0.0
427,0.0,80831.44284089898,71885.07282631168,0.0,0.0,0.0,0.0,0.0
428,0.0,81462.977076041,72475.97989301414,0.0,0.0,0.0,0.0,0.0
429,0.0,80953.06486085814,73351.64755672729,0.0,0.0,0.0,0.0,0.0
430,0.0,80548.1002208435,73044.05245887648,0.0,0.0,0.0,0.0,0.0
431,0.0,81531.78994599792,73240.23262894596,0.0,0.0,0.0,0.0,0.0
432,0.0,82497.79808038166,74343.7434476873,0.0,0.0,0.0,0.0,0.0
433,0.0,82020.85630653705,74872.28196616842,0.0,0.0,0.0,0.0,0.0
434,0.0,82646.27378128111,75224.98164814655,0.0,0.0,0.0,0.0,0.0
435,0.0,82948.10123692335,75960.90485558199,0.0,0.0,0.0,0.0,0.0
436,0.0,82571.0992882621,75929.5656835434,0.0,0.0,0.0,0.0,0.0
437,0.0,84287.3026319088,75885.72627146119,0.0,0.0,0.0,0.0,0.0
438,0.0,85866.25960392394,77047.63814265774,0.0,0.0,0.0,0.0,0.0
439,0.0,85876.0695922881,78021.4740175226,0.0,0.0,0.0,0.0,0.0
440,0.0,87402.26019466625,78643.83163733283,0.0,0.0,0.0,0.0,0.0
441,0.0,86750.36821510104,79615.03176785511,0.0,0.0,0.0,0.0,0.0
442,0.0,87405.7743318056,78868.51826337421,0.0,0.0,0.0,0.0,0.0
443,0.0,89831.01249792911,79206.05961161962,0.0,0.0,0.0,0.0,0.0
444,0.0,92083.30258329191,80733.98100717462,0.0,0.0,0.0,0.0,0.0
445,0.0,93121.17551571946,82076.88711325714,0.0,0.0,0.0,0.0,0.0
446,0.0,94498.13345000173,82691.28746792788,0.0,0.0,0.0,0.0,0.0
447,0.0,95188.2561988778,83832.44213503646,0.0,0.0,0.0,0.0,0.0
448,0.0,96835.71463532685,84811.46944655193,0.0,0.0,0.0,0.0,0.0
449,0.0,96188.37277890902,86189.84178681254,0.0,0.0,0.0,0.0,0.0
450,0.0,96034.30358379325,86037.27825158797,0.0,0.0,0.0,0.0,0.0
451,0.0,97076.56248193371,86740.8650302048,0.0,0.0,0.0,0.0,0.0
452,0.0,95421.70031254746,87935.13727185593,0.0,0.0,0.0,0.0,0.0
453,0.0,96611.01650220132,86672.41576393932,0.0,0.0,0.0,0.0,0.0
454,0.0,96129.7256717488,86948.27588541081,0.0,0.0,0.0,0.0,0.0
455,0.0,96572.20482126465,86695.34247483443,0.0,0.0,0.0,0.0,0.0
456,0.0,97539.07113251285,87266.79742114717,0.0,0.0,0.0,0.0,0.0
457,0.0,100170.1706886081,87833.84515485546,0.0,0.0,0.0,0.0,0.0
458,0.0,99794.02181212837,88712.9127649142,0.0,0.0,0.0,0.0,0.0
459,0.0,100804.99641055764,88284.56928244223,0.0,0.0,0.0,0.0,0.0
460,0.0,101997.18881000557,89415.29435288781,0.0,0.0,0.0,0.0,0.0
461,0.0,99826.47865589098,90388.4674477709,0.0,0.0,0.0,0.0,0.0
462,0.0,99528.8142700911,89434.97289168857,0.0,0.0,0.0,0.0,0.0
463,0.0,100742.6651859948,89631.61982965664,0.0,0.0,0.0,0.0,0.0
464,0.0,100532.99811650263,91161.78986905607,0.0,0.0,0.0,0.0,0.0
465,0.0,101900.29023149218,91400.83020332853,0.0,0.0,0.0,0.0,0.0
466,0.0,103672.16709566461,92556.84462491346,0.0,0.0,0.0,0.0,0.0
467,0.0,101947.05313387567,94861.43639368238,0.0,0.0,0.0,0.0,0.0
468,0.0,104219.84134231826,94115.47507671053,0.0,0.0,0.0,0.0,0.0
469,0.0,105183.40849500662,95827.52880867173,0.0,0.0,0.0,0.0,0.0
470,0.0,105337.58492985414,96708.67024891767,0.0,0.0,0.0,0.0,0.0
471,0.0,107686.32861870374,97576.0891881598,0.0,0.0,0.0,0.0,0.0
472,0.0,107134.14804171145,99757.13927907289,0.0,0.0,0.0,0.0,0.0
473,0.0,107723.525672668,99351.53074086097,0.0,0.0,0.0,0.0,0.0
474,0.0,108103.82142951849,99922.38903241712,0.0,0.0,0.0,0.0,0.0
475,0.0,110637.92513394085,100624.50725803823,0.0,0.0,0.0,0.0,0.0
476,0.0,112248.23510443448,102618.25927714731,0.0,0.0,0.0,0.0,0.0
477,0.0,113842.1990727166,103855.16421310355,0.0,0.0,0.0,0.0,0.0
478,0.0,114232.08266462536,105213.21786420871,0.0,0.0,0.0,0.0,0.0
479,0.0,115877.52779055052,105600.43331724385,0.0,0.0,0.0,0.0,0.0
480,0.0,117693.84973806648,107549.69800545147,0.0,0.0,0.0,0.0,0.0
481,0.0,115480.80982923518,109178.07988907839,0.0,0.0,0.0,0.0,0.0
482,0.0,119225.08402900521,107690.52035591804,0.0,0.0,0.0,0.0,0.0
483,0.0,120634.58027233437,111019.92662048426,0.0,0.0,0.0,0.0,0.0
484,0.0,120810.11805151928,112068.94409739008,0.0,0.0,0.0,0.0,0.0
485,0.0,121373.27448936335,112103.80432585519,0.0,0.0,0.0,0.0,0.0
486,0.0,123687.90908816295,113346.43291796859,0.0,0.0,0.0,0.0,0.0
487,0.0,125954.38017809298,114920.1788286101,0.0,0.0,0.0,0.0,0.0
488,0.0,125954.5995169868,116611.4630693732,0.0,0.0,0.0,0.0,0.0
489,0.0,128183.7043608812,116474.94412718755,0.0,0.0,0.0,0.0,0.0
490,0.0,127832.89279190198,118233.67743369995,0.0,0.0,0.0,0.0,0.0
491,0.0,127446.56468702809,117664.7520586438,0.0,0.0,0.0,0.0,0.0
492,0.0,129138.43522487783,118105.618591317,0.0,0.0,0.0,0.0,0.0
493,0.0,131054.36585048336,119495.22833138955,0.0,0.0,0.0,0.0,0.0
494,0.0,130869.11976490798,120567.79786814703,0.0,0.0,0.0,0.0,0.0
495,0.0,133847.8878813039,120440.57848136441,0.0,0.0,0.0,0.0,0.0
496,0.0,133302.9749589752,123275.91906505781,0.0,0.0,0.0,0.0,0.0
497,0.0,135858.67312420136,123265.1158583989,0.0,0.0,0.0,0.0,0.0
498,0.0,134032.01071417972,125287.1551047228,0.0,0.0,0.0,0.0,0.0
499,0.0,135462.2009615218,124100.31736328709,0.0,0.0,0.0,0.0,0.0
500,0.0,137445.59648141838,125127.14976008552,0.0,0.0,0.0,0.0,0.0
501,0.0,135525.61629767081,126427.45219438779,0.0,0.0,0.0,0.0,0.0
502,0.0,138310.86137303375,125327.08620959368,0.0,0.0,0.0,0.0,0.0
503,0.0,140249.00314051207,128247.9942637203,0.0,0.0,0.0,0.0,0.0
504,0.0,141197.66273654648,128815.37079107923,0.0,0.0,0.0,0.0,0.0
505,0.0,139781.62129095008,129891.65749664335,0.0,0.0,0.0,0.0,0.0
506,0.0,141792.63530385643,129312.73403987722,0.0,0.0,0.0,0.0,0.0
507,0.0,144943.15116162068,130053.19533101661,0.0,0.0,0.0,0.0,0.0
508,0.0,146332.01266192243,132486.9169210911,0.0,0.0,0.0,0.0,0.0
509,0.0,147188.67769504667,133822.3634942947,0.0,0.0,0.0,0.0,0.0
510,0.0,149829.88334402003,134339.99185417008,0.0,0.0,0.0,0.0,0.0
511,0.0,152221.2603659545,136078.62717522145,0.0,0.0,0.0,0.0,0.0
512,0.0,151808.0811648056,138582.09179368205,0.0,0.0,0.0,0.0,0.0
513,0.0,152467.67545217884,139209.81337196488,0.0,0.0,0.0,0.0,0.0
514,0.0,152905.22740705093,139737.98013469187,0.0,0.0,0.0,0.0,0.0
515,0.0,155421.51647331938,140514.78187064736,0.0,0.0,0.0,0.0,0.0
516,0.0,157534.24175522767,142101.52584094217,0.0,0.0,0.0,0.0,0.0
517,0.0,158294.32715468833,143817.76563857935,0.0,0.0,0.0,0.0,0.0
518,0.0,157314.4369792314,145258.86185578347,0.0,0.0,0.0,0.0,0.0
519,0.0,159497.10648145768,144532.86444848834,0.0,0.0,0.0,0.0,0.0
520,0.0,161619.64121065187,146503.16151385283,0.0,0.0,0.0,0.0,0.0
521,0.0,159711.6998907445,149173.74202143206,0.0,0.0,0.0,0.0,0.0
522,0.0,161960.35226943757,148415.9440637238,0.0,0.0,0.0,0.0,0.0
523,0.0,163875.52508458935,150132.190667518,0.0,0.0,0.0,0.0,0.0
524,0.0,163684.63955090594,150963.39543048767,0.0,0.0,0.0,0.0,0.0
525,0.0,163289.95584886856,150665.19362395507,0.0,0.0,0.0,0.0,0.0
526,0.0,162521.79566593192,150984.44715199247,0.0,0.0,0.0,0.0,0.0
527,0.0,164180.5353644728,151084.35044926577,0.0,0.0,0.0,0.0,0.0
528,0.0,167741.39382753012,152315.85299349998,0.0,0.0,0.0,0.0,0.0
529,0.0,167317.7224914246,155201.9152697522,0.0,0.0,0.0,0.0,0.0
530,0.0,171477.33565451947,155340.1780919321,0.0,0.0,0.0,0.0,0.0
531,0.0,170649.9495467825,158322.56241416757,0.0,0.0,0.0,0.0,0.0
532,0.0,170106.1833882243,157632.84926239078,0.0,0.0,0.0,0.0,0.0
533,0.0,171924.05000411652,156826.54466958536,0.0,0.0,0.0,0.0,0.0
534,0.0,171516.8853115642,158029.0053108822,0.0,0.0,0.0,0.0,0.0
535,0.0,174894.92969337857,157738.44676914084,0.0,0.0,0.0,0.0,0.0
536,0.0,175484.30144937913,161150.23985856966,0.0,0.0,0.0,0.0,0.0
537,0.0,172068.7093866668,162302.127751407,0.0,0.0,0.0,0.0,0.0
538,0.0,170268.18936228484,159975.65341360908,0.0,0.0,0.0,0.0,0.0
539,0.0,173900.03582679498,159172.54176764342,0.0,0.0,0.0,0.0,0.0
540,0.0,174361.97903342854,162836.51581020656,0.0,0.0,0.0,0.0,0.0
541,0.0,174546.6644720117,162499.86375282126,0.0,0.0,0.0,0.0,0.0
542,0.0,177413.05811151044,163371.13474721197,0.0,0.0,0.0,0.0,0.0
543,0.0,180058.85122615125,166170.1475643203,0.0,0.0,0.0,0.0,0.0
544,0.0,178476.27747934425,169174.24817525526,0.0,0.0,0.0,0.0,0.0
545,0.0,180773.34349470955,168347.76063562566,0.0,0.0,0.0,0.0,0.0
546,0.0,183558.51170982845,170675.5605304724,0.0,0.0,0.0,0.0,0.0
547,0.0,182221.2849056857,173135.97119530174,0.0,0.0,0.0,0.0,0.0
548,0.0,188264.1268428884,172423.83132951995,0.0,0.0,0.0,0.0,0.0
549,0.0,190101.04234858198,177778.89016313793,0.0,0.0,0.0,0.0,0.0
550,0.0,194578.79071613093,178630.40055368692,0.0,0.0,0.0,0.0,0.0
551,0.0,195092.73234054455,181727.5400098108,0.0,0.0,0.0,0.0,0.0
552,0.0,193663.3972754698,182376.06616545023,0.0,0.0,0.0,0.0,0.0
553,0.0,198571.5078372738,180873.8966361713,0.0,0.0,0.0,0.0,0.0
554,0.0,195704.143326831,185116.0024405959,0.0,0.0,0.0,0.0,0.0
555,0.0,198876.8012716759,183629.65708629115,0.0,0.0,0.0,0.0,0.0
556,0.0,202824.46810331455,186678.323142406,0.0,0.0,0.0,0.0,0.0
557,0.0,197038.88610800615,189481.93333291932,0.0,0.0,0.0,0.0,0.0
558,0.0,199776.82383337818,185218.81817307134,0.0,0.0,0.0,0.0,0.0
559,0.0,199408.1727837387,189103.68643055935,0.0,0.0,0.0,0.0,0.0
560,0.0,201228.71776720404,189296.99255596873,0.0,0.0,0.0,0.0,0.0
561,0.0,203351.97758842967,191732.70644276857,0.0,0.0,0.0,0.0,0.0
562,0.0,208186.21715647526,193644.70719850465,0.0,0.0,0.0,0.0,0.0
563,0.0,208098.5449736025,196916.11662916734,0.0,0.0,0.0,0.0,0.0
564,0.0,214220.78344648605,196563.4238863765,0.0,0.0,0.0,0.0,0.0
565,0.0,217627.58435514593,201325.58548037635,0.0,0.0,0.0,0.0,0.0
566,0.0,216151.238379016,203747.77942813345,0.0,0.0,0.0,0.0,0.0
567,0.0,221311.04723979064,202791.42053076645,0.0,0.0,0.0,0.0,0.0
568,0.0,220692.53117560322,205826.15893736176,0.0,0.0,0.0,0.0,0.0
569,0.0,220533.85102645226,206404.00369379585,0.0,0.0,0.0,0.0,0.0
570,0.0,224965.26234345796,206305.11238749605,0.0,0.0,0.0,0.0,0.0
571,0.0,223541.2902471165,209818.61306180226,0.0,0.0,0.0,0.0,0.0
572,0.0,227782.42900118176,208430.00542707165,0.0,0.0,0.0,0.0,0.0
573,0.0,231385.06813540938,212120.69708460162,0.0,0.0,0.0,0.0,0.0
574,0.0,229375.17493954403,213893.3867694027,0.0,0.0,0.0,0.0,0.0
575,0.0,229534.92896341972,211854.7950214524,0.0,0.0,0.0,0.0,0.0
576,0.0,234777.25377849504,212107.61183900232,0.0,0.0,0.0,0.0,0.0
577,0.0,226134.24653336496,217270.68862034977,0.0,0.0,0.0,0.0,0.0
578,0.0,226117.24928556918,212001.01245058788,0.0,0.0,0.0,0.0,0.0
579,0.0,231835.33724778416,212817.15854402827,0.0,0.0,0.0,0.0,0.0
580,0.0,231622.07572394342,217739.47648221793,0.0,0.0,0.0,0.0,0.0
581,0.0,235080.0328534963,218994.43713420158,0.0,0.0,0.0,0.0,0.0
582,0.0,238684.2379769923,222396.43474131922,0.0,0.0,0.0,0.0,0.0
583,0.0,238022.63438977097,226635.0484299639,0.0,0.0,0.0,0.0,0.0
584,0.0,241807.21527550343,228011.8097365059,0.0,0.0,0.0,0.0,0.0
585,0.0,245599.36479203164,231385.9819508464,0.0,0.0,0.0,0.0,0.0
586,0.0,247807.26452920403,234372.99510540706,0.0,0.0,0.0,0.0,0.0
587,0.0,251680.3541686516,236971.50550924466,0.0,0.0,0.0,0.0,0.0
588,0.0,252746.25270720024,240382.0222259722,0.0,0.0,0.0,0.0,0.0
589,0.0,257499.796848763,241816.39957854158,0.0,0.0,0.0,0.0,0.0
590,0.0,262649.57944457827,247081.15093886678,0.0,0.0,0.0,0.0,0.0
591,0.0,265939.2203662241,251356.1075524379,0.0,0.0,0.0,0.0,0.0
592,0.0,270468.25505187706,251758.37422391208,0.0,0.0,0.0,0.0,0.0
593,0.0,270442.33957149903,255817.16700599215,0.0,0.0,0.0,0.0,0.0
594,0.0,266977.5779030529,255272.1579965128,0.0,0.0,0.0,0.0,0.0
595,0.0,265411.01806424285,253198.15238818814,0.0,0.0,0.0,0.0,0.0
596,0.0,269228.09126597026,252047.1740505011,0.0,0.0,0.0,0.0,0.0
597,0.0,260164.56676123917,256149.76741968293,0.0,0.0,0.0,0.0,0.0
598,0.0,266260.8179772692,248929.9360190218,0.0,0.0,0.0,0.0,0.0
599,0.0,272238.00878136355,253664.09364551163,0.0,0.0,0.0,0.0,0.0
600,0.0,272529.2932663239,258046.9384955239,0.0,0.0,0.0,0.0,0.0
601,0.0,279093.7285950684,259163.83558010904,0.0,0.0,0.0,0.0,0.0
602,0.0,284049.48070065107,265160.41860773717,0.0,0.0,0.0,0.0,0.0
603,0.0,289094.43997336377,269015.4642916047,0.0,0.0,0.0,0.0,0.0
604,0.0,290258.2815263301,272518.7509689096,0.0,0.0,0.0,0.0,0.0
605,0.0,298858.6800383453,273626.11610384256,0.0,0.0,0.0,0.0,0.0
606,0.0,296882.3399857438,282579.6585204464,0.0,0.0,0.0,0.0,0.0
607,0.0,293570.9629084227,280378.0923884824,0.0,0.0,0.0,0.0,0.0
608,0.0,301354.64133791113,278248.80403887643,0.0,0.0,0.0,0.0,0.0
609,0.0,301131.17849308497,285085.99125617614,0.0,0.0,0.0,0.0,0.0
610,0.0,299091.07798044186,284316.01211103436,0.0,0.0,0.0,0.0,0.0
611,0.0,301453.7456911175,282587.94705120666,0.0,0.0,0.0,0.0,0.0
612,0.0,302432.41430691385,283901.3108796604,0.0,0.0,0.0,0.0,0.0
613,0.0,304108.6874471647,285114.5176355305,0.0,0.0,0.0,0.0,0.0
614,0.0,299783.0787719717,286759.1872714538,0.0,0.0,0.0,0.0,0.0
615,0.0,298966.8796254483,283872.3737906069,0.0,0.0,0.0,0.0,0.0
616,0.0,303983.86467400775,284173.18237392814,0.0,0.0,0.0,0.0,0.0
617,0.0,297312.43259240047,290314.9222464341,0.0,0.0,0.0,0.0,0.0
618,0.0,306176.8513608869,284244.04347942956,0.0,0.0,0.0,0.0,0.0
619,0.0,307060.9825161362,291181.45268242806,0.0,0.0,0.0,0.0,0.0
620,0.0,309103.63570424734,291467.080374496,0.0,0.0,0.0,0.0,0.0
621,0.0,313556.0119061302,293873.72650747246,0.0,0.0,0.0,0.0,0.0
622,0.0,320195.08593783027,298104.8422846113,0.0,0.0,0.0,0.0,0.0
623,0.0,321152.25093539985,303012.51464701013,0.0,0.0,0.0,0.0,0.0
624,0.0,325579.17349713744,305676.33599516243,0.0,0.0,0.0,0.0,0.0
625,0.0,329849.40757707035,310098.58360490354,0.0,0.0,0.0,0.0,0.0
626,0.0,338099.1721455775,313829.6399351258,0.0,0.0,0.0,0.0,0.0
627,0.0,336469.177584922,321611.66479336505,0.0,0.0,0.0,0.0,0.0
628,0.0,347182.3302459749,322160.9882752803,0.0,0.0,0.0,0.0,0.0
629,0.0,350192.2471204013,333789.9505200653,0.0,0.0,0.0,0.0,0.0
630,0.0,357764.23463522125,333762.0016514697,0.0,0.0,0.0,0.0,0.0
631,0.0,358407.26750571583,340687.3322447754,0.0,0.0,0.0,0.0,0.0
632,0.0,364595.18406895513,343052.48735473235,0.0,0.0,0.0,0.0,0.0
633,0.0,360769.5734982686,346547.47257103847,0.0,0.0,0.0,0.0,0.0
634,0.0,355982.94881598616,344126.62786747183,0.0,0.0,0.0,0.0,0.0
635,0.0,362961.1648839045,340813.7201048098,0.0,0.0,0.0,0.0,0.0
636,0.0,363272.20267790055,346195.383647215,0.0,0.0,0.0,0.0,0.0
637,0.0,356682.89107199543,347469.60559691576,0.0,0.0,0.0,0.0,0.0
638,0.0,364182.69157028914,342701.30737351306,0.0,0.0,0.0,0.0,0.0
639,0.0,371270.3913809883,349554.17667189596,0.0,0.0,0.0,0.0,0.0
640,0.0,369862.683361762,354482.30978107883,0.0,0.0,0.0,0.0,0.0
641,0.0,369993.0464521106,353476.1068085493,0.0,0.0,0.0,0.0,0.0
642,0.0,379240.323634348,353433.32696812926,0.0,0.0,0.0,0.0,0.0
643,0.0,389986.3490587243,358587.16404894483,0.0,0.0,0.0,0.0,0.0
644,0.0,392884.06252449594,367535.4984045697,0.0,0.0,0.0,0.0,0.0
645,0.0,400204.1990018341,371217.19697695394,0.0,0.0,0.0,0.0,0.0
646,0.0,394936.03154229274,379487.48193731817,0.0,0.0,0.0,0.0,0.0
647,0.0,389168.99694827705,374178.0514742752,0.0,0.0,0.0,0.0,0.0
648,0.0,402741.0201821367,367753.0141272109,0.0,0.0,0.0,0.0,0.0
649,0.0,410355.18073409534,378706.8322292245,0.0,0.0,0.0,0.0,0.0
650,0.0,412482.58083668124,384683.5389359476,0.0,0.0,0.0,0.0,0.0
651,0.0,418011.59779462655,387783.30854735384,0.0,0.0,0.0,0.0,0.0
652,0.0,415481.5748718998,392295.2905964076,0.0,0.0,0.0,0.0,0.0
653,0.0,418971.8670185251,391849.9588686862,0.0,0.0,0.0,0.0,0.0
654,0.0,416236.52772159723,394758.7895778189,0.0,0.0,0.0,0.0,0.0
655,0.0,423847.8450876696,393776.95916196116,0.0,0.0,0.0,0.0,0.0
656,0.0,423105.50830537,401238.33916408406,0.0,0.0,0.0,0.0,0.0
657,0.0,416451.11986585736,403108.1869288725,0.0,0.0,0.0,0.0,0.0
658,0.0,426471.77169638395,396519.0518911557,0.0,0.0,0.0,0.0,0.0
659,0.0,421252.2310152485,404126.2719970007,0.0,0.0,0.0,0.0,0.0
660,0.0,423398.6314760299,402196.7402274887,0.0,0.0,0.0,0.0,0.0
661,0.0,430535.9955820091,404795.3819139864,0.0,0.0,0.0,0.0,0.0
662,0.0,426312.38278968324,412422.2702238765,0.0,0.0,0.0,0.0,0.0
663,0.0,438351.4219659039,408687.4825394556,0.0,0.0,0.0,0.0,0.0
664,0.0,444063.97588096326,418814.53024917096,0.0,0.0,0.0,0.0,0.0
665,0.0,446796.66088473867,421480.89471089933,0.0,0.0,0.0,0.0,0.0
666,0.0,461105.12295091443,421008.5904108644,0.0,0.0,0.0,0.0,0.0
667,0.0,452613.42047732737,433363.33408804954,0.0,0.0,0.0,0.0,0.0
668,0.0,455085.44360065524,427140.8171186367,0.0,0.0,0.0,0.0,0.0
669,0.0,456683.4949947916,432308.1807602921,0.0,0.0,0.0,0.0,0.0
670,0.0,458245.2548426047,433700.8829955319,0.0,0.0,0.0,0.0,0.0
671,0.0,464573.63991819206,435990.34270929766,0.0,0.0,0.0,0.0,0.0
672,0.0,461059.0398442033,440267.5285241929,0.0,0.0,0.0,0.0,0.0
673,0.0,456018.06162795867,437784.5017812885,0.0,0.0,0.0,0.0,0.0
674,0.0,458087.673781367,435421.3719637924,0.0,0.0,0.0,0.0,0.0
675,0.0,455447.22225644207,436841.7756126765,0.0,0.0,0.0,0.0,0.0
676,0.0,462918.4967146362,434910.55563847267,0.0,0.0,0.0,0.0,0.0
677,0.0,457810.44500519853,440319.72947863914,0.0,0.0,0.0,0.0,0.0
678,0.0,472505.5252710527,436924.91663206683,0.0,0.0,0.0,0.0,0.0
679,0.0,460368.9239997953,451200.4799534424,0.0,0.0,0.0,0.0,0.0
680,0.0,467497.4749175825,441438.91305972956,0.0,0.0,0.0,0.0,0.0
681,0.0,472277.42122242245,449988.3834607543,0.0,0.0,0.0,0.0,0.0
682,0.0,461711.34698679764,454758.69345593784,0.0,0.0,0.0,0.0,0.0
683,0.0,464292.39428058226,446542.5623714054,0.0,0.0,0.0,0.0,0.0
684,0.0,469811.8280503239,450489.9801925272,0.0,0.0,0.0,0.0,0.0
685,0.0,477533.29197633825,454401.8187276128,0.0,0.0,0.0,0.0,0.0
686,0.0,493113.99516232306,458949.4348605488,0.0,0.0,0.0,0.0,0.0
687,0.0,488264.900966351,470957.7035868092,0.0,0.0,0.0,0.0,0.0
688,0.0,491377.2083520956,468856.4165137079,0.0,0.0,0.0,0.0,0.0
689,0.0,491843.66423633846,474452.30641397217,0.0,0.0,0.0,0.0,0.0
690,0.0,491436.2480095556,473156.3258556345,0.0,0.0,0.0,0.0,0.0
691,0.0,494025.2997516579,474182.4514400818,0.0,0.0,0.0,0.0,0.0
692,0.0,491812.99371614796,476023.6187302426,0.0,0.0,0.0,0.0,0.0
693,0.0,486826.75710988406,473664.2121379077,0.0,0.0,0.0,0.0,0.0
694,0.0,497216.9395923824,469437.67221106956,0.0,0.0,0.0,0.0,0.0
695,0.0,485023.9725548954,479460.25151026103,0.0,0.0,0.0,0.0,0.0
696,0.0,487613.0751116883,470009.7223710134,0.0,0.0,0.0,0.0,0.0
697,0.0,498150.74991175445,473989.18351395783,0.0,0.0,0.0,0.0,0.0
698,0.0,494394.2490609299,484693.0689240307,0.0,0.0,0.0,0.0,0.0
699,0.0,486323.7847084519,481470.31222165516,0.0,0.0,0.0,0.0,0.0
700,0.0,489825.06201846484,474619.7051750775,0.0,0.0,0.0,0.0,0.0
701,0.0,500458.67362169764,478291.3977141799,0.0,0.0,0.0,0.0,0.0
702,0.0,503414.0315009842,487897.8778987682,0.0,0.0,0.0,0.0,0.0
703,0.0,511178.3792141418,489489.9908293345,0.0,0.0,0.0,0.0,0.0
704,0.0,515491.82732611004,498288.9999173885,0.0,0.0,0.0,0.0,0.0
705,0.0,519987.87508472044,501810.14412984555,0.0,0.0,0.0,0.0,0.0
706,0.0,533832.7508737585,506738.2810031835,0.0,0.0,0.0,0.0,0.0
707,0.0,529293.9759396218,519842.1408012278,0.0,0.0,0.0,0.0,0.0
708,0.0,534162.8457123669,516516.5409335292,0.0,0.0,0.0,0.0,0.0
709,0.0,543858.4812589118,522924.3858043957,0.0,0.0,0.0,0.0,0.0
710,0.0,551069.2216220336,530421.1874040193,0.0,0.0,0.0,0.0,0.0
711,0.0,550585.332101675,536941.459117846,0.0,0.0,0.0,0.0,0.0
712,0.0,560974.7847540359,537337.2344158449,0.0,0.0,0.0,0.0,0.0
713,0.0,557419.155416656,547866.1837464753,0.0,0.0,0.0,0.0,0.0
714,0.0,572135.320114448,544042.5639529506,0.0,0.0,0.0,0.0,0.0
715,0.0,561064.7679871168,556947.8478372372,0.0,0.0,0.0,0.0,0.0
716,0.0,563571.3614723687,547521.0844695882,0.0,0.0,0.0,0.0,0.0
717,0.0,573253.3348283401,552236.9115150456,0.0,0.0,0.0,0.0,0.0
718,0.0,571530.6984966676,562174.4208888308,0.0,0.0,0.0,0.0,0.0
719,0.0,562621.699039009,560550.0345970554,0.0,0.0,0.0,0.0,0.0
720,0.0,576703.9332473524,552040.4413901645,0.0,0.0,0.0,0.0,0.0
721,0.0,582400.709895938,566726.6480710678,0.0,0.0,0.0,0.0,0.0
722,0.0,575279.7287262938,571157.0870549567,0.0,0.0,0.0,0.0,0.0
723,0.0,596245.6314945517,564292.6366043333,0.0,0.0,0.0,0.0,0.0
724,0.0,601470.2662556863,583414.6218489093,0.0,0.0,0.0,0.0,0.0
725,0.0,601587.7800332478,586828.9363162799,0.0,0.0,0.0,0.0,0.0
726,0.0,620786.683472229,585748.7424665611,0.0,0.0,0.0,0.0,0.0
727,0.0,620937.5641555036,604514.7655552892,0.0,0.0,0.0,0.0,0.0
728,0.0,629945.4071132328,604845.9237937714,0.0,0.0,0.0,0.0,0.0
729,0.0,627337.1234034066,613048.6187870316,0.0,0.0,0.0,0.0,0.0
730,0.0,638594.6616887517,609635.9566594564,0.0,0.0,0.0,0.0,0.0
731,0.0,644152.9345227799,618927.1878157675,0.0,0.0,0.0,0.0,0.0
732,0.0,653569.5948188483,626085.2779547934,0.0,0.0,0.0,0.0,0.0
733,0.0,649028.6555570688,631133.4774442813,0.0,0.0,0.0,0.0,0.0
734,0.0,668631.7401093967,626370.8421372358,0.0,0.0,0.0,0.0,0.0
735,0.0,656409.266096881,643227.3190363002,0.0,0.0,0.0,0.0,0.0
736,0.0,659013.1759415242,632748.332271415,0.0,0.0,0.0,0.0,0.0
737,0.0,671260.824338312,636480.7515603618,0.0,0.0,0.0,0.0,0.0
738,0.0,663702.4216845938,647064.3324821533,0.0,0.0,0.0,0.0,0.0
739,0.0,659503.1526691488,638838.7799121746,0.0,0.0,0.0,0.0,0.0
740,0.0,670377.986851794,637503.23665056,0.0,0.0,0.0,0.0,0.0
741,0.0,675366.1654186322,647862.7646731563,0.0,0.0,0.0,0.0,0.0
742,0.0,670312.4701263832,651381.2679506132,0.0,0.0,0.0,0.0,0.0
743,0.0,675454.1948268368,649700.5766890408,0.0,0.0,0.0,0.0,0.0
744,0.0,680355.793572614,652572.7486852868,0.0,0.0,0.0,0.0,0.0
745,0.0,684908.3756057766,654272.6550425106,0.0,0.0,0.0,0.0,0.0
746,0.0,703119.6250086272,659738.1217837379,0.0,0.0,0.0,0.0,0.0
747,0.0,708137.8872682209,677400.5916489003,0.0,0.0,0.0,0.0,0.0
748,0.0,711702.7566676378,684583.4956491725,0.0,0.0,0.0,0.0,0.0
749,0.0,727026.6649571912,686306.2694660593,0.0,0.0,0.0,0.0,0.0
750,0.0,724010.2161189616,701011.6336601838,0.0,0.0,0.0,0.0,0.0
751,0.0,735983.0757006606,700248.9823424618,0.0,0.0,0.0,0.0,0.0
752,0.0,753374.9626301848,711046.9019485554,0.0,0.0,0.0,0.0,0.0
753,0.0,752494.2670013024,725177.9439467832,0.0,0.0,0.0,0.0,0.0
754,0.0,773543.7994287206,725009.7130146865,0.0,0.0,0.0,0.0,0.0
755,0.0,764960.4892263846,743877.5087996019,0.0,0.0,0.0,0.0,0.0
756,0.0,780570.4783232987,735662.2680168917,0.0,0.0,0.0,0.0,0.0
757,0.0,782483.639788443,749423.0083812352,0.0,0.0,0.0,0.0,0.0
758,0.0,787848.2582486351,755294.9914054236,0.0,0.0,0.0,0.0,0.0
759,0.0,782218.8579522021,760893.6950704431,0.0,0.0,0.0,0.0,0.0
760,0.0,802164.8271226448,756025.2153234044,0.0,0.0,0.0,0.0,0.0
761,0.0,795487.676938882,774144.8021775158,0.0,0.0,0.0,0.0,0.0
762,0.0,789184.0153268954,766910.5668944733,0.0,0.0,0.0,0.0,0.0
763,0.0,808880.4429958318,760886.9697299915,0.0,0.0,0.0,0.0,0.0
764,0.0,810679.0513847696,778800.3243557642,0.0,0.0,0.0,0.0,0.0
765,0.0,810511.7882153116,777194.1993203524,0.0,0.0,0.0,0.0,0.0
766,0.0,815733.4038658941,779799.0000665056,0.0,0.0,0.0,0.0,0.0
767,0.0,821397.3467763874,788564.1514547605,0.0,0.0,0.0,0.0,0.0
768,0.0,843721.9192349516,790920.8479382774,0.0,0.0,0.0,0.0,0.0
769,0.0,838431.5353543644,811160.1961559635,0.0,0.0,0.0,0.0,0.0
770,0.0,839054.9784582439,806912.4081755922,0.0,0.0,0.0,0.0,0.0
771,0.0,855893.8845132428,811717.5746576448,0.0,0.0,0.0,0.0,0.0
772,0.0,867466.1351519655,824886.1278400426,0.0,0.0,0.0,0.0,0.0
773,0.0,866031.7690988077,830960.4086435759,0.0,0.0,0.0,0.0,0.0
774,0.0,872901.3181275219,830342.7436226471,0.0,0.0,0.0,0.0,0.0
775,0.0,875931.4409528328,839931.3031999402,0.0,0.0,0.0,0.0,0.0
776,0.0,873927.2341063628,840978.3152756619,0.0,0.0,0.0,0.0,0.0
777,0.0,889390.4466249663,840747.6714428602,0.0,0.0,0.0,0.0,0.0
778,0.0,885262.0349947766,858579.331225949,0.0,0.0,0.0,0.0,0.0
779,0.0,895937.2583399644,857379.8366914267,0.0,0.0,0.0,0.0,0.0
780,0.0,910970.5301956843,868873.0122027819,0.0,0.0,0.0,0.0,0.0
781,0.0,894449.6908535031,881616.2435555275,0.0,0.0,0.0,0.0,0.0
782,0.0,875194.303582608,861656.2291723965,0.0,0.0,0.0,0.0,0.0
783,0.0,923007.4413351496,844931.5969987871,0.0,0.0,0.0,0.0,0.0
784,0.0,911548.6763526559,892806.46090018,0.0,0.0,0.0,0.0,0.0
785,0.0,926330.4287764442,879804.0871818152,0.0,0.0,0.0,0.0,0.0
786,0.0,936494.1031620231,891221.0302731264,0.0,0.0,0.0,0.0,0.0
787,0.0,918899.2328118655,898097.4083579553,0.0,0.0,0.0,0.0,0.0
788,0.0,951611.1480317052,881560.3261389234,0.0,0.0,0.0,0.0,0.0
789,0.0,958841.4038909121,913329.0288533099,0.0,0.0,0.0,0.0,0.0
790,0.0,965747.0471345915,919737.3064402627,0.0,0.0,0.0,0.0,0.0
791,0.0,985884.8330922714,925891.9506790903,0.0,0.0,0.0,0.0,0.0
792,0.0,1002616.6113915719,950452.7410757465,0.0,0.0,0.0,0.0,0.0
793,0.0,1005106.0881054269,963333.991820569,0.0,0.0,0.0,0.0,0.0
794,0.0,1031008.3919451603,968316.2477879461,0.0,0.0,0.0,0.0,0.0
795,0.0,1045018.595827076,997102.0979981158,0.0,0.0,0.0,0.0,0.0
796,0.0,1048998.3929855612,1013893.0117609854,0.0,0.0,0.0,0.0,0.0
797,0.0,1046916.9652852914,1012397.3387492166,0.0,0.0,0.0,0.0,0.0
798,0.0,1075464.890284605,1011833.8556453579,0.0,0.0,0.0,0.0,0.0
799,0.0,1061668.1755352728,1031798.3563942657,0.0,0.0,0.0,0.0,0.0
800,0.0,1084775.3810992432,1019870.6985688213,0.0,0.0,0.0,0.0,0.0
801,0.0,1092391.0831853806,1043676.0646147702,0.0,0.0,0.0,0.0,0.0
802,0.0,1062612.4456183983,1052011.695081194,0.0,0.0,0.0,0.0,0.0
803,0.0,1098154.5637644485,1027452.566191628,0.0,0.0,0.0,0.0,0.0
804,0.0,1072186.9728616695,1056525.5774649943,0.0,0.0,0.0,0.0,0.0
805,0.0,1078822.0636137186,1034214.1776178969,0.0,0.0,0.0,0.0,0.0
806,0.0,1089920.5015371095,1047445.6884992251,0.0,0.0,0.0,0.0,0.0
807,0.0,1067598.5172937624,1056993.275539195,0.0,0.0,0.0,0.0,0.0
808,0.0,1099674.0404050243,1038573.3479055479,0.0,0.0,0.0,0.0,0.0
809,0.0,1088233.8228432261,1068487.3398032973,0.0,0.0,0.0,0.0,0.0
810,0.0,1098328.3634749928,1058059.9494719561,0.0,0.0,0.0,0.0,0.0
811,0.0,1114524.4512039328,1067277.9075196548,0.0,0.0,0.0,0.0,0.0
812,0.0,1113647.2812967687,1079132.5742769893,0.0,0.0,0.0,0.0,0.0
813,0.0,1134345.7663938934,1077835.6740731453,0.0,0.0,0.0,0.0,0.0
814,0.0,1131621.3301600912,1097115.318369514,0.0,0.0,0.0,0.0,0.0
815,0.0,1145777.4010594436,1099710.2233392585,0.0,0.0,0.0,0.0,0.0
816,0.0,1171601.500013548,1111724.0806859797,0.0,0.0,0.0,0.0,0.0
817,0.0,1163890.9651408084,1135941.7067605138,0.0,0.0,0.0,0.0,0.0
818,0.0,1188985.0468582294,1129318.5355132252,0.0,0.0,0.0,0.0,0.0
819,0.0,1186706.7727774389,1152430.9471539252,0.0,0.0,0.0,0.0,0.0
820,0.0,1202574.1830975297,1158248.3415275123,0.0,0.0,0.0,0.0,0.0
821,0.0,1225812.433070734,1171707.1947551316,0.0,0.0,0.0,0.0,0.0
822,0.0,1204417.8483043574,1190007.6571269329,0.0,0.0,0.0,0.0,0.0
823,0.0,1252049.2357689098,1170497.063300212,0.0,0.0,0.0,0.0,0.0
824,0.0,1209888.6119958318,1208439.861739691,0.0,0.0,0.0,0.0,0.0
825,0.0,1212594.7186006282,1178613.641336785,0.0,0.0,0.0,0.0,0.0
826,0.0,1244593.9336014274,1179472.5933693713,0.0,0.0,0.0,0.0,0.0
827,0.0,1206487.8172109332,1206822.0789104966,0.0,0.0,0.0,0.0,0.0
828,0.0,1261605.10369979,1170066.4822957623,0.0,0.0,0.0,0.0,0.0
829,0.0,1258519.173738935,1225211.5156258352,0.0,0.0,0.0,0.0,0.0
830,0.0,1271958.3337626657,1215380.3809994173,0.0,0.0,0.0,0.0,0.0
831,0.0,1298778.1413507257,1232934.4605704634,0.0,0.0,0.0,0.0,0.0
832,0.0,1304472.760044572,1254305.9137560686,0.0,0.0,0.0,0.0,0.0
833,0.0,1312054.8982321294,1258178.132636892,0.0,0.0,0.0,0.0,0.0
834,0.0,1335930.8125173147,1265060.5822935337,0.0,0.0,0.0,0.0,0.0
835,0.0,1331037.214729873,1281520.7432100412,0.0,0.0,0.0,0.0,0.0
836,0.0,1329353.5443117267,1282330.2293577236,0.0,0.0,0.0,0.0,0.0
837,0.0,1335014.4883049815,1286633.9401609888,0.0,0.0,0.0,0.0,0.0
838,0.0,1341138.4315908698,1290928.5794835095,0.0,0.0,0.0,0.0,0.0
839,0.0,1354527.3055386695,1297967.6906594913,0.0,0.0,0.0,0.0,0.0
840,0.0,1349248.2381844597,1312520.7029109888,0.0,0.0,0.0,0.0,0.0
841,0.0,1378751.537304849,1306942.901355532,0.0,0.0,0.0,0.0,0.0
842,0.0,1343282.608571813,1333359.5928376452,0.0,0.0,0.0,0.0,0.0
843,0.0,1362231.8501786964,1307899.6794147175,0.0,0.0,0.0,0.0,0.0
844,0.0,1333522.80129171,1326921.956567018,0.0,0.0,0.0,0.0,0.0
845,0.0,1348944.1472912342,1296971.5742354793,0.0,0.0,0.0,0.0,0.0
846,0.0,1360671.4793338897,1316789.4900336876,0.0,0.0,0.0,0.0,0.0
847,0.0,1337001.0424622893,1329257.392591317,0.0,0.0,0.0,0.0,0.0
848,0.0,1355661.070040686,1305620.5246782308,0.0,0.0,0.0,0.0,0.0
849,0.0,1348474.8581477485,1324566.446771884,0.0,0.0,0.0,0.0,0.0
850,0.0,1350088.5660311203,1314794.067300028,0.0,0.0,0.0,0.0,0.0
851,0.0,1360117.2660342471,1312352.5080302001,0.0,0.0,0.0,0.0,0.0
852,0.0,1412240.617782706,1311703.040504445,0.0,0.0,0.0,0.0,0.0
853,0.0,1416503.0944645936,1355308.2105495797,0.0,0.0,0.0,0.0,0.0
854,0.0,1413676.7279213998,1374394.279781827,0.0,0.0,0.0,0.0,0.0
855,0.0,1427513.4059559319,1375676.1083954321,0.0,0.0,0.0,0.0,0.0
856,0.0,1462536.5953999874,1389687.0412354912,0.0,0.0,0.0,0.0,0.0
857,0.0,1498527.0127352374,1415414.050020661,0.0,0.0,0.0,0.0,0.0
858,0.0,1479429.2286038552,1448120.8529525509,0.0,0.0,0.0,0.0,0.0
859,0.0,1535513.1451359908,1425775.311159927,0.0,0.0,0.0,0.0,0.0
860,0.0,1551243.6721984176,1474839.903202704,0.0,0.0,0.0,0.0,0.0
861,0.0,1581740.0503161387,1489614.7711646366,0.0,0.0,0.0,0.0,0.0
862,0.0,1570600.1459025755,1508502.0810779063,0.0,0.0,0.0,0.0,0.0
863,0.0,1621791.141159321,1500773.5036784415,0.0,0.0,0.0,0.0,0.0
864,0.0,1558952.0752446728,1548279.6745337865,0.0,0.0,0.0,0.0,0.0
865,0.0,1556536.1838042343,1497102.7421618025,0.0,0.0,0.0,0.0,0.0
866,0.0,1591475.8262572035,1505960.3357972957,0.0,0.0,0.0,0.0,0.0
867,0.0,1560889.337622276,1526244.761072968,0.0,0.0,0.0,0.0,0.0
868,0.0,1579971.5192398373,1504091.3568989635,0.0,0.0,0.0,0.0,0.0
869,0.0,1572568.9604946964,1528555.3259943216,0.0,0.0,0.0,0.0,0.0
870,0.0,1557434.6504006349,1521136.7924381618,0.0,0.0,0.0,0.0,0.0
871,0.0,1595095.786855413,1506644.2529042051,0.0,0.0,0.0,0.0,0.0
872,0.0,1581855.9229751497,1538056.2951048482,0.0,0.0,0.0,0.0,0.0
873,0.0,1589437.549406744,1527143.0220549344,0.0,0.0,0.0,0.0,0.0
874,0.0,1613859.871081131,1535244.248920086,0.0,0.0,0.0,0.0,0.0
875,0.0,1580307.246627988,1560859.146225292,0.0,0.0,0.0,0.0,0.0
876,0.0,1592130.530021186,1530802.3264906614,0.0,0.0,0.0,0.0,0.0
877,0.0,1592229.187421939,1540996.0140617422,0.0,0.0,0.0,0.0,0.0
878,0.0,1594199.884158399,1536427.894913979,0.0,0.0,0.0,0.0,0.0
879,0.0,1615843.7769281382,1538881.684364048,0.0,0.0,0.0,0.0,0.0
880,0.0,1641747.5338551274,1559968.1904775351,0.0,0.0,0.0,0.0,0.0
881,0.0,1699008.2331896098,1584918.8861523136,0.0,0.0,0.0,0.0,0.0
882,0.0,1674309.868491424,1638820.3645218285,0.0,0.0,0.0,0.0,0.0
883,0.0,1729712.1756977942,1621498.2247916271,0.0,0.0,0.0,0.0,0.0
884,0.0,1694951.3316778876,1666411.7439380395,0.0,0.0,0.0,0.0,0.0
885,0.0,1712819.5204082176,1637948.3994041588,0.0,0.0,0.0,0.0,0.0
886,0.0,1730720.4327565962,1659436.2892833245,0.0,0.0,0.0,0.0,0.0
887,0.0,1707669.6586777824,1670220.1205154639,0.0,0.0,0.0,0.0,0.0
888,0.0,1764691.0491628302,1657335.9688303322,0.0,0.0,0.0,0.0,0.0
889,0.0,1763655.0492431873,1709219.3478318762,0.0,0.0,0.0,0.0,0.0
890,0.0,1761834.5068988125,1697111.4152341767,0.0,0.0,0.0,0.0,0.0
891,0.0,1809222.678359013,1703817.5919623913,0.0,0.0,0.0,0.0,0.0
892,0.0,1818562.9553205087,1749378.9580712554,0.0,0.0,0.0,0.0,0.0
893,0.0,1838457.4492762387,1753690.0129680512,0.0,0.0,0.0,0.0,0.0
894,0.0,1868327.4460703922,1777177.2886701918,0.0,0.0,0.0,0.0,0.0
895,0.0,1843947.2857020905,1805850.8000500335,0.0,0.0,0.0,0.0,0.0
896,0.0,1902969.143503329,1785522.019721563,0.0,0.0,0.0,0.0,0.0
897,0.0,1849491.5347393015,1834936.5523467031,0.0,0.0,0.0,0.0,0.0
898,0.0,1848180.047300455,1790910.6310425224,0.0,0.0,0.0,0.0,0.0
899,0.0,1908404.6875967723,1785710.9691280134,0.0,0.0,0.0,0.0,0.0
900,0.0,1918944.7520477164,1837343.1279360717,0.0,0.0,0.0,0.0,0.0
901,0.0,1937350.579148668,1846444.0257104672,0.0,0.0,0.0,0.0,0.0
902,0.0,1977146.9501384986,1864849.8560259212,0.0,0.0,0.0,0.0,0.0
903,0.0,1965073.7950937552,1898694.9579157506,0.0,0.0,0.0,0.0,0.0
904,0.0,1937719.2534121326,1893788.4616166218,0.0,0.0,0.0,0.0,0.0
905,0.0,1986687.9678561774,1865143.461084968,0.0,0.0,0.0,0.0,0.0
906,0.0,2013273.5722684092,1908689.5729853427,0.0,0.0,0.0,0.0,0.0
907,0.0,1958576.690582763,1936237.748054052,0.0,0.0,0.0,0.0,0.0
908,0.0,2032069.8712554204,1893299.3532134471,0.0,0.0,0.0,0.0,0.0
909,0.0,2054160.951923674,1960897.3542202204,0.0,0.0,0.0,0.0,0.0
910,0.0,2061642.016847968,1968838.0090107608,0.0,0.0,0.0,0.0,0.0
911,0.0,2122355.1605148064,1971614.6482634274,0.0,0.0,0.0,0.0,0.0
912,0.0,2135064.220103673,2022461.06766363,0.0,0.0,0.0,0.0,0.0
913,0.0,2143861.023256076,2028811.50050801,0.0,0.0,0.0,0.0,0.0
914,0.0,2191928.9777623466,2040729.9037868525,0.0,0.0,0.0,0.0,0.0
915,0.0,2210565.2929171408,2090171.5316901344,0.0,0.0,0.0,0.0,0.0
916,0.0,2212011.519961648,2119456.820344422,0.0,0.0,0.0,0.0,0.0
917,0.0,2169511.993912722,2122212.6957263118,0.0,0.0,0.0,0.0,0.0
918,0.0,2180435.8401451125,2086724.4696962656,0.0,0.0,0.0,0.0,0.0
919,0.0,2212948.225107604,2101389.6685127784,0.0,0.0,0.0,0.0,0.0
920,0.0,2248695.3337374046,2132026.844462092,0.0,0.0,0.0,0.0,0.0
921,0.0,2237779.899485164,2166701.5092191184,0.0,0.0,0.0,0.0,0.0
922,0.0,2290482.4904141147,2160274.8109994144,0.0,0.0,0.0,0.0,0.0
923,0.0,2325906.47579217,2204414.314667439,0.0,0.0,0.0,0.0,0.0
924,0.0,2308752.0236604693,2240675.3970741853,0.0,0.0,0.0,0.0,0.0
925,0.0,2305131.9003936783,2228799.6434189253,0.0,0.0,0.0,0.0,0.0
926,0.0,2336514.205706164,2230344.4471757286,0.0,0.0,0.0,0.0,0.0
927,0.0,2281094.8792979307,2250696.0477653192,0.0,0.0,0.0,0.0,0.0
928,0.0,2310962.5262456597,2198617.194639441,0.0,0.0,0.0,0.0,0.0
929,0.0,2342463.0290246014,2231601.845782798,0.0,0.0,0.0,0.0,0.0
930,0.0,2307045.077450351,2247229.553894455,0.0,0.0,0.0,0.0,0.0
931,0.0,2296798.0406623627,2220441.2639448335,0.0,0.0,0.0,0.0,0.0
932,0.0,2367145.201094895,2219646.314208055,0.0,0.0,0.0,0.0,0.0
933,0.0,2358895.4400746287,2277337.934790002,0.0,0.0,0.0,0.0,0.0
934,0.0,2424917.21300664,2253478.5895444453,0.0,0.0,0.0,0.0,0.0
935,0.0,2452686.2290618294,2327849.97421102,0.0,0.0,0.0,0.0,0.0
936,0.0,2481615.2883343077,2354609.5160952997,0.0,0.0,0.0,0.0,0.0
937,0.0,2470932.1785383546,2380503.011752644,0.0,0.0,0.0,0.0,0.0
938,0.0,2524433.6997584095,2376822.3611705885,0.0,0.0,0.0,0.0,0.0
939,0.0,2569690.3303106,2428684.768660506,0.0,0.0,0.0,0.0,0.0
940,0.0,2570051.803900426,2461083.46023662,0.0,0.0,0.0,0.0,0.0
941,0.0,2638658.847459486,2463746.3947229404,0.0,0.0,0.0,0.0,0.0
942,0.0,2657890.099270988,2515782.74101586,0.0,0.0,0.0,0.0,0.0
943,0.0,2684998.130289051,2526536.4964180333,0.0,0.0,0.0,0.0,0.0
944,0.0,2716944.711690161,2557368.6755887587,0.0,0.0,0.0,0.0,0.0
945,0.0,2695877.781963341,2582878.842826327,0.0,0.0,0.0,0.0,0.0
946,0.0,2689982.212886276,2571684.801803978,0.0,0.0,0.0,0.0,0.0
947,0.0,2624220.438137325,2573718.015036952,0.0,0.0,0.0,0.0,0.0
948,0.0,2688968.8653449225,2522801.120755162,0.0,0.0,0.0,0.0,0.0
949,0.0,2705964.862439034,2580185.1497264397,0.0,0.0,0.0,0.0,0.0
950,0.0,2661827.7827439224,2581046.14444604,0.0,0.0,0.0,0.0,0.0
951,0.0,2733696.0883100894,2540826.2971694474,0.0,0.0,0.0,0.0,0.0
952,0.0,2764998.313973204,2600018.3967507132,0.0,0.0,0.0,0.0,0.0
953,0.0,2735938.4316824847,2626884.493068103,0.0,0.0,0.0,0.0,0.0
954,0.0,2764285.171331783,2603865.4076797557,0.0,0.0,0.0,0.0,0.0
955,0.0,2799788.755726233,2642820.5799236116,0.0,0.0,0.0,0.0,0.0
956,0.0,2765448.0043753716,2662151.743650664,0.0,0.0,0.0,0.0,0.0
957,0.0,2745832.1595116956,2636166.079548378,0.0,0.0,0.0,0.0,0.0
958,0.0,2801950.6273310874,2619125.898560621,0.0,0.0,0.0,0.0,0.0
959,0.0,2843082.299349127,2672210.321647486,0.0,0.0,0.0,0.0,0.0
960,0.0,2814714.403028684,2710479.3400085894,0.0,0.0,0.0,0.0,0.0
961,0.0,2909556.9948683106,2678807.2743070014,0.0,0.0,0.0,0.0,0.0
962,0.0,2946086.537581927,2769825.060611499,0.0,0.0,0.0,0.0,0.0
963,0.0,2965856.7767672352,2806338.36479949,0.0,0.0,0.0,0.0,0.0
964,0.0,3011221.352471976,2826415.2973381234,0.0,0.0,0.0,0.0,0.0
965,0.0,2980354.1291003865,2879120.452071622,0.0,0.0,0.0,0.0,0.0
966,0.0,3033127.495061426,2861705.8007091116,0.0,0.0,0.0,0.0,0.0
967,0.0,2977622.2097791573,2911106.9671299844,0.0,0.0,0.0,0.0,0.0
968,0.0,2996075.9775199112,2846023.8172953655,0.0,0.0,0.0,0.0,0.0
969,0.0,3036190.927178179,2861291.511025765,0.0,0.0,0.0,0.0,0.0
970,0.0,2951706.601766555,2908790.9938281607,0.0,0.0,0.0,0.0,0.0
971,0.0,3034602.6424991675,2833566.6070552473,0.0,0.0,0.0,0.0,0.0
972,0.0,3102222.885337044,2908101.3655003426,0.0,0.0,0.0,0.0,0.0
973,0.0,3046672.1803417807,2960368.3013518443,0.0,0.0,0.0,0.0,0.0
974,0.0,3145268.3228002763,2913601.760589932,0.0,0.0,0.0,0.0,0.0
975,0.0,3148697.899363009,3007413.8738522823,0.0,0.0,0.0,0.0,0.0
976,0.0,3115526.517864489,3006346.9356315997,0.0,0.0,0.0,0.0,0.0
977,0.0,3131668.0579330544,2981419.021447552,0.0,0.0,0.0,0.0,0.0
978,0.0,3137015.8838409274,2997134.616693157,0.0,0.0,0.0,0.0,0.0
979,0.0,3075848.6795315235,3014728.8224011953,0.0,0.0,0.0,0.0,0.0
980,0.0,3046542.9016287476,2955950.0846892847,0.0,0.0,0.0,0.0,0.0
981,0.0,3032508.6704328107,2930163.9104468892,0.0,0.0,0.0,0.0,0.0
982,0.0,3085439.7182714487,2902997.8817073414,0.0,0.0,0.0,0.0,0.0
983,0.0,3099425.4077980113,2948327.114040771,0.0,0.0,0.0,0.0,0.0
984,0.0,3139983.604100534,2971160.0306771644,0.0,0.0,0.0,0.0,0.0
985,0.0,3112567.866514525,3020801.3084977893,0.0,0.0,0.0,0.0,0.0
986,0.0,3164535.5181586,3012142.5845951783,0.0,0.0,0.0,0.0,0.0
987,0.0,3141221.486978767,3051948.396245681,0.0,0.0,0.0,0.0,0.0
988,0.0,3199975.8142422144,3025707.0847916002,0.0,0.0,0.0,0.0,0.0
989,0.0,3237416.809433643,3082775.2475227984,0.0,0.0,0.0,0.0,0.0
990,0.0,3207473.3150796797,3117050.02663256,0.0,0.0,0.0,0.0,0.0
991,0.0,3270777.018260809,3102947.7909222157,0.0,0.0,0.0,0.0,0.0
992,0.0,3360828.799865529,3156748.0489856508,0.0,0.0,0.0,0.0,0.0
993,0.0,3278324.4868447282,3226142.8466036003,0.0,0.0,0.0,0.0,0.0
994,0.0,3404652.5102889165,3156202.4802527297,0.0,0.0,0.0,0.0,0.0
995,0.0,3424644.664490392,3280213.7146428195,0.0,0.0,0.0,0.0,0.0
996,0.0,3423562.4364733845,3289610.1431012526,0.0,0.0,0.0,0.0,0.0
997,0.0,3515767.9469062695,3300807.355457198,0.0,0.0,0.0,0.0,0.0
998,0.0,3462587.8134927163,3382963.2483608015,0.0,0.0,0.0,0.0,0.0
999,0.0,3530941.6421226007,3330012.110660429,0.0,0.0,0.0,0.0,0.0
1000,0.0,3532912.719290839,3374908.6404668996,0.0,0.0,0.0,0.0,0.0
