1,0.0,-54061.58546200898,0.0,0.0,26833.605509681547,18125.0,13950.527745096977,0.0
2,0.0,-50937.25035595566,0.0,0.0,24249.021475294896,18237.0,13142.883794416184,0.0
3,0.0,-49525.159256459345,0.0,0.0,22560.09982463049,18057.0,12778.746733829583,0.0
4,0.0,-49318.13119363309,0.0,0.0,22360.631581746566,17845.0,12725.999161545458,0.0
5,0.0,-50091.59345837944,0.0,0.0,23026.319596711983,17761.0,12925.462523369963,0.0
6,0.0,-50302.26452197886,0.0,0.0,23327.41515539877,17593.0,12979.616399263636,0.0
7,0.0,-49923.377107766784,0.0,0.0,23251.475785686212,17374.0,12881.869339392366,0.0
8,0.0,-49860.5263288842,0.0,0.0,22733.66306993731,17452.0,12866.132113680154,0.0
9,0.0,-49895.98840016106,0.0,0.0,22815.272634245535,17256.0,12874.338079947614,0.0
10,0.0,-50170.20517404078,0.0,0.0,22807.31326517948,17313.0,12945.689467502638,0.0
11,0.0,-50038.913539491856,0.0,0.0,22516.222422714003,17305.0,12905.894508321053,0.0
12,0.0,-49645.053735958645,0.0,0.0,22171.257946757327,17306.0,12809.104227662165,0.0
13,0.0,-49276.405498108914,0.0,0.0,21799.124577513874,17241.0,12714.145730929642,0.0
14,0.0,-49119.57227932823,0.0,0.0,21402.447636331075,18752.0,11899.314077112205,-622.4653312014561
15,0.0,-48759.16572597956,0.0,0.0,20584.500530403464,17508.0,12580.858831862137,0.0
16,0.0,-48370.49515053748,0.0,0.0,19944.579155150255,17522.0,12480.597762961166,0.0
17,0.0,-48021.430297974344,0.0,0.0,19775.8787070038,17800.0,12045.503330122528,0.0
18,0.0,-47878.46538178899,0.0,0.0,19333.39292016307,17668.0,12353.999611452318,0.0
19,0.0,-47627.96131067686,0.0,0.0,18878.640175173146,17766.0,12289.924194439322,0.0
20,0.0,-47917.45952600351,0.0,0.0,18658.44650515183,19784.0,11461.874300771598,-803.5691898571536
21,0.0,-47609.82115638562,0.0,0.0,18025.722311105048,18364.0,12285.536864928485,0.0
22,0.0,-47539.94001359672,0.0,0.0,17635.68878026187,18464.0,12265.835674064634,0.0
23,0.0,-47417.88645357848,0.0,0.0,17065.55748928759,19880.0,11201.997747056539,0.0
24,0.0,-46515.98838040219,0.0,0.0,15686.649999243338,19288.0,12002.446126117818,0.0
25,0.0,-46723.82233194042,0.0,0.0,15433.820306042198,19490.0,12056.064378291969,0.0
26,0.0,-47971.365998175424,0.0,0.0,16400.684042401732,19466.0,12377.177688820124,0.0
27,0.0,-47500.874224206884,0.0,0.0,15877.62336208733,19648.0,12256.478891986973,0.0
28,0.0,-48120.94737409887,0.0,0.0,16130.51119456742,19823.0,12415.85524720295,0.0
29,0.0,-48243.240532755866,0.0,0.0,16074.072585534355,19947.0,12447.82375804455,0.0
30,0.0,-48271.697361480474,0.0,0.0,15649.514190960594,20402.0,12455.75713970823,0.0
31,0.0,-48469.40986652368,0.0,0.0,15662.373822946296,20548.0,12508.162749297353,0.0
32,0.0,-48693.15735187054,0.0,0.0,15898.6479363736,20460.0,12565.29929778647,0.0
33,0.0,-49130.95393455997,0.0,0.0,16008.836974790214,20660.0,12665.748211963974,0.0
34,0.0,-50225.140220698944,0.0,0.0,16577.43211462523,20867.0,12959.055457033186,0.0
35,0.0,-50418.74274658751,0.0,0.0,16458.957480404988,21166.0,13009.51628194216,0.0
36,0.0,-50690.362462179335,0.0,0.0,16007.380921780941,21752.0,13079.179060175038,0.0
37,0.0,-51535.97569531524,0.0,0.0,16576.522187389106,22224.0,12901.719528610403,0.0
38,0.0,-51603.91524154267,0.0,0.0,16604.411740858846,21897.0,13315.745829213138,0.0
39,0.0,-52169.92337179204,0.0,0.0,16843.81253236442,22061.0,13461.291700235459,0.0
40,0.0,-52176.37822978264,0.0,0.0,16283.21772656177,22610.0,13462.59292808741,0.0
41,0.0,-52148.202111593346,0.0,0.0,15856.323267958662,23502.0,12954.554249976116,0.0
42,0.0,-52318.861128706325,0.0,0.0,15784.211640661779,23167.0,13499.28082770681,0.0
43,0.0,-52310.83442232397,0.0,0.0,15439.952095926372,23517.0,13496.980850880707,0.0
44,0.0,-53032.989694086646,0.0,0.0,15505.199555479758,23997.0,13684.030318400937,0.0
45,0.0,-53535.28791473562,0.0,0.0,15582.37483823412,24310.0,13813.266584293084,0.0
46,0.0,-53817.06401028998,0.0,0.0,15791.479903032585,24324.0,13885.302236417087,0.0
47,0.0,-53951.65149620417,0.0,0.0,15570.956983679203,24617.0,13921.461661625768,0.0
48,0.0,-53762.05511598043,0.0,0.0,15204.138038779294,24819.0,13872.244367176801,0.0
49,0.0,-53484.30055560841,0.0,0.0,15203.672785144652,24898.0,13506.464129183249,0.0
50,0.0,-53058.59691860434,0.0,0.0,14691.523854647097,24824.0,13690.594113322895,0.0
51,0.0,-53267.284842460256,0.0,0.0,14979.330749996412,24686.0,13744.649926806882,0.0
52,0.0,-53873.2700811388,0.0,0.0,15466.664540280452,24903.0,13671.043884730247,0.0
53,0.0,-54060.74642230157,0.0,0.0,15902.882775022685,24572.0,13771.267452484371,0.0
54,0.0,-54247.22628038057,0.0,0.0,15994.336280065618,24424.0,13996.465704358721,0.0
55,0.0,-54280.138833615274,0.0,0.0,16162.152027554124,24304.0,14004.698059478213,0.0
56,0.0,-53616.69894010328,0.0,0.0,15702.63351717599,24261.0,13834.32245367808,0.0
57,0.0,-53274.02897591883,0.0,0.0,15430.152057825067,24273.0,13747.010011713359,0.0
58,0.0,-53418.52147896187,0.0,0.0,15229.47603960117,24599.0,13783.420095482883,0.0
59,0.0,-53767.23895161809,0.0,0.0,15540.532634231316,24533.0,13873.699359337277,0.0
60,0.0,-54025.80736994309,0.0,0.0,15585.09956647469,24703.0,13939.50012628548,0.0
61,0.0,-53981.69511625383,0.0,0.0,15511.904579622891,24731.0,13929.262146025132,0.0
62,0.0,-55103.47486729911,0.0,0.0,16404.858595454574,24865.0,14017.304613357768,0.0
63,0.0,-55665.20962108997,0.0,0.0,16622.931453570352,24897.0,14363.321189760507,0.0
64,0.0,-56301.723621059224,0.0,0.0,17205.629259146877,24804.0,14527.40623913025,0.0
65,0.0,-55946.26846596907,0.0,0.0,16467.030726624653,25250.0,14436.37039589334,0.0
66,0.0,-56688.17595587656,0.0,0.0,16742.735667040877,25520.0,14627.160647854575,0.0
67,0.0,-57843.15366300116,0.0,0.0,17253.752957831857,25883.0,14926.179691057047,0.0
68,0.0,-59176.19043857313,0.0,0.0,18198.613793457735,25852.0,15269.148809322072,0.0
69,0.0,-59602.05800943909,0.0,0.0,18286.078826074117,26111.0,15379.305277732758,0.0
70,0.0,-59802.79949155816,0.0,0.0,18344.330362635792,26230.0,15432.15466357545,0.0
71,0.0,-60404.99792440749,0.0,0.0,19060.26064795277,25968.0,15587.283692586654,0.0
72,0.0,-60720.76106856029,0.0,0.0,19339.335873203167,26600.0,15012.654101776661,0.0
73,0.0,-60263.13696055733,0.0,0.0,18416.363698611305,26491.0,15549.699364448064,0.0
74,0.0,-60869.990607446,0.0,0.0,18913.399501589553,26464.0,15704.703894013917,0.0
75,0.0,-60723.6267396313,0.0,0.0,18866.032995367965,26409.0,15669.328774259848,0.0
76,0.0,-60601.558344509016,0.0,0.0,19083.52514450196,26151.0,15636.250604797488,0.0
77,0.0,-61091.736544514846,0.0,0.0,19589.246096962008,26026.0,15765.027406995889,0.0
78,0.0,-61038.91079248453,0.0,0.0,19161.552828083844,26727.0,15373.468767771208,0.0
79,0.0,-61032.87937261167,0.0,0.0,19036.667468299933,26478.0,15747.946806958102,0.0
80,0.0,-61027.86902792058,0.0,0.0,19177.72332497142,26354.0,15745.743129066825,0.0
81,0.0,-61134.23832046982,0.0,0.0,19128.82617140236,26495.0,15774.62173890007,0.0
82,0.0,-61267.58747915005,0.0,0.0,18932.6261923727,27365.0,15245.721680565988,0.0
83,0.0,-62038.043875211886,0.0,0.0,19088.69414059289,27220.0,16007.537358441703,0.0
84,0.0,-62569.1328298753,0.0,0.0,19258.94638930179,27450.0,16144.35394690811,0.0
85,0.0,-62404.066890810514,0.0,0.0,19158.36799261275,27382.0,16102.34475517834,0.0
86,0.0,-63019.39847943285,0.0,0.0,19519.595763955665,27448.0,16260.032102656207,0.0
87,0.0,-63718.71476728547,0.0,0.0,20462.391741847525,28363.0,15483.352099105588,-375.25492506176585
88,0.0,-63942.38373906328,0.0,0.0,20541.48272715945,27118.0,16498.983508562153,0.0
89,0.0,-63654.753173696234,0.0,0.0,20424.432585652175,27032.0,16425.72210500909,0.0
90,0.0,-63918.736864740844,0.0,0.0,20631.59490194112,27040.0,16493.50510685693,0.0
91,0.0,-63951.23442440213,0.0,0.0,20803.487806609122,26913.0,16502.50930347424,0.0
92,0.0,-63797.9333493439,0.0,0.0,20533.579528178794,27041.0,16462.89510328853,0.0
93,0.0,-64997.50894595561,0.0,0.0,21203.38144761789,27667.0,16312.830337207011,0.0
94,0.0,-65465.224710497045,0.0,0.0,21429.573331575764,27325.0,16891.2076979282,0.0
95,0.0,-66519.96750428645,0.0,0.0,22003.042782204022,27442.0,17163.752567091156,0.0
96,0.0,-67036.49095565133,0.0,0.0,22387.73280133349,27468.0,17297.352981357704,0.0
97,0.0,-68096.11488647034,0.0,0.0,23131.778643845308,29072.0,16286.910167094857,-257.95125084260116
98,0.0,-67867.34612791263,0.0,0.0,22797.305013195288,27984.0,17238.22865608133,0.0
99,0.0,-68698.04805856798,0.0,0.0,23239.612475727754,27900.0,17725.612350390285,0.0
100,0.0,-68263.92651470704,0.0,0.0,22628.074271782087,28146.0,17613.130564871724,0.0
101,0.0,-69016.43591135481,0.0,0.0,22969.386622642,30088.0,16493.579518905368,-379.19876139332393
102,0.0,-69819.12472997251,0.0,0.0,23181.426154089015,28778.0,18014.80923389653,0.0
103,0.0,-70711.65772883328,0.0,0.0,23114.803353586678,30089.0,17628.871824859063,0.0
104,0.0,-71424.55432799162,0.0,0.0,22972.259273257856,30102.0,18428.570994116948,0.0
105,0.0,-71450.53830964197,0.0,0.0,22449.456700845443,30659.0,18435.237395483302,0.0
106,0.0,-72595.34558700795,0.0,0.0,23557.409429099247,30395.0,18731.40513022393,0.0
107,0.0,-73283.57331798402,0.0,0.0,23857.757811579824,30606.0,18909.517756964065,0.0
108,0.0,-73461.6680000772,0.0,0.0,23930.308671628536,30693.0,18955.61750216897,0.0
109,0.0,-73883.77298320911,0.0,0.0,24765.1765364545,30189.0,19063.411947126566,0.0
110,0.0,-74709.52533876899,0.0,0.0,25550.261972748638,30030.0,19277.73464792805,0.0
111,0.0,-75762.88937254541,0.0,0.0,26145.15857368227,30754.0,19022.147076449713,0.0
112,0.0,-76484.7827708071,0.0,0.0,26815.115384202294,30110.0,19734.946292213408,0.0
113,0.0,-77422.44321990815,0.0,0.0,27371.594163418817,30279.0,19978.04967366277,0.0
114,0.0,-77722.00794808593,0.0,0.0,27777.62001423192,30166.0,20024.570578653773,0.0
115,0.0,-77505.40292239691,0.0,0.0,27183.296757860782,30493.0,19997.67232280862,0.0
116,0.0,-77872.57746018234,0.0,0.0,27356.05852405455,30612.0,20093.69402541365,0.0
117,0.0,-78173.80598777643,0.0,0.0,27713.168144565327,30454.0,20169.57841037073,0.0
118,0.0,-77442.65137002073,0.0,0.0,26838.727020259255,30805.0,19982.128247935656,0.0
119,0.0,-78390.78674387523,0.0,0.0,26951.203657394337,32955.0,18641.931013805286,0.0
120,0.0,-78880.44804335153,0.0,0.0,27230.36095420714,31492.0,20352.185459592252,0.0
121,0.0,-78077.60993786926,0.0,0.0,26459.19546103009,32965.0,18837.159981464218,0.0
122,0.0,-78806.55412321536,0.0,0.0,26791.647434475948,32414.0,19816.141542958787,0.0
123,0.0,-78471.32568025544,0.0,0.0,26337.80679567771,32143.0,20247.83375962838,0.0
124,0.0,-77648.82289673167,0.0,0.0,25517.680847889005,32289.0,20035.013873311647,0.0
125,0.0,-77808.73419211923,0.0,0.0,25512.408260661185,32431.0,20076.892465838697,0.0
126,0.0,-78535.83079323095,0.0,0.0,26358.676226236945,32154.0,20264.75261319856,0.0
127,0.0,-78820.21806424786,0.0,0.0,26536.319280425523,33580.0,18961.91052326726,0.0
128,0.0,-79521.31600697953,0.0,0.0,26641.633154830342,32626.0,20517.316481597067,0.0
129,0.0,-79195.10442441463,0.0,0.0,26166.998184640106,32885.0,20434.335449261933,0.0
130,0.0,-78543.34078012175,0.0,0.0,25591.140861988824,32974.0,20265.692018054026,0.0
131,0.0,-79745.20528866044,0.0,0.0,26406.816907085704,33909.0,19752.89324081649,0.0
132,0.0,-79446.02824708621,0.0,0.0,26193.792444253417,33043.0,20498.740304067145,0.0
133,0.0,-79843.50205554784,0.0,0.0,26261.36278722281,33266.0,20601.690174790725,0.0
134,0.0,-80128.0918564155,0.0,0.0,25993.10407263598,37991.0,18838.94020645743,-2393.828370581986
135,0.0,-81130.4974028931,0.0,0.0,26023.106606356316,35380.0,20033.245817616706,0.0
136,0.0,-82539.16112558267,0.0,0.0,26820.98097024359,34732.0,21297.282854604357,0.0
137,0.0,-83829.98793791802,0.0,0.0,27359.59684779437,35207.0,21631.155872432384,0.0
138,0.0,-85479.4801957318,0.0,0.0,28370.766310307932,35464.0,22055.333036751064,0.0
139,0.0,-86634.07686273797,0.0,0.0,28458.815296536937,37301.0,21319.206436067052,0.0
140,0.0,-88233.22762823,0.0,0.0,29633.3270274534,36319.0,22765.573211027902,0.0
141,0.0,-89069.19788481506,0.0,0.0,29487.315232282956,37121.0,22981.262227606985,0.0
142,0.0,-90120.37321549882,0.0,0.0,29755.262387684685,37646.0,23253.5377757646,0.0
143,0.0,-90620.69307673894,0.0,0.0,29913.86706838161,37853.0,23383.31298536994,0.0
144,0.0,-91875.51686764028,0.0,0.0,30466.660354106494,38194.0,23706.22774252994,0.0
145,0.0,-93648.30939158982,0.0,0.0,31382.273095665576,39250.0,23626.87419151193,-62.77488492260392
146,0.0,-94581.99978507587,0.0,0.0,31799.021876226907,38968.0,24403.98824031683,0.0
147,0.0,-94738.45440050685,0.0,0.0,31626.648229995677,39178.0,24445.176365292515,0.0
148,0.0,-96657.11873568737,0.0,0.0,33281.79895480527,38993.0,24939.758618110485,0.0
149,0.0,-96824.70156140464,0.0,0.0,32754.34127711178,39634.0,24983.479035256365,0.0
150,0.0,-98319.11590709935,0.0,0.0,32981.6382940389,40473.0,25368.87063229088,0.0
151,0.0,-99577.304472043,0.0,0.0,33818.53235615141,43312.0,22985.34009907829,0.0
152,0.0,-100184.79111136936,0.0,0.0,33466.83433000282,41311.0,25849.49568096938,0.0
153,0.0,-102886.56589887699,0.0,0.0,35578.673550035484,41256.0,26548.296077913954,0.0
154,0.0,-104545.0840758195,0.0,0.0,36202.57846314391,43245.0,25620.14691785611,0.0
155,0.0,-106069.61720203364,0.0,0.0,37124.81787435748,42094.0,27368.788531058206,0.0
156,0.0,-106141.44093211093,0.0,0.0,36914.24482743725,42171.0,27386.545329784192,0.0
157,0.0,-107432.33731174504,0.0,0.0,37694.535098983295,47842.0,25209.334926369098,-2936.182035036145
158,0.0,-108808.30925845774,0.0,0.0,38171.89767406807,42988.0,28075.25410838519,0.0
159,0.0,-109704.69975968669,0.0,0.0,38499.75894179346,44601.0,27096.208514424856,0.0
160,0.0,-110685.41056235836,0.0,0.0,38355.201353640194,44186.0,28560.903490868783,0.0
161,0.0,-111646.13784217124,0.0,0.0,38778.88616654549,44481.0,28807.476981303822,0.0
162,0.0,-112809.8544630329,0.0,0.0,39243.270624937555,46411.0,27623.66980857057,0.0
163,0.0,-113848.0149614141,0.0,0.0,39653.98611021143,45251.0,29375.20441460806,0.0
164,0.0,-115966.99801550749,0.0,0.0,40922.36732261345,45600.0,29923.483361448252,0.0
165,0.0,-117888.93022121114,0.0,0.0,41632.44151931194,46344.0,30418.593233459826,0.0
166,0.0,-119498.338782494,0.0,0.0,42474.394650685615,46738.0,30833.61344584163,0.0
167,0.0,-119221.66400920079,0.0,0.0,40903.08903209204,48018.0,30763.16998555512,0.0
168,0.0,-120976.55428758303,0.0,0.0,41557.67378277361,48719.0,31214.755287577824,0.0
169,0.0,-122595.75773664903,0.0,0.0,42172.062239705156,49280.0,31633.32555854583,0.0
170,0.0,-124399.49103255139,0.0,0.0,43537.95814143119,49262.0,32099.397361289924,0.0
171,0.0,-126336.22928764307,0.0,0.0,44615.3707665462,50025.0,32255.07631106108,0.0
172,0.0,-127570.76547452374,0.0,0.0,45573.74241597683,49666.0,32916.49940336855,0.0
173,0.0,-128801.5684787582,0.0,0.0,46105.80724330775,50087.0,33234.08147311107,0.0
174,0.0,-131633.4043773437,0.0,0.0,47511.99469393816,50654.0,33964.942675049475,0.0
175,0.0,-131366.4664949948,0.0,0.0,46306.277711995404,51638.0,33895.56317782188,0.0
176,0.0,-133738.94800473924,0.0,0.0,48394.75382026242,51322.0,34507.70271516451,0.0
177,0.0,-133700.15919404133,0.0,0.0,47339.13642456822,52179.0,34497.97653506553,0.0
178,0.0,-136614.54886366572,0.0,0.0,48905.69226133656,52852.0,35250.40456068324,0.0
179,0.0,-138754.33271753922,0.0,0.0,49566.67629505328,55935.0,33704.22091313232,0.0
180,0.0,-138798.8309704321,0.0,0.0,48863.98964448909,54553.0,35813.52377294308,0.0
181,0.0,-139252.39083954488,0.0,0.0,49010.71734760426,54847.0,35931.247537016185,0.0
182,0.0,-139479.14327853272,0.0,0.0,49336.54996940851,54464.0,35988.86384400428,0.0
183,0.0,-138350.86341759888,0.0,0.0,47534.24413498303,55481.0,35697.56533568291,0.0
184,0.0,-140637.9197998364,0.0,0.0,48501.627652323456,56236.0,36288.514303636344,0.0
185,0.0,-142021.38422451902,0.0,0.0,49272.647578961805,56604.0,36645.012247681225,0.0
186,0.0,-142576.15319789218,0.0,0.0,49855.47830122124,56498.0,36788.7073760701,0.0
187,0.0,-143800.25415510495,0.0,0.0,50471.1311581027,56746.0,37103.35745794987,0.0
188,0.0,-145115.7497150899,0.0,0.0,50524.86720684487,57725.0,37444.65139913825,0.0
189,0.0,-146863.88406794114,0.0,0.0,51714.84747196903,57759.0,37894.52722717603,0.0
190,0.0,-147549.5312608289,0.0,0.0,52458.77504292312,57461.0,38071.76923302001,0.0
191,0.0,-147688.29791335235,0.0,0.0,52149.92061066166,57873.0,38106.424216153166,0.0
192,0.0,-148976.88357693475,0.0,0.0,53526.256349179544,57574.0,38439.23215612373,0.0
193,0.0,-148371.7145139819,0.0,0.0,53757.19623513613,56888.0,38283.65285095993,0.0
194,0.0,-148066.1268882615,0.0,0.0,53255.19953840782,57020.0,38204.26857154415,0.0
195,0.0,-148815.25817961706,0.0,0.0,53023.93156175897,58044.0,38078.67456936785,0.0
196,0.0,-148868.51215076388,0.0,0.0,52716.8997462165,58149.0,38411.16824490547,0.0
197,0.0,-150085.64836159986,0.0,0.0,53063.412350934974,58717.0,38726.02700384868,0.0
198,0.0,-149753.85140577174,0.0,0.0,51236.76264088057,60358.0,38640.13224769576,0.0
199,0.0,-153145.524976598,0.0,0.0,52870.87513433936,62092.0,38623.658237224976,0.0
200,0.0,-154640.42983563896,0.0,0.0,53874.512125645706,61393.0,39900.933370495695,0.0
201,0.0,-155731.395855724,0.0,0.0,53298.817467094166,62698.0,40182.6665029088,0.0
202,0.0,-157473.68462256287,0.0,0.0,54401.36711852131,62968.0,40632.9935199794,0.0
203,0.0,-159965.70608187257,0.0,0.0,55336.75930977115,63959.0,41274.93391467063,0.0
204,0.0,-160893.24063379882,0.0,0.0,54965.92799651753,66305.0,40242.12549395807,0.0
205,0.0,-162749.42767026694,0.0,0.0,56384.88526780953,65044.0,41993.12660297508,0.0
206,0.0,-164198.7632273746,0.0,0.0,56831.86047263577,65702.0,42366.58470412855,0.0
207,0.0,-166722.69235068615,0.0,0.0,59003.45087855507,65371.0,43018.529054159844,0.0
208,0.0,-168100.49403084145,0.0,0.0,59568.685849024296,65883.0,43374.8179423207,0.0
209,0.0,-169580.4695924891,0.0,0.0,59348.13684373243,67190.0,43756.225472334154,0.0
210,0.0,-172220.2460405005,0.0,0.0,60915.55248433998,67547.0,44438.33674029916,0.0
211,0.0,-172733.04991467053,0.0,0.0,61510.43495059079,67443.0,44569.9454870396,0.0
212,0.0,-173357.93150800985,0.0,0.0,61322.53527807706,68120.0,44731.05220096256,0.0
213,0.0,-175214.5254228561,0.0,0.0,61435.32651581892,69300.0,45209.79844577095,0.0
214,0.0,-177337.3337906294,0.0,0.0,62719.43658804261,69663.0,45757.39595059151,0.0
215,0.0,-175563.70344602645,0.0,0.0,60931.94107376758,70335.0,45250.187925352395,0.0
216,0.0,-178179.91654219606,0.0,0.0,62432.56937937411,70798.0,45975.03715279968,0.0
217,0.0,-180115.93674712922,0.0,0.0,64047.69743359479,70707.0,46474.489173493086,0.0
218,0.0,-177567.77422826368,0.0,0.0,62115.09532457024,70686.0,45818.06681967112,0.0
219,0.0,-179400.0658427223,0.0,0.0,63292.28078156171,70903.0,46289.717233867996,0.0
220,0.0,-181201.0153920909,0.0,0.0,64151.77614463106,72062.0,46154.62163840215,0.0
221,0.0,-183537.4626218491,0.0,0.0,64208.36058762542,73125.0,47358.16716450879,0.0
222,0.0,-185413.49076005697,0.0,0.0,64843.69164003795,73944.0,47842.859743828645,0.0
223,0.0,-187504.60312321715,0.0,0.0,66059.66888141974,74034.0,48380.375369533875,0.0
224,0.0,-187243.7982988807,0.0,0.0,64375.31577677268,75588.0,48313.54010313026,0.0
225,0.0,-188963.89412997305,0.0,0.0,64691.00432706662,78341.0,47029.747582061216,0.0
226,0.0,-192308.90050669957,0.0,0.0,67903.31422846572,75983.0,49620.92564356004,0.0
227,0.0,-195104.16968271162,0.0,0.0,69562.30760199354,76461.0,50342.037274470866,0.0
228,0.0,-195806.62101004022,0.0,0.0,70194.74245132075,78122.0,48835.82968578755,0.0
229,0.0,-198964.9974617321,0.0,0.0,72459.28334450365,77212.0,50745.3088708414,0.0
230,0.0,-201685.9012276817,0.0,0.0,73479.94892406033,77723.0,52040.22082027998,0.0
231,0.0,-201761.40226499032,0.0,0.0,72572.33949751213,78572.0,52059.290661116196,0.0
232,0.0,-206259.89668811095,0.0,0.0,75572.79580436823,78975.0,53220.290061022315,0.0
233,0.0,-207027.31822404213,0.0,0.0,73777.9033743696,81104.0,53417.86131613371,0.0
234,0.0,-209503.21464086545,0.0,0.0,74865.55979909937,85263.0,50716.29556503107,-2.044966418438662
235,0.0,-212980.65532620467,0.0,0.0,76042.66766609035,83024.0,54954.36318525485,0.0
236,0.0,-215274.338715243,0.0,0.0,76787.59723203802,84930.0,54637.137664744245,0.0
237,0.0,-217196.9061956756,0.0,0.0,78365.12256124965,84014.0,56042.95076794752,0.0
238,0.0,-219632.37678141036,0.0,0.0,79782.94015362086,91622.0,51758.87618138639,-2318.4743523011557
239,0.0,-222677.6275265419,0.0,0.0,80478.4097217719,86030.0,57456.86453665658,0.0
240,0.0,-223750.52216687193,0.0,0.0,80802.88469868732,86580.0,57734.19085996784,0.0
241,0.0,-225800.9186352506,0.0,0.0,80547.73395157445,88441.0,58262.88667294567,0.0
242,0.0,-229019.3794266954,0.0,0.0,82276.0824518171,89156.0,59092.84502113463,0.0
243,0.0,-232720.19682336255,0.0,0.0,83955.65336566167,90302.0,60047.983731867556,0.0
244,0.0,-231978.56492357346,0.0,0.0,81779.88163321342,91791.0,59856.97229872162,0.0
245,0.0,-231833.37402363092,0.0,0.0,81292.71883244821,92320.0,59819.53944805837,0.0
246,0.0,-235592.26081562147,0.0,0.0,83914.78185260596,92524.0,60789.574686852065,0.0
247,0.0,-234601.9585027931,0.0,0.0,82159.19209957992,94002.0,59962.04371599451,0.0
248,0.0,-238952.3728219168,0.0,0.0,85447.7969007662,93647.0,61522.35791180586,0.0
249,0.0,-242167.09481763316,0.0,0.0,86367.34386108407,94957.0,62484.444888147525,0.0
250,0.0,-243375.4736869165,0.0,0.0,86650.20466749893,95758.0,62797.26660313081,0.0
251,0.0,-247563.11393923397,0.0,0.0,89007.9792101485,96602.0,63876.870422795255,0.0
252,0.0,-248687.66501096013,0.0,0.0,88827.81340694454,97721.0,64168.09879680215,0.0
253,0.0,-249069.04644903817,0.0,0.0,89057.29127928834,97531.0,64266.42127524675,0.0
254,0.0,-249633.2114081696,0.0,0.0,88701.48326132969,98415.0,64412.32353162798,0.0
255,0.0,-253728.25119988713,0.0,0.0,90494.46641333622,99424.0,65469.08526108184,0.0
256,0.0,-254859.88236404717,0.0,0.0,90171.16353659483,100695.0,65759.7076315314,0.0
257,0.0,-255677.9106090714,0.0,0.0,90515.40080407808,100946.0,65971.01421595327,0.0
258,0.0,-257838.307213159,0.0,0.0,91790.77774040794,101258.0,66528.56641615945,0.0
259,0.0,-254817.97781736378,0.0,0.0,86837.3871611404,104063.0,65025.83363464988,0.0
260,0.0,-256752.79899339026,0.0,0.0,89248.27814291195,103277.0,65379.54090197225,0.0
261,0.0,-258516.00961722867,0.0,0.0,90777.54735482502,102587.0,66703.05224528097,0.0
262,0.0,-258700.21270839556,0.0,0.0,91143.70062669057,102473.0,66751.72380973338,0.0
263,0.0,-259588.31399232018,0.0,0.0,90958.3680140013,103083.0,66979.70606044178,0.0
264,0.0,-262061.69465524014,0.0,0.0,91090.00695286308,104797.0,67617.29964611799,0.0
265,0.0,-262814.76950592396,0.0,0.0,90222.40250393868,113015.0,62975.50054623133,-2130.710642438879
266,0.0,-261492.53244983972,0.0,0.0,88353.29440490442,107068.0,67385.51341595355,0.0
267,0.0,-264361.07150293776,0.0,0.0,89873.74612790404,107695.0,68213.26019430929,0.0
268,0.0,-265974.07367951504,0.0,0.0,88920.95374837592,109954.0,68627.96266882637,0.0
269,0.0,-270180.00480920076,0.0,0.0,90239.64144611207,111546.0,69713.5496528759,0.0
270,0.0,-273863.5674804798,0.0,0.0,92885.29031120807,111738.0,70664.41449898,0.0
271,0.0,-277116.119163246,0.0,0.0,96756.5977254738,111328.0,70516.23707005277,0.0
272,0.0,-279477.1558852615,0.0,0.0,98303.08220514133,110577.0,72111.95597168215,0.0
273,0.0,-275746.1510119739,0.0,0.0,94036.21400315949,111630.0,71150.05225055579,0.0
274,0.0,-281666.6615921313,0.0,0.0,99012.22105050343,113754.0,70111.42608504949,0.0
275,0.0,-279305.32668433536,0.0,0.0,97036.86960842942,111565.0,72067.49052846355,0.0
276,0.0,-283868.7377101154,0.0,0.0,100234.94963341675,111727.0,73245.84550599748,0.0
277,0.0,-281918.0378434198,0.0,0.0,98186.36907346672,112458.0,72742.0185036972,0.0
278,0.0,-285675.78310963715,0.0,0.0,101467.7839158498,112096.0,73713.1231569022,0.0
279,0.0,-287893.444426153,0.0,0.0,102833.50358700569,112100.0,74283.92739100085,0.0
280,0.0,-286413.5191359269,0.0,0.0,102462.01076893584,113030.0,72155.15418706708,0.0
281,0.0,-288953.2942691045,0.0,0.0,104570.09583160577,117218.0,69850.85619996238,-1459.1732592900175
282,0.0,-285990.64529113524,0.0,0.0,102603.13427345567,111105.0,73793.10899166565,0.0
283,0.0,-290298.68617063964,0.0,0.0,106111.10488555106,111377.0,73966.0019384159,0.0
284,0.0,-287621.4543396975,0.0,0.0,101732.76171008429,113064.0,74214.83013138833,0.0
285,0.0,-288984.84475101024,0.0,0.0,101551.95163550985,114350.0,74565.91864053914,0.0
286,0.0,-291717.1539295014,0.0,0.0,101743.0367302689,116125.0,75270.47562499132,0.0
287,0.0,-292965.2439833138,0.0,0.0,100457.27968256616,118087.0,75593.06919096777,0.0
288,0.0,-297689.34266239364,0.0,0.0,104025.1633246247,118693.0,76263.53093228821,0.0
289,0.0,-299353.9977015506,0.0,0.0,106523.76588399289,117018.0,77242.52497521175,0.0
290,0.0,-302450.4161696567,0.0,0.0,107894.28401267782,117938.0,78039.56725806254,0.0
291,0.0,-301814.050074631,0.0,0.0,107312.55800576438,123638.0,72942.9068124111,-681.9773449506513
292,0.0,-303513.9804737596,0.0,0.0,107771.18579993243,118980.0,78314.48990014894,0.0
293,0.0,-300029.33318083466,0.0,0.0,104351.5417794958,119912.0,77415.63057998555,0.0
294,0.0,-298785.26639038394,0.0,0.0,102877.35730254686,120345.0,77095.12022212037,0.0
295,0.0,-299183.3685046047,0.0,0.0,102578.82280735855,131917.0,74124.13291057076,-7572.0717182264725
296,0.0,-298359.8915169453,0.0,0.0,101201.71097157775,123127.0,75849.60111670842,0.0
297,0.0,-301070.2518918973,0.0,0.0,104297.48567769563,120954.0,77683.75394794307,0.0
298,0.0,-301526.1901684328,0.0,0.0,104619.87884005347,121117.0,77802.5032108912,0.0
299,0.0,-304080.1083568381,0.0,0.0,104773.23138691115,122966.0,78459.98509968957,0.0
300,0.0,-304030.3172595574,0.0,0.0,103922.95355925325,123472.0,78448.37212874876,0.0
301,0.0,-309787.588541989,0.0,0.0,108172.9304232941,126704.0,76883.9457902711,0.0
302,0.0,-305609.6933595545,0.0,0.0,104032.00989439878,124876.0,78854.24441175998,0.0
303,0.0,-313045.4284340833,0.0,0.0,110683.95806563721,123911.0,80774.44276974894,0.0
304,0.0,-316473.3329504481,0.0,0.0,111734.5250184976,125171.0,81657.94207421702,0.0
305,0.0,-317712.6284238058,0.0,0.0,111904.61467978469,125991.0,81977.31759859121,0.0
306,0.0,-324769.1013195181,0.0,0.0,118199.55686308182,127174.0,81723.95686427274,0.0
307,0.0,-328647.6617168668,0.0,0.0,119409.04257881027,126768.0,84799.7506798426,0.0
308,0.0,-332179.69536446966,0.0,0.0,121320.96817118135,127458.0,85710.17628000778,0.0
309,0.0,-334353.6065101281,0.0,0.0,120923.27070953266,129604.0,86271.9287273139,0.0
310,0.0,-337920.03334860806,0.0,0.0,122848.7625827181,130352.0,87193.32070771545,0.0
311,0.0,-343319.27668382897,0.0,0.0,125968.1654698418,131245.0,88585.29733201514,0.0
312,0.0,-349306.1538753502,0.0,0.0,127672.72391690742,134211.0,90130.7035235473,0.0
313,0.0,-352896.0507512401,0.0,0.0,129159.91260339008,135593.0,91058.27307763539,0.0
314,0.0,-355809.03031872906,0.0,0.0,128685.58311723986,138098.0,91807.88108650304,0.0
315,0.0,-364097.9779102292,0.0,0.0,133779.72068124352,138981.0,93947.07305848619,0.0
316,0.0,-370508.5288641864,0.0,0.0,139375.48200486667,138321.0,95600.83242252994,0.0
317,0.0,-375286.23265428597,0.0,0.0,141783.68574841245,139692.0,96833.46759109695,0.0
318,0.0,-376855.0790144511,0.0,0.0,142293.6336169001,140462.0,97239.94332235053,0.0
319,0.0,-374554.35715720867,0.0,0.0,138712.3709933162,141259.0,96644.99465496952,0.0
320,0.0,-378732.54735713196,0.0,0.0,142062.7983153793,141180.0,97723.29973570589,0.0
321,0.0,-380645.0538917012,0.0,0.0,140454.62229576168,144143.0,98215.79230839528,0.0
322,0.0,-389260.0315190695,0.0,0.0,146533.37253627856,144822.0,100337.9786195324,0.0
323,0.0,-390554.38012152596,0.0,0.0,146449.7739506533,145483.0,100772.90565084408,0.0
324,0.0,-394948.2752974106,0.0,0.0,148796.49337817178,146614.0,101907.30317002693,0.0
325,0.0,-396521.0984059779,0.0,0.0,148409.02775554327,148399.0,102311.9960114207,0.0
326,0.0,-401494.7791376818,0.0,0.0,153898.8512058536,146782.0,103597.15769805264,0.0
327,0.0,-404912.7723418861,0.0,0.0,156276.01952180004,146787.0,104478.49327354906,0.0
328,0.0,-402289.6875908302,0.0,0.0,153628.5987140545,147741.0,103801.5396530471,0.0
329,0.0,-397306.29049928254,0.0,0.0,149825.658087287,152967.0,98006.19860834366,-683.7264581384995
330,0.0,-395686.52376979863,0.0,0.0,147431.4134823046,148937.0,102096.86950069132,0.0
331,0.0,-401601.4059154673,0.0,0.0,150208.45924675697,150404.0,103622.88067203038,0.0
332,0.0,-403287.6637688646,0.0,0.0,150776.43572088034,151275.0,104057.96710944502,0.0
333,0.0,-406274.4065022431,0.0,0.0,150651.49737756915,153471.0,104829.58194584188,0.0
334,0.0,-413256.9969359409,0.0,0.0,153422.84467138763,155929.0,106631.29726212447,0.0
335,0.0,-416145.42697119864,0.0,0.0,154621.1309442423,157157.0,107376.27976032844,0.0
336,0.0,-422353.4924856591,0.0,0.0,156997.95409174284,159556.0,108978.81045381897,0.0
337,0.0,-418883.18870145833,0.0,0.0,151170.1443090499,163030.0,108082.25353393739,0.0
338,0.0,-429044.61995654216,0.0,0.0,160941.72723992556,179359.0,97078.56744619223,-4679.110869133567
339,0.0,-429404.19620058726,0.0,0.0,158226.9011507892,164818.0,110040.9910997549,0.0
340,0.0,-434216.8388609412,0.0,0.0,158801.61529211974,167342.0,112039.84802453655,0.0
341,0.0,-441602.4439255371,0.0,0.0,163656.15263495359,168248.0,113945.9021606083,0.0
342,0.0,-451162.313860924,0.0,0.0,169339.34553289146,180678.0,107405.66652165518,-2030.224662124464
343,0.0,-460939.76123492036,0.0,0.0,173533.13225093618,175659.0,116079.26755607675,0.0
344,0.0,-463643.86542852456,0.0,0.0,171941.4310446523,175481.0,119633.001002548,0.0
345,0.0,-470479.3696477673,0.0,0.0,176628.8019463699,175991.0,121395.69656086112,0.0
346,0.0,-479065.7443133859,0.0,0.0,181816.75317593748,177259.0,123612.19368093493,0.0
347,0.0,-482250.4182227694,0.0,0.0,183647.5336636473,177789.0,124433.24946655268,0.0
348,0.0,-487473.2636424192,0.0,0.0,184665.3955574638,180671.0,125781.0052571568,0.0
349,0.0,-494498.3998722113,0.0,0.0,189871.2291080873,180684.0,127592.13132433132,0.0
350,0.0,-495637.5087749539,0.0,0.0,191190.8314156233,180529.0,127887.76666730687,0.0
351,0.0,-491689.8619106436,0.0,0.0,189092.07667546734,179575.0,126868.8905750362,0.0
352,0.0,-492725.77961246675,0.0,0.0,188890.8816811224,180778.0,127136.16558111596,0.0
353,0.0,-488461.7657251281,0.0,0.0,184487.386721591,182249.0,126034.99781546528,0.0
354,0.0,-488090.6333877386,0.0,0.0,184966.40177011682,181195.0,125941.55638212847,0.0
355,0.0,-489305.0464142898,0.0,0.0,185193.344879759,181996.0,126253.38327639482,0.0
356,0.0,-486044.7258026845,0.0,0.0,181789.0322173554,182794.0,125411.17219620863,0.0
357,0.0,-490410.62858350633,0.0,0.0,183879.87390923407,183538.0,126538.72575139442,0.0
358,0.0,-492454.64203283284,0.0,0.0,181856.807898428,187213.0,127066.7752756477,0.0
359,0.0,-497498.3719975598,0.0,0.0,184663.91909568157,188319.0,128368.1179113872,0.0
360,0.0,-496657.51104401494,0.0,0.0,185171.55591629463,187676.0,128151.08402901274,0.0
361,0.0,-493155.0324588997,0.0,0.0,178895.4131131805,191269.0,127247.21294682033,0.0
362,0.0,-501352.1822957239,0.0,0.0,187130.780619087,188561.0,129362.15996719855,0.0
363,0.0,-508998.76221771596,0.0,0.0,193648.56848179043,188212.0,131334.52788027315,0.0
364,0.0,-509287.91593120736,0.0,0.0,192164.16475495393,190126.0,131410.124492854,0.0
365,0.0,-516959.5792857096,0.0,0.0,201564.00211976664,186640.0,133389.33470378164,0.0
366,0.0,-514528.96055540035,0.0,0.0,198719.85410071275,187681.0,132762.6299156148,0.0
367,0.0,-520676.29593065823,0.0,0.0,203297.6422072457,188274.0,134346.77267639554,0.0
368,0.0,-513102.47839095525,0.0,0.0,195178.78459046333,190592.0,132394.50276997476,0.0
369,0.0,-513177.7512395275,0.0,0.0,191941.866122455,197575.0,128049.96822258786,0.0
370,0.0,-511358.8269670801,0.0,0.0,189150.6323313948,194367.0,131942.81731618164,0.0
371,0.0,-512869.99509265664,0.0,0.0,193533.96680152582,191484.0,132335.0081227009,0.0
372,0.0,-518924.4170675551,0.0,0.0,198437.92910914836,191179.0,133897.13855558215,0.0
373,0.0,-518647.8636455066,0.0,0.0,198615.07658450597,190183.0,133825.10146574833,0.0
374,0.0,-512589.3448122392,0.0,0.0,195162.72548828955,189157.0,132262.53064367396,0.0
375,0.0,-509561.1611829465,0.0,0.0,193293.15824780514,188989.0,131480.82657295914,0.0
376,0.0,-511720.011488201,0.0,0.0,191266.44803002977,192350.0,132037.40943239097,0.0
377,0.0,-506717.78359111893,0.0,0.0,185984.48778158167,199445.0,125301.87063731105,0.0
378,0.0,-513925.38392814924,0.0,0.0,190039.70788204513,195011.0,132605.42504387733,0.0
379,0.0,-525609.1733194627,0.0,0.0,201616.50773597174,192058.0,135621.98555914906,0.0
380,0.0,-531748.2216965609,0.0,0.0,206388.0028242652,192036.0,137204.48413709417,0.0
381,0.0,-535412.4272665373,0.0,0.0,210144.6902061592,191494.0,138151.44226008613,0.0
382,0.0,-535517.2138869474,0.0,0.0,211804.5273167472,190337.0,138177.1877398405,0.0
383,0.0,-533451.4643656429,0.0,0.0,208707.6722401356,191935.0,137644.4693742544,0.0
384,0.0,-537575.5850783098,0.0,0.0,206914.91177266403,196423.0,138708.63996613736,0.0
385,0.0,-540057.4850350152,0.0,0.0,206729.64299355767,198147.0,139348.4665964521,0.0
386,0.0,-546471.4883520951,0.0,0.0,209415.79461707073,200713.0,141003.99847231773,0.0
387,0.0,-543301.7527378018,0.0,0.0,204782.99172897518,202922.0,140186.19609222084,0.0
388,0.0,-540783.6613023274,0.0,0.0,201194.34690733807,204512.0,139537.0630219245,0.0
389,0.0,-546042.90909154,0.0,0.0,204892.23370338517,207918.0,137841.39834713752,0.0
390,0.0,-557309.7978844619,0.0,0.0,211103.2087048863,207305.0,143801.16313797928,0.0
391,0.0,-557769.9787502366,0.0,0.0,209530.41750124076,209194.0,143920.51135946435,0.0
392,0.0,-562578.3994196218,0.0,0.0,210678.27640526838,238055.0,137005.3308491513,-18041.22667428537
393,0.0,-571439.5014061283,0.0,0.0,212477.18216882032,234898.0,137901.03315315192,-8610.940193019112
394,0.0,-568323.3013917936,0.0,0.0,204723.69514769744,222002.0,146641.56348509484,0.0
395,0.0,-576777.0736447573,0.0,0.0,208187.427700525,225136.0,148822.95302542578,0.0
396,0.0,-588976.1807430569,0.0,0.0,215085.47359646086,227657.0,151972.73266876175,0.0
397,0.0,-598680.3736075677,0.0,0.0,220376.30097978417,240835.0,144934.74500966567,-1636.5801353994066
398,0.0,-604060.2199323804,0.0,0.0,223843.29628857024,230403.0,155862.5588322513,0.0
399,0.0,-611531.8294776754,0.0,0.0,234190.8201149182,226142.0,157792.76375571318,0.0
400,0.0,-612453.2602994078,0.0,0.0,234042.08221522832,227395.0,158028.43765548864,0.0
401,0.0,-615687.356569677,0.0,0.0,238270.35636647785,230291.0,154525.53828197293,0.0
402,0.0,-612223.5283570032,0.0,0.0,235836.57875159252,226163.0,157970.63326765687,0.0
403,0.0,-607587.1485486829,0.0,0.0,233037.7081244454,236543.0,148954.95747083836,-2874.744285161234
404,0.0,-605285.4515280066,0.0,0.0,230861.7426425037,226706.0,156179.71010444168,0.0
405,0.0,-602785.9579698907,0.0,0.0,224509.73754890246,231286.0,155534.9191172775,0.0
406,0.0,-604023.1304086676,0.0,0.0,225515.44668880763,231361.0,155853.97946396004,0.0
407,0.0,-609392.521518974,0.0,0.0,229074.824062327,235445.0,153993.7889289438,0.0
408,0.0,-609154.3503169308,0.0,0.0,228673.78093726217,232580.0,157177.53190961556,0.0
409,0.0,-618433.4357023936,0.0,0.0,236825.6911915985,231378.0,159572.39560737906,0.0
410,0.0,-622721.3971409622,0.0,0.0,234952.97611095756,235646.0,160679.4174570571,0.0
411,0.0,-631367.0196976671,0.0,0.0,242752.12266179203,234810.0,162798.43239184032,0.0
412,0.0,-630991.5125348063,0.0,0.0,237835.92294197157,241539.0,159625.2420500433,0.0
413,0.0,-632873.1411401507,0.0,0.0,238888.37262618262,239115.0,163298.44472241445,0.0
414,0.0,-633913.5333589425,0.0,0.0,242301.29559239102,236747.0,163566.9834815966,0.0
415,0.0,-626142.2674213228,0.0,0.0,232332.75949597225,239698.0,161562.13012925355,0.0
416,0.0,-629234.1577595569,0.0,0.0,237139.29113366787,239411.0,160486.53476705457,0.0
417,0.0,-638483.8885022238,0.0,0.0,244017.97866695205,237326.0,164746.5087030733,0.0
418,0.0,-645515.50015,0.0,0.0,254146.80905397216,232910.0,166560.0201615168,0.0
419,0.0,-644144.5237767401,0.0,0.0,246927.56967384493,251084.0,157840.01512435786,-6107.7381234080785
420,0.0,-651869.9098307085,0.0,0.0,256282.5840345923,233474.0,168200.35824318623,0.0
421,0.0,-657257.3748383839,0.0,0.0,259373.162460402,233999.0,169590.5764058451,0.0
422,0.0,-651322.9926603152,0.0,0.0,251203.40735736355,237248.0,168058.10463689972,0.0
423,0.0,-659219.6153436631,0.0,0.0,254557.2424576722,240132.0,170096.32054509854,0.0
424,0.0,-669718.0918777644,0.0,0.0,264277.455094064,238116.0,172804.53078451165,0.0
425,0.0,-674686.9837901552,0.0,0.0,265799.2555378649,240658.0,174087.508661455,0.0
426,0.0,-675064.21417369,0.0,0.0,260078.20797605088,246934.0,174185.26079835772,0.0
427,0.0,-684488.5503839313,0.0,0.0,267146.23091082234,246809.0,176616.98012245557,0.0
428,0.0,-682664.9078545445,0.0,0.0,266023.7511319858,246769.0,176145.94225439423,0.0
429,0.0,-682387.7228791543,0.0,0.0,264080.26031394204,248947.0,176073.7615894882,0.0
430,0.0,-687107.3970951317,0.0,0.0,270011.8165375249,246972.0,177291.97349448825,0.0
431,0.0,-684944.337685602,0.0,0.0,264087.6482494551,253229.0,174977.75381621203,0.0
432,0.0,-685730.1951679973,0.0,0.0,263559.2716511552,252979.0,176935.67130111932,0.0
433,0.0,-684551.8263485386,0.0,0.0,266061.8575466268,250005.0,176632.29512550897,0.0
434,0.0,-693846.4226657836,0.0,0.0,274686.56604077766,248167.0,179031.333615528,0.0
435,0.0,-697035.0195962939,0.0,0.0,281192.1836086186,244165.0,179328.78125478953,0.0
436,0.0,-698481.7819543683,0.0,0.0,281411.29821428994,244527.0,180227.3971982483,0.0
437,0.0,-699656.4928889483,0.0,0.0,282913.013734065,241199.0,180530.46005170647,0.0
438,0.0,-707604.8330316921,0.0,0.0,290378.7070149359,239913.0,182581.1881540639,0.0
439,0.0,-715240.7021995313,0.0,0.0,296330.80278434115,240126.0,184551.10310619333,0.0
440,0.0,-704756.095473669,0.0,0.0,286294.86771635065,245769.0,178704.10210326023,0.0
441,0.0,-712659.2105820724,0.0,0.0,291965.3052474648,242958.0,183884.6778049647,0.0
442,0.0,-717992.3902563389,0.0,0.0,289662.99861398706,248935.0,185262.08977846405,0.0
443,0.0,-729856.3857617531,0.0,0.0,296548.57024062774,250659.0,188321.38220377816,0.0
444,0.0,-724195.5489208042,0.0,0.0,291854.9917405032,251595.0,186861.8484305183,0.0
445,0.0,-723651.4067285164,0.0,0.0,286887.74473198404,256284.0,186721.3897285471,0.0
446,0.0,-739489.7480184542,0.0,0.0,295947.0832671258,259334.0,190807.94609560928,0.0
447,0.0,-754901.1625906617,0.0,0.0,302621.8451157664,264214.0,194783.90525599656,0.0
448,0.0,-772002.6958281097,0.0,0.0,315929.8075664753,264054.0,199197.49137395402,0.0
449,0.0,-781400.1607555832,0.0,0.0,319198.1905752563,267703.0,201621.38270264218,0.0
450,0.0,-791977.9250410129,0.0,0.0,319870.5267382533,297826.0,181811.42471328756,0.0
451,0.0,-799475.1826768887,0.0,0.0,320923.8611837868,278678.0,206285.67071455982,0.0
452,0.0,-817424.4183806472,0.0,0.0,329354.5773133588,297688.0,196973.97188877084,0.0
453,0.0,-820477.5517674845,0.0,0.0,326606.2012416727,288898.0,211704.5121880317,0.0
454,0.0,-833275.3574785374,0.0,0.0,339429.98075873416,286060.0,215007.6372733463,0.0
455,0.0,-838897.8237548161,0.0,0.0,340816.7531515202,291536.0,213685.53504989098,0.0
456,0.0,-859628.2969854224,0.0,0.0,352013.1320573064,292619.0,221807.94214107536,0.0
457,0.0,-869346.7065233653,0.0,0.0,357698.9890903471,294417.0,224314.05306538224,0.0
458,0.0,-883259.4802307951,0.0,0.0,363128.30176344543,299694.0,227905.5398217147,0.0
459,0.0,-903335.7225518816,0.0,0.0,375472.96850534336,311789.0,225024.05497544096,-1355.4477610391968
460,0.0,-914484.9703615063,0.0,0.0,383695.62934558507,310845.0,228229.05590881864,0.0
461,0.0,-927511.9632333672,0.0,0.0,390525.9896991287,306663.0,239322.91869330013,0.0
462,0.0,-931866.514941067,0.0,0.0,381619.98256314895,319235.0,240447.23744206602,0.0
463,0.0,-948584.3765404569,0.0,0.0,389228.03287045297,325277.0,243940.4872074385,0.0
464,0.0,-958021.8792671271,0.0,0.0,391487.08187499654,330158.0,247194.61411874744,0.0
465,0.0,-962585.6035389428,0.0,0.0,390331.606982633,334653.0,248372.31215942203,0.0
466,0.0,-972523.3753820029,0.0,0.0,391516.4930165885,350419.0,241906.79286035243,0.0
467,0.0,-973866.8084438647,0.0,0.0,389479.05803150526,345019.0,251283.86809376805,0.0
468,0.0,-985444.7755953877,0.0,0.0,392658.79533626523,350940.0,254269.79131720524,0.0
469,0.0,-985302.5504740548,0.0,0.0,388859.9134612184,355275.0,254233.40842507395,0.0
470,0.0,-993352.8006153215,0.0,0.0,388691.0303805919,368966.0,249516.67479385168,0.0
471,0.0,-1004089.5304385698,0.0,0.0,392753.112118249,365717.0,259081.44098884263,0.0
472,0.0,-1016777.2664724849,0.0,0.0,395424.3769069443,372188.0,262354.72564590944,0.0
473,0.0,-1026560.8190227959,0.0,0.0,399918.2880560071,375270.0,264879.70805993344,0.0
474,0.0,-1042673.9621611743,0.0,0.0,408501.14030530356,379231.0,269037.247296137,0.0
475,0.0,-1061025.3157619662,0.0,0.0,413661.6088644514,387854.0,273773.41068111855,0.0
476,0.0,-1082593.5368067962,0.0,0.0,427986.8588553362,389776.0,279337.94876536884,0.0
477,0.0,-1091331.7734408297,0.0,0.0,428534.07912709954,413684.0,271696.74912504223,-7376.902616139099
478,0.0,-1113697.169668444,0.0,0.0,435800.0981340827,405472.0,287364.14040659135,0.0
479,0.0,-1129755.4732676279,0.0,0.0,446360.43758593267,428138.0,278029.3309960382,-7239.853532741427
480,0.0,-1145956.1836097413,0.0,0.0,451297.9313527072,436453.0,274170.8159892086,0.0
481,0.0,-1164159.7783826906,0.0,0.0,461152.4758770176,419005.0,300384.17369890865,0.0
482,0.0,-1169824.5048075859,0.0,0.0,465934.48298906186,420258.0,300727.53471036075,0.0
483,0.0,-1166442.5870773806,0.0,0.0,463655.86996456754,419425.0,300973.4732903355,0.0
484,0.0,-1181372.0427688858,0.0,0.0,477196.47187805653,417880.0,304825.1177177157,0.0
485,0.0,-1168127.317616783,0.0,0.0,461167.84622112603,423997.0,301407.43902761897,0.0
486,0.0,-1179774.2159475477,0.0,0.0,476022.23813597293,417257.0,304412.4559920294,0.0
487,0.0,-1197915.5441761059,0.0,0.0,494146.1421165866,413240.0,309093.76012754266,0.0
488,0.0,-1196277.748801386,0.0,0.0,485611.6210310173,435274.0,294145.8388267029,0.0
489,0.0,-1201897.7589330354,0.0,0.0,489971.3150236915,420399.0,310121.5015414345,0.0
490,0.0,-1212906.2150902834,0.0,0.0,496733.88360645145,422226.0,312962.4513687648,0.0
491,0.0,-1219098.1881126913,0.0,0.0,488567.41212080984,434855.0,314559.0692139459,0.0
492,0.0,-1241862.2977538845,0.0,0.0,502410.2124619641,435583.0,320432.24060967576,0.0
493,0.0,-1255697.313716044,0.0,0.0,503888.92179427535,443243.0,324003.8743184061,0.0
494,0.0,-1268704.8158698035,0.0,0.0,498849.25448774174,458363.0,327358.63475336536,0.0
495,0.0,-1290712.9074439998,0.0,0.0,512273.84991700784,462060.0,333037.91798807017,0.0
496,0.0,-1321328.749065446,0.0,0.0,528851.7034647474,468223.0,340938.1178882261,0.0
497,0.0,-1352949.2229496355,0.0,0.0,550350.4799549197,476548.0,343525.3464566567,0.0
498,0.0,-1365308.0619449662,0.0,0.0,555079.8560209048,475845.0,352286.79311685247,0.0
499,0.0,-1395027.202558849,0.0,0.0,575313.5991403225,477447.0,359953.6865498833,0.0
500,0.0,-1412275.190201914,0.0,0.0,576799.1249000442,489797.0,364403.0746005512,0.0
501,0.0,-1436183.0481457438,0.0,0.0,589582.8000709612,494848.0,370574.20395230927,0.0
502,0.0,-1434635.2589151599,0.0,0.0,569501.4059342964,515079.0,368452.48220770515,0.0
503,0.0,-1446128.410694161,0.0,0.0,567364.4543418884,524472.0,373138.4971220043,0.0
504,0.0,-1448706.2935249212,0.0,0.0,559589.6483068727,531813.0,373804.13550556917,0.0
505,0.0,-1431100.6428409456,0.0,0.0,537154.2256283674,544698.0,364315.11913675914,0.0
506,0.0,-1434266.0648130928,0.0,0.0,525708.77743749,554440.0,370079.0831700302,0.0
507,0.0,-1440582.775973132,0.0,0.0,516733.39059537643,568811.0,371708.79161314253,0.0
508,0.0,-1435096.4448213456,0.0,0.0,506061.280412136,576469.0,370291.88674245105,0.0
509,0.0,-1449722.505731668,0.0,0.0,505569.14204053767,587754.0,374067.4802732737,0.0
510,0.0,-1438367.5052103545,0.0,0.0,484919.5918510804,601017.0,371136.4164221258,0.0
511,0.0,-1453719.7007083308,0.0,0.0,489640.8687436778,607885.0,375096.78759359056,0.0
512,0.0,-1469557.0643546737,0.0,0.0,490525.0661627255,619736.0,379183.3334111192,0.0
513,0.0,-1482376.1753948976,0.0,0.0,495328.82882987015,625154.0,382491.36604462634,0.0
514,0.0,-1487182.12168517,0.0,0.0,501017.7455412925,622273.0,383731.6533900846,0.0
515,0.0,-1500318.7399897068,0.0,0.0,509401.36632994725,624684.0,387121.440820165,0.0
516,0.0,-1505268.8160109161,0.0,0.0,517546.9187243833,621227.0,388398.55107298645,0.0
517,0.0,-1539675.093776719,0.0,0.0,550436.944590398,614875.0,397277.2483345708,0.0
518,0.0,-1565505.0236642712,0.0,0.0,567811.7034567824,617779.0,403941.34259590413,0.0
519,0.0,-1611963.1137649026,0.0,0.0,600764.2404918466,620367.0,415928.86987011554,0.0
520,0.0,-1630690.2718749885,0.0,0.0,615327.479805209,620811.0,420760.59389124194,0.0
521,0.0,-1651568.7193221,0.0,0.0,638729.6276833904,613997.0,426149.00289343356,0.0
522,0.0,-1672499.5417603378,0.0,0.0,656979.1743497858,612552.0,431548.6712374128,0.0
523,0.0,-1696398.3305527184,0.0,0.0,665680.3118363267,621736.0,437715.25078332203,0.0
524,0.0,-1720164.165709388,0.0,0.0,685010.4171658378,621405.0,443846.75851528184,0.0
525,0.0,-1721510.064775199,0.0,0.0,671166.4748110103,660524.0,422383.0102998288,-2649.7394348781936
526,0.0,-1733044.5794012214,0.0,0.0,672933.1611343349,643982.0,447170.6610887164,0.0
527,0.0,-1759331.9670607687,0.0,0.0,695746.4572022589,641842.0,453954.6619938576,0.0
528,0.0,-1756585.5355547136,0.0,0.0,687028.7934939633,652180.0,450975.3545865612,0.0
529,0.0,-1791556.0933405745,0.0,0.0,700706.369584932,661315.0,462269.19689979905,0.0
530,0.0,-1810300.6959966298,0.0,0.0,707173.6631932788,669985.0,467104.3409722053,0.0
531,0.0,-1809963.2770939968,0.0,0.0,687249.457988505,689010.0,467018.939971076,0.0
532,0.0,-1843062.9746599672,0.0,0.0,703709.9194071263,734143.0,439370.693117502,0.0
533,0.0,-1868603.1638989141,0.0,0.0,711860.6511411639,709623.0,482149.42581615836,0.0
534,0.0,-1894597.342622303,0.0,0.0,733040.3173886637,708925.0,488855.5956862295,0.0
535,0.0,-1909491.3110893024,0.0,0.0,729789.9764605308,723278.0,492699.81921081035,0.0
536,0.0,-1935883.254539024,0.0,0.0,742954.3416505477,738604.0,492042.5101826414,0.0
537,0.0,-1957797.7315609443,0.0,0.0,742178.3943856922,748488.0,505164.7313119876,0.0
538,0.0,-1986345.3551626308,0.0,0.0,759276.9665998485,754131.0,512530.2147973335,0.0
539,0.0,-2024823.8311984502,0.0,0.0,778233.8592326548,764406.0,522457.4458037329,0.0
540,0.0,-2040367.3160439332,0.0,0.0,784167.4742673866,771534.0,526468.4043309654,0.0
541,0.0,-2064735.7903338042,0.0,0.0,808814.1542024872,766606.0,532754.8317526749,0.0
542,0.0,-2094724.1741207829,0.0,0.0,828475.7902957291,769774.0,540494.5539969377,0.0
543,0.0,-2095951.4683258138,0.0,0.0,829359.0472718064,771443.0,540810.4344615669,0.0
544,0.0,-2100468.6951673375,0.0,0.0,819027.973032688,783509.0,541975.6958291611,0.0
545,0.0,-2115620.267915262,0.0,0.0,831306.4749652379,783894.0,545885.6266901246,0.0
546,0.0,-2102414.612922648,0.0,0.0,820584.3390416938,786519.0,542479.0216184398,0.0
547,0.0,-2097036.5160207949,0.0,0.0,820147.7186503224,783730.0,541090.1946775671,0.0
548,0.0,-2054805.3725724674,0.0,0.0,792784.3834187685,780945.0,530192.0324495172,0.0
549,0.0,-2044954.4546501422,0.0,0.0,784401.1862757978,783167.0,527652.4965055974,0.0
550,0.0,-2032547.0923525463,0.0,0.0,774006.1441783023,784827.0,524451.3120667638,0.0
551,0.0,-2032849.761277473,0.0,0.0,789783.577742377,773266.0,518732.86523198395,0.0
552,0.0,-2011063.8685369543,0.0,0.0,769802.3600801702,771202.0,518906.822905758,0.0
553,0.0,-2018501.594999324,0.0,0.0,783764.0873147582,761441.0,520826.9811858102,0.0
554,0.0,-2008612.9102996117,0.0,0.0,769758.8171573741,764434.0,518275.1680572225,0.0
555,0.0,-2021133.440618496,0.0,0.0,763725.5124689767,780513.0,521505.3970373274,0.0
556,0.0,-2034452.5481096616,0.0,0.0,778014.941378701,776600.0,524942.5417363378,0.0
557,0.0,-2052598.122335092,0.0,0.0,790436.835964903,810013.0,500873.50381055323,-2074.0683868504566
558,0.0,-2075104.5258174706,0.0,0.0,817856.8700597229,770141.0,535431.8944501982,0.0
559,0.0,-2076334.781434653,0.0,0.0,816303.4760490964,823361.0,501347.29176018876,-15282.21681825747
560,0.0,-2067429.3702199764,0.0,0.0,786585.6571995877,792330.0,533451.2754965067,0.0
561,0.0,-2111364.6033215257,0.0,0.0,828691.7767600366,784269.0,544787.6158446601,0.0
562,0.0,-2139465.211087846,0.0,0.0,849093.1587750439,785916.0,552038.8643716312,0.0
563,0.0,-2175252.872601551,0.0,0.0,867665.9387022128,795421.0,561273.2161952921,0.0
564,0.0,-2208562.0910710865,0.0,0.0,890528.3755098432,797947.0,569866.8898050257,0.0
565,0.0,-2237963.398977074,0.0,0.0,908068.6120738686,809125.0,572337.1620717022,0.0
566,0.0,-2258455.1168001606,0.0,0.0,897689.1810440773,843955.0,569892.2485249545,0.0
567,0.0,-2290632.0073935944,0.0,0.0,906718.1545006988,845068.0,591043.8037107158,0.0
568,0.0,-2304756.3712791475,0.0,0.0,904951.0310272188,856090.0,594688.1575045644,0.0
569,0.0,-2323199.237762052,0.0,0.0,897337.1475087502,878938.0,599446.3795938527,0.0
570,0.0,-2372052.477674563,0.0,0.0,921988.8267361596,891906.0,612053.3183032966,0.0
571,0.0,-2360009.130910928,0.0,0.0,903033.6381529099,903353.0,608945.0440319262,0.0
572,0.0,-2348132.055202692,0.0,0.0,874441.29706243,924743.0,605880.236223605,0.0
573,0.0,-2364529.6325611956,0.0,0.0,876291.2649226274,933690.0,610110.4894104841,0.0
574,0.0,-2382145.5216162475,0.0,0.0,900641.873735046,924189.0,614655.9072236439,0.0
575,0.0,-2409392.01251456,0.0,0.0,919919.02415578,930340.0,617364.3805529844,0.0
576,0.0,-2419375.831417804,0.0,0.0,934849.9730138641,945849.0,597985.5109989159,0.0
577,0.0,-2442240.293191351,0.0,0.0,954197.1324667026,918745.0,630163.2865373339,0.0
578,0.0,-2477973.888937138,0.0,0.0,971243.4209174361,928660.0,639382.3278308393,0.0
579,0.0,-2502652.1428722152,0.0,0.0,991585.2278387521,958000.0,621201.478698912,-5543.572815511284
580,0.0,-2531534.0307500293,0.0,0.0,1001164.669676087,938195.0,653202.5101392765,0.0
581,0.0,-2568684.9851343078,0.0,0.0,1035169.438697327,947287.0,649265.5271708698,0.0
582,0.0,-2570196.7251231954,0.0,0.0,1021010.5682770945,950133.0,663177.2793887561,0.0
583,0.0,-2589425.143131038,0.0,0.0,1034501.0577260763,953136.0,668139.8700465272,0.0
584,0.0,-2552778.7460476053,0.0,0.0,993620.563271938,965827.0,658683.8228373816,0.0
585,0.0,-2592171.8564550327,0.0,0.0,1024130.8341511013,964531.0,668848.6245433025,0.0
586,0.0,-2615564.7817450026,0.0,0.0,1025051.0820442688,987719.0,670288.5849773422,0.0
587,0.0,-2628114.1540167313,0.0,0.0,1020172.8867441793,990812.0,678122.1041314343,0.0
588,0.0,-2648654.5889157318,0.0,0.0,1023856.2585709477,1003803.0,683422.6628797948,0.0
589,0.0,-2649867.0818337062,0.0,0.0,1018381.416425789,1011918.0,683735.8764892918,0.0
590,0.0,-2653114.3490389897,0.0,0.0,1018991.0729424055,1015746.0,684572.4387270448,0.0
591,0.0,-2658081.3463098034,0.0,0.0,1005990.6683461998,1029094.0,685854.6620174794,0.0
592,0.0,-2662093.2736168928,0.0,0.0,984109.9711669524,1055853.0,686890.6459973053,0.0
593,0.0,-2714525.915274,0.0,0.0,1015967.9829943844,1065042.0,700419.5518920289,0.0
594,0.0,-2723368.217040383,0.0,0.0,1023080.8744587303,1064199.0,702700.0527331715,0.0
595,0.0,-2753889.858087026,0.0,0.0,1040599.8830208224,1071735.0,710575.3267649217,0.0
596,0.0,-2799291.0590505637,0.0,0.0,1085422.612353068,1063207.0,722291.4227496369,0.0
597,0.0,-2822828.670122351,0.0,0.0,1099558.9144099401,1068764.0,728364.582460233,0.0
598,0.0,-2850417.0260027954,0.0,0.0,1096245.9661596802,1095187.0,735481.7229651185,0.0
599,0.0,-2890244.838278858,0.0,0.0,1113394.6666209504,1098834.0,745759.0217489915,0.0
600,0.0,-2940588.9245179472,0.0,0.0,1144394.148706661,1107756.0,758750.0709879381,0.0
601,0.0,-2963188.438558554,0.0,0.0,1152491.1321446446,1116004.0,764581.1001428198,0.0
602,0.0,-3024347.8208819395,0.0,0.0,1195329.3426080914,1121268.0,780361.3594847419,0.0
603,0.0,-3057595.629890026,0.0,0.0,1194618.8239660917,1148946.0,788940.4882800498,0.0
604,0.0,-3096017.987553791,0.0,0.0,1201807.0786026544,1171253.0,798690.9181811847,0.0
605,0.0,-3139252.32664589,0.0,0.0,1225338.1857520381,1181133.0,810009.6264554601,0.0
606,0.0,-3157144.2933854996,0.0,0.0,1209199.6997534542,1212641.0,814626.9115157515,0.0
607,0.0,-3173161.664421927,0.0,0.0,1199388.4453817601,1235328.0,818759.2792672608,0.0
608,0.0,-3156448.7737193224,0.0,0.0,1171759.7520940457,1248346.0,814448.3361209687,0.0
609,0.0,-3160532.7868614243,0.0,0.0,1144594.627243822,1289707.0,806128.8322317355,0.0
610,0.0,-3167528.8044776637,0.0,0.0,1133391.9387609104,1301207.0,817306.6470556742,0.0
611,0.0,-3180674.6695140665,0.0,0.0,1143385.81603879,1299057.0,820697.2941680471,0.0
612,0.0,-3207385.562793337,0.0,0.0,1150319.956528444,1314352.0,827588.3917936429,0.0
613,0.0,-3204215.222430964,0.0,0.0,1128472.7816399576,1327524.0,826771.6855844012,0.0
614,0.0,-3222813.052400554,0.0,0.0,1153935.7812667731,1318168.0,831571.5328048657,0.0
615,0.0,-3216771.1049762033,0.0,0.0,1142841.10346876,1327158.0,830011.0390751227,0.0
616,0.0,-3173170.039944269,0.0,0.0,1103158.5747901895,1343633.0,812413.2844387441,0.0
617,0.0,-3158797.5550181633,0.0,0.0,1069450.8107310198,1350107.0,815051.2255729483,0.0
618,0.0,-3224015.0185338967,0.0,0.0,1110634.6334593378,1360887.0,831880.6044895477,0.0
619,0.0,-3310677.0317248222,0.0,0.0,1185647.3701466443,1349899.0,854242.4668422488,0.0
620,0.0,-3363420.304091863,0.0,0.0,1222130.0953132375,1354718.0,867852.0702580514,0.0
621,0.0,-3353567.902628426,0.0,0.0,1193840.6008033357,1376294.0,865307.404008605,0.0
622,0.0,-3395088.5314218234,0.0,0.0,1247704.838299009,1356380.0,876022.6755928522,0.0
623,0.0,-3391368.3932857094,0.0,0.0,1229571.0617312596,1367722.0,875062.4281969337,0.0
624,0.0,-3415530.8715625578,0.0,0.0,1257408.6450900845,1358098.0,881297.0054637754,0.0
625,0.0,-3449390.8340448993,0.0,0.0,1283408.1915219165,1360103.0,890033.8500279463,0.0
626,0.0,-3486874.3322998877,0.0,0.0,1298279.2621648882,1406056.0,868979.4918705986,0.0
627,0.0,-3509374.049891128,0.0,0.0,1304701.6427372403,1383087.0,905511.5945609384,0.0
628,0.0,-3532896.42188763,0.0,0.0,1310346.281329437,1399119.0,911579.975855598,0.0
629,0.0,-3563239.2022835407,0.0,0.0,1289172.2926853695,1457344.0,902423.9401328355,0.0
630,0.0,-3624316.618229839,0.0,0.0,1318965.4152208252,1458763.0,935168.766924099,0.0
631,0.0,-3619061.656321057,0.0,0.0,1293427.7508102793,1483049.0,933812.9289181745,0.0
632,0.0,-3664051.1903261556,0.0,0.0,1292904.1383218262,1519657.0,945422.1766301214,0.0
633,0.0,-3697823.6965533984,0.0,0.0,1301797.818866284,1538183.0,954136.488568973,0.0
634,0.0,-3653454.9841640876,0.0,0.0,1232858.6340734714,1589024.0,915146.334854119,0.0
635,0.0,-3685775.5259539513,0.0,0.0,1247890.4140823544,1572898.0,951025.526790072,0.0
636,0.0,-3700396.4603871373,0.0,0.0,1254392.1384830517,1576466.0,954800.773704144,0.0
637,0.0,-3715169.0894688237,0.0,0.0,1258719.777376052,1585276.0,958611.9505512379,0.0
638,0.0,-3801022.550350819,0.0,0.0,1313852.5753092626,1625462.0,951860.6789701831,0.0
639,0.0,-3911608.8622998917,0.0,0.0,1411970.6481681485,1583466.0,1009297.6839145578,0.0
640,0.0,-3938737.8804875985,0.0,0.0,1414877.082399594,1601909.0,1016297.6452279515,0.0
641,0.0,-3967369.3335778154,0.0,0.0,1427989.068067722,1625750.0,1010463.3946283672,0.0
642,0.0,-4063375.0599882714,0.0,0.0,1498046.9541771067,1614861.0,1048456.6304347785,0.0
643,0.0,-4144870.1027153465,0.0,0.0,1539363.1078010807,1637355.0,1069486.1553634226,0.0
644,0.0,-4144847.449864281,0.0,0.0,1494169.2412548913,1675469.0,1069480.4225042467,0.0
645,0.0,-4227895.284758588,0.0,0.0,1557926.550342572,1740593.0,1026705.0995212839,0.0
646,0.0,-4268503.321982714,0.0,0.0,1557541.7193997186,1710410.0,1101386.0994449293,0.0
647,0.0,-4356686.953314982,0.0,0.0,1610825.180109728,1724424.0,1124140.9696217864,0.0
648,0.0,-4334578.371744881,0.0,0.0,1563588.2077929194,1752528.0,1118435.349798193,0.0
649,0.0,-4393920.258961391,0.0,0.0,1581546.4941003986,1781638.0,1133746.9163380591,0.0
650,0.0,-4428823.650200422,0.0,0.0,1585763.836221734,1805904.0,1142753.2248572884,0.0
651,0.0,-4448220.999481108,0.0,0.0,1572390.9572288953,1836067.0,1147757.8008485306,0.0
652,0.0,-4441920.081950096,0.0,0.0,1499374.4325441113,1903365.0,1146132.8399416124,0.0
653,0.0,-4533161.288692775,0.0,0.0,1548029.473966305,1925879.0,1169675.7953466778,0.0
654,0.0,-4598789.513167017,0.0,0.0,1574488.6369583984,1947034.0,1186608.5947236333,0.0
655,0.0,-4704062.050014875,0.0,0.0,1629742.853461875,1972705.0,1213771.7948944226,0.0
656,0.0,-4817891.391908859,0.0,0.0,1712673.5516725846,1976257.0,1243142.0307996196,0.0
657,0.0,-4898876.9741083095,0.0,0.0,1742632.9138451752,2006147.0,1264038.3257308374,0.0
658,0.0,-4944616.475594049,0.0,0.0,1750273.5922695557,2035393.0,1275842.310706599,0.0
659,0.0,-4976113.693663063,0.0,0.0,1748711.5711288718,2056715.0,1283968.659696291,0.0
660,0.0,-5026349.268752178,0.0,0.0,1793360.989393388,2054633.0,1289183.8019896392,0.0
661,0.0,-5054076.388805833,0.0,0.0,1793418.4733986007,2070297.0,1304085.2224532575,0.0
662,0.0,-5110901.409244826,0.0,0.0,1841792.9532578483,2068049.0,1318747.5060282312,0.0
663,0.0,-5125322.714840847,0.0,0.0,1868824.5086677263,2109401.0,1272414.4571614407,-6602.40972381537
664,0.0,-5106866.4708265085,0.0,0.0,1817979.0222695544,2084151.0,1317706.7839271368,0.0
665,0.0,-5193549.887327144,0.0,0.0,1864451.4471926412,2105261.0,1340073.249807985,0.0
666,0.0,-5170717.432679748,0.0,0.0,1812081.8569578882,2132132.0,1334181.8586243247,0.0
667,0.0,-5209813.280455587,0.0,0.0,1843229.33525008,2232130.0,1245418.1222220738,0.0
668,0.0,-5291501.392738834,0.0,0.0,1915750.5508608217,2124765.0,1365345.5454241997,0.0
669,0.0,-5350147.149638369,0.0,0.0,1915734.2574712883,2183125.0,1363673.565213195,0.0
670,0.0,-5438583.900377744,0.0,0.0,1979450.8098339317,2172088.0,1403297.1858762086,0.0
671,0.0,-5473978.507665266,0.0,0.0,1976759.9311723055,2205467.0,1412430.4826187538,0.0
672,0.0,-5538837.444994649,0.0,0.0,1972848.9639909877,2261605.0,1429165.7679522512,0.0
673,0.0,-5553862.12848525,0.0,0.0,1930167.8729669498,2312832.0,1433041.862989347,0.0
674,0.0,-5630469.67002156,0.0,0.0,1967222.6986521245,2336820.0,1452809.0849926914,0.0
675,0.0,-5703005.025165754,0.0,0.0,1975644.6738173235,2381905.0,1471524.6629555079,0.0
676,0.0,-5794629.683487717,0.0,0.0,2039319.7758204027,2392633.0,1495165.8693357664,0.0
677,0.0,-5897316.895984095,0.0,0.0,2088699.9577574446,2422154.0,1521663.1919603795,0.0
678,0.0,-5967265.780981155,0.0,0.0,2106142.9146391437,2454409.0,1539712.386090426,0.0
679,0.0,-6043399.441765311,0.0,0.0,2125993.293884607,2509917.0,1541479.4829831617,0.0
680,0.0,-6094895.146172702,0.0,0.0,2155404.6243532384,2505820.0,1572642.6988796203,0.0
681,0.0,-6189443.55572905,0.0,0.0,2199571.1173079493,2537190.0,1597039.2279169234,0.0
682,0.0,-6264313.946371698,0.0,0.0,2231619.829627102,2556165.0,1616358.6795610264,0.0
683,0.0,-6256796.808405424,0.0,0.0,2218769.7176823807,2566749.0,1614419.6165279588,0.0
684,0.0,-6294208.816334069,0.0,0.0,2221388.2567932215,2596458.0,1624071.5066407763,0.0
685,0.0,-6342772.93166148,0.0,0.0,2254574.329469824,2593153.0,1636602.8365643397,0.0
686,0.0,-6441122.274425002,0.0,0.0,2330106.0663499953,2595957.0,1661980.133404787,0.0
687,0.0,-6456817.029813347,0.0,0.0,2325401.117323924,2611790.0,1666029.6530908595,0.0
688,0.0,-6530759.39577257,0.0,0.0,2382670.3898181496,2614573.0,1685108.7798968593,0.0
689,0.0,-6544051.784274716,0.0,0.0,2330030.885890568,2678524.0,1688538.080426696,0.0
690,0.0,-6698813.059950062,0.0,0.0,2447238.6118966215,2745037.0,1661449.2661000483,0.0
691,0.0,-6749246.403877125,0.0,0.0,2452023.77215537,2713280.0,1741484.974075288,0.0
692,0.0,-6780340.307718351,0.0,0.0,2453148.602751267,2739304.0,1749506.2851259476,0.0
693,0.0,-6855394.417659115,0.0,0.0,2529352.3052087473,2723923.0,1768872.7191441897,0.0
694,0.0,-6850252.946341576,0.0,0.0,2499444.684473723,2750150.0,1767545.1934234183,0.0
695,0.0,-6933240.667064558,0.0,0.0,2528715.041884579,2956363.0,1685619.9051650213,-64680.51127554866
696,0.0,-6986622.307752905,0.0,0.0,2566440.0439072126,2817864.0,1778981.198877387,0.0
697,0.0,-7009414.508988746,0.0,0.0,2531074.655108577,2843866.0,1808613.1247931449,0.0
698,0.0,-7138159.499334875,0.0,0.0,2626606.6806028653,2845172.0,1841833.6677644346,0.0
699,0.0,-7216655.71734277,0.0,0.0,2709770.5290517854,2853628.0,1834354.1014059593,0.0
700,0.0,-7310106.887640606,0.0,0.0,2782881.6901966874,2827802.0,1886200.1304825863,0.0
701,0.0,-7377710.831675585,0.0,0.0,2770988.639892148,2889210.0,1903644.740764133,0.0
702,0.0,-7415744.681256873,0.0,0.0,2759498.5738237593,2935224.0,1913456.8950265972,0.0
703,0.0,-7524190.651677124,0.0,0.0,2792770.395493244,2988916.0,1941440.047473555,0.0
704,0.0,-7603031.230537946,0.0,0.0,2824935.8703876864,3021797.0,1961782.967521715,0.0
705,0.0,-7614175.772204634,0.0,0.0,2756984.9915836137,3094010.0,1964658.634833552,0.0
706,0.0,-7643625.025399639,0.0,0.0,2706782.7302775346,3174035.0,1966756.4515261769,0.0
707,0.0,-7680272.060367927,0.0,0.0,2684153.5774084693,3221404.0,1981711.162574642,0.0
708,0.0,-7773850.790737044,0.0,0.0,2747160.205393357,3234368.0,2005858.2782139336,0.0
709,0.0,-7835355.964613261,0.0,0.0,2727768.4231581,3305911.0,2021727.6188732672,0.0
710,0.0,-7956259.686784007,0.0,0.0,2781568.40874222,3336250.0,2052925.2124236,0.0
711,0.0,-8112813.801210182,0.0,0.0,2865384.973747506,3515224.0,2010258.947761185,-59151.84487566071
712,0.0,-8107549.101441251,0.0,0.0,2818363.864949582,3421229.0,2091961.724230836,0.0
713,0.0,-8227355.61042654,0.0,0.0,2912457.221370605,3403748.0,2122874.3747243783,0.0
714,0.0,-8298000.571926769,0.0,0.0,2947727.732469172,3425239.0,2141102.0454169204,0.0
715,0.0,-8237680.608742525,0.0,0.0,2878139.1143779205,3455282.0,2125539.3069414767,0.0
716,0.0,-8323084.21087726,0.0,0.0,2996455.7821668014,3438473.0,2113883.7312213182,0.0
717,0.0,-8337970.000737122,0.0,0.0,3006644.93364418,3411830.0,2151416.4233370456,0.0
718,0.0,-8350975.355498433,0.0,0.0,3023401.4194985945,3398455.0,2154772.153645754,0.0
719,0.0,-8492120.641854577,0.0,0.0,3142649.6002582274,3387585.0,2191190.2874254426,0.0
720,0.0,-8451019.438203685,0.0,0.0,3041914.2644581664,3458578.0,2180585.6101588914,0.0
721,0.0,-8493057.21639491,0.0,0.0,3052881.669251108,3482908.0,2191433.5730612013,0.0
722,0.0,-8519111.046966761,0.0,0.0,3097696.637798024,3721344.0,2110878.7287288653,-167252.33602187294
723,0.0,-8556548.439031936,0.0,0.0,3112833.121107633,3582293.0,2111167.488977344,0.0
724,0.0,-8616760.050388716,0.0,0.0,3165632.2846858064,3476502.0,2223351.3313321937,0.0
725,0.0,-8598520.453780526,0.0,0.0,3194513.014243699,3440685.0,2218645.7167130066,0.0
726,0.0,-8574154.678166728,0.0,0.0,3153577.528459575,3497861.0,2169788.822269967,0.0
727,0.0,-8544147.447772928,0.0,0.0,3115439.2243428286,3502359.0,2157045.5084093213,0.0
728,0.0,-8546865.524568519,0.0,0.0,3100929.9479297157,3475916.0,2205315.876074331,0.0
729,0.0,-8429144.67652869,0.0,0.0,2977754.917949107,3515061.0,2174941.465338502,0.0
730,0.0,-8519256.715139855,0.0,0.0,3106447.6189396223,3459745.0,2198192.708495669,0.0
731,0.0,-8420723.426462168,0.0,0.0,2998387.2087357054,3481415.0,2172769.025909997,0.0
732,0.0,-8568285.134396942,0.0,0.0,3082008.833553607,3504187.0,2210842.0718169473,0.0
733,0.0,-8640220.372146873,0.0,0.0,3136763.146977099,3493877.0,2229403.86081209,0.0
734,0.0,-8698943.81744499,0.0,0.0,3160362.7564893537,3505544.0,2244557.414188424,0.0
735,0.0,-8812071.95199789,0.0,0.0,3198892.4828780736,3548551.0,2273746.7979199546,0.0
736,0.0,-8807440.043904487,0.0,0.0,3160165.813007902,3589862.0,2272551.2858114233,0.0
737,0.0,-8916944.101831285,0.0,0.0,3196065.014957581,3630577.0,2300807.580186757,0.0
738,0.0,-8993631.357917711,0.0,0.0,3241724.6758273453,3646064.0,2320594.7871638117,0.0
739,0.0,-9078613.624828357,0.0,0.0,3240204.452732756,3697018.0,2342522.4288829206,0.0
740,0.0,-9256623.93186361,0.0,0.0,3321934.9553597206,3753871.0,2388452.7644502213,0.0
741,0.0,-9377627.484855704,0.0,0.0,3386560.7544771186,3786281.0,2419674.846081402,0.0
742,0.0,-9525201.614274904,0.0,0.0,3451321.714634391,3836980.0,2457753.1296372544,0.0
743,0.0,-9605682.28885906,0.0,0.0,3455264.738132417,3899005.0,2478517.949428483,0.0
744,0.0,-9713606.652041283,0.0,0.0,3529701.757730607,3997907.0,2420648.4279110045,0.0
745,0.0,-9797215.121226558,0.0,0.0,3556569.5859003216,3954549.0,2527938.0378548237,0.0
746,0.0,-9828136.462452514,0.0,0.0,3557949.2312469957,4004838.0,2507324.783645067,0.0
747,0.0,-9790425.752800787,0.0,0.0,3524452.811662791,3981319.0,2526186.9099423876,0.0
748,0.0,-9864816.912001006,0.0,0.0,3579496.162667179,3987722.0,2545383.999244782,0.0
749,0.0,-9885224.029010056,0.0,0.0,3580999.826792654,4006824.0,2550648.2990227835,0.0
750,0.0,-9869293.903184213,0.0,0.0,3597419.8460891442,3986311.0,2546538.4215977634,0.0
751,0.0,-9988683.92415023,0.0,0.0,3712598.379667767,3961776.0,2577343.6696011415,0.0
752,0.0,-9872379.104201278,0.0,0.0,3561904.726333515,4016764.0,2547333.985383101,0.0
753,0.0,-1.0004351055779632E7,0.0,0.0,3667542.3155920263,4012476.0,2581386.0890471153,0.0
754,0.0,-1.0051890727937648E7,0.0,0.0,3629205.7764658965,4087139.0,2593653.4653832996,0.0
755,0.0,-1.008662331231413E7,0.0,0.0,3621259.748547066,4127225.0,2602615.25692005,0.0
756,0.0,-1.0193152186621264E7,0.0,0.0,3635676.832425619,4196148.0,2626097.461803676,0.0
757,0.0,-1.0363081475571843E7,0.0,0.0,3723275.330626235,4229145.0,2673947.396848677,0.0
758,0.0,-1.049820454797488E7,0.0,0.0,3834505.5686394186,4224704.0,2708813.9386853976,0.0
759,0.0,-1.0601833585195698E7,0.0,0.0,3879013.639488666,4266120.0,2735552.3803165127,0.0
760,0.0,-1.0693842446836637E7,0.0,0.0,3956479.1463075425,4256046.0,2759293.3318544505,0.0
761,0.0,-1.0693854771499092E7,0.0,0.0,3909168.0516395047,4248587.0,2759296.2456442895,0.0
762,0.0,-1.0857259767634919E7,0.0,0.0,4070029.0281697735,4217491.0,2801459.1559087867,0.0
763,0.0,-1.091932939338047E7,0.0,0.0,4071064.9086234304,4267643.0,2817473.2397220638,0.0
764,0.0,-1.1011618143705215E7,0.0,0.0,4137269.9354084446,4276611.0,2841287.4446197706,0.0
765,0.0,-1.1093125139787078E7,0.0,0.0,4275940.404893346,4209471.0,2862319.070426167,0.0
766,0.0,-1.1112763244806407E7,0.0,0.0,4233825.906014127,4255083.0,2867386.4664978096,0.0
767,0.0,-1.1077536261068631E7,0.0,0.0,4187537.9376396,4475942.0,2647441.8358631004,0.0
768,0.0,-1.1136800218853548E7,0.0,0.0,4229317.22171923,4274227.0,2873588.409737695,0.0
769,0.0,-1.1073155529568605E7,0.0,0.0,4046729.941351792,4415740.0,2857165.4016198106,0.0
770,0.0,-1.1052862952719187E7,0.0,0.0,3975291.4384648385,4471990.0,2851930.2338629137,0.0
771,0.0,-1.1158472556962334E7,0.0,0.0,3984724.7308955826,4545991.0,2879178.6831982983,0.0
772,0.0,-1.1238664682494849E7,0.0,0.0,4001045.9842912583,4597486.0,2899872.30477612,0.0
773,0.0,-1.141144118806297E7,0.0,0.0,4091341.678053787,4637590.0,2944453.4695827533,0.0
774,0.0,-1.1580316421115024E7,0.0,0.0,4133302.392203689,4727951.0,2988027.0504346727,0.0
775,0.0,-1.1741951208543736E7,0.0,0.0,4220644.258463273,4843629.0,2955870.782420605,0.0
776,0.0,-1.2014690155859035E7,0.0,0.0,4385105.087832223,4815581.0,3100105.605574783,0.0
777,0.0,-1.2224248590161834E7,0.0,0.0,4496574.447787561,4867507.0,3154177.687675203,0.0
778,0.0,-1.238166848276225E7,0.0,0.0,4589571.602112455,4955534.0,3135067.579166572,0.0
779,0.0,-1.2627465434171578E7,0.0,0.0,4749966.372352259,4920086.0,3258218.832022778,0.0
780,0.0,-1.2735950458082896E7,0.0,0.0,4717337.3066917965,5042476.0,3286211.723657272,0.0
781,0.0,-1.3008838211111281E7,0.0,0.0,4921709.734815178,5049181.0,3356623.816221431,0.0
782,0.0,-1.318544016460371E7,0.0,0.0,4898605.293175988,5124460.0,3402190.6256977734,0.0
783,0.0,-1.3478757851132689E7,0.0,0.0,5035257.9876961745,5214608.0,3477875.6273789415,0.0
784,0.0,-1.3751255298911456E7,0.0,0.0,5198119.791600663,5407345.0,3404661.1348304832,0.0
785,0.0,-1.3839458248358341E7,0.0,0.0,5267952.907433162,5267307.0,3570945.5512644984,0.0
786,0.0,-1.391856828505158E7,0.0,0.0,5238216.728894177,5362980.0,3591357.1242591916,0.0
787,0.0,-1.3997503812490197E7,0.0,0.0,5200267.2539184,5464786.0,3611723.4401064687,0.0
788,0.0,-1.4216237011641547E7,0.0,0.0,5360409.673503437,5475107.0,3668163.57907515,0.0
789,0.0,-1.424643999718839E7,0.0,0.0,5375141.26211181,5488283.0,3675957.1358563914,0.0
790,0.0,-1.4159050238327038E7,0.0,0.0,5288612.888913229,5496339.0,3653408.2194576794,0.0
791,0.0,-1.4295962423723176E7,0.0,0.0,5409490.722802736,5610644.0,3566428.492278236,0.0
792,0.0,-1.424184795954895E7,0.0,0.0,5322118.196397286,5847127.0,3374581.684869489,0.0
793,0.0,-1.4124893404905332E7,0.0,0.0,5253432.160312398,5534188.0,3644593.4803593303,0.0
794,0.0,-1.398241800042434E7,0.0,0.0,5093649.572415194,5591455.0,3607831.647000389,0.0
795,0.0,-1.3961423579119164E7,0.0,0.0,5068813.318014469,5668680.0,3540265.6122765085,0.0
796,0.0,-1.4093073338202417E7,0.0,0.0,5166276.064581887,5758626.0,3491244.5825428716,0.0
797,0.0,-1.4141854778264523E7,0.0,0.0,5102883.751208541,5720342.0,3648971.3405045657,0.0
798,0.0,-1.4423739693442907E7,0.0,0.0,5298187.600705685,5732189.0,3721703.966116636,0.0
799,0.0,-1.446756077420367E7,0.0,0.0,5267951.291979614,5802831.0,3733011.891776348,0.0
800,0.0,-1.4605000193801606E7,0.0,0.0,5249526.183608223,5932281.0,3768475.491226325,0.0
801,0.0,-1.4895971404038545E7,0.0,0.0,5445627.582374859,6066655.0,3725628.9909010204,0.0
802,0.0,-1.5051067499550125E7,0.0,0.0,5479165.334425198,6034927.0,3883572.2350690616,0.0
803,0.0,-1.5426709206450148E7,0.0,0.0,5679213.959533964,6124585.0,3980497.342849841,0.0
804,0.0,-1.5617013903779678E7,0.0,0.0,5770278.382498524,6180946.0,4029601.543708112,0.0
805,0.0,-1.6002784508668415E7,0.0,0.0,6031800.492896071,6216667.0,4129140.346366724,0.0
806,0.0,-1.608456381544552E7,0.0,0.0,5969177.310317937,6345752.0,4150241.0354881478,0.0
807,0.0,-1.6357083850221207E7,0.0,0.0,6195532.391668204,6332083.0,4220558.433986269,0.0
808,0.0,-1.659168465103153E7,0.0,0.0,6288639.770668992,6477143.0,4216892.775293506,0.0
809,0.0,-1.6721479009252192E7,0.0,0.0,6349976.479760398,6453720.0,4314582.253811485,0.0
810,0.0,-1.666384998480822E7,0.0,0.0,6267995.38691135,6552972.0,4213646.088167504,0.0
811,0.0,-1.6781774046102557E7,0.0,0.0,6297807.9706713045,6495477.0,4330139.505818684,0.0
812,0.0,-1.6758320831943769E7,0.0,0.0,6241680.344625302,6546970.0,4324088.674981868,0.0
813,0.0,-1.6816050877450358E7,0.0,0.0,6376278.623051,6459864.0,4338985.079371771,0.0
814,0.0,-1.6818546511137247E7,0.0,0.0,6339471.058213405,6612592.0,4233155.271578382,0.0
815,0.0,-1.6940248053594723E7,0.0,0.0,6469965.027107768,6477946.0,4371029.857495676,0.0
816,0.0,-1.7023882742459264E7,0.0,0.0,6490764.11496756,6511552.0,4392610.156285406,0.0
817,0.0,-1.7279317786226943E7,0.0,0.0,6583962.835620053,6615709.0,4458517.710586455,0.0
818,0.0,-1.7272243236983825E7,0.0,0.0,6472863.626695022,6732780.0,4456694.762268504,0.0
819,0.0,-1.73624273888725E7,0.0,0.0,6416612.414585364,6857412.0,4479962.990008312,0.0
820,0.0,-1.7534897130312245E7,0.0,0.0,6410538.865183209,7004891.0,4524465.837860569,0.0
821,0.0,-1.7831244602737453E7,0.0,0.0,6593820.055991737,7044095.0,4600932.7008753475,0.0
822,0.0,-1.7820138497011427E7,0.0,0.0,6518460.9528179355,7153557.0,4562537.36517908,0.0
823,0.0,-1.8009832492013935E7,0.0,0.0,6628336.879073845,7160189.0,4647010.116604576,0.0
824,0.0,-1.8085940436185345E7,0.0,0.0,6545002.141793784,7954940.0,4286032.216706481,-262714.49669771915
825,0.0,-1.842901892174943E7,0.0,0.0,6837211.970857282,7281806.0,4755171.82673868,0.0
826,0.0,-1.8611817271589614E7,0.0,0.0,6895495.986401864,7628397.0,4542136.918800909,0.0
827,0.0,-1.8912581766596522E7,0.0,0.0,7169622.677746787,7328087.0,4879944.537353146,0.0
828,0.0,-1.904887797669839E7,0.0,0.0,7202230.233319623,7404305.0,4915111.559200995,0.0
829,0.0,-1.9116767027697593E7,0.0,0.0,7233011.710951028,7418354.0,4932629.998964349,0.0
830,0.0,-1.9384308090968102E7,0.0,0.0,7378774.859552862,7462055.0,5001662.7129102405,0.0
831,0.0,-1.9640631356467947E7,0.0,0.0,7453961.554386102,7683342.0,4964285.5693117315,0.0
832,0.0,-1.9805881582099386E7,0.0,0.0,7479090.665732486,8033846.0,4878216.695288764,-111237.75746633587
833,0.0,-1.9950388782726858E7,0.0,0.0,7598791.947555721,7689295.0,5147726.665220786,0.0
834,0.0,-1.9945250429835416E7,0.0,0.0,7482952.128127251,7809738.0,5146400.990852003,0.0
835,0.0,-2.01470947405096E7,0.0,0.0,7621309.358248219,7884090.0,5129605.605934216,0.0
836,0.0,-2.027240802937014E7,0.0,0.0,7635951.694721199,7895278.0,5230815.749824307,0.0
837,0.0,-2.056707235328547E7,0.0,0.0,7700925.608348353,8051843.0,5306847.224645541,0.0
838,0.0,-2.0871359287742436E7,0.0,0.0,7865293.97343364,8403002.0,5106069.419329904,0.0
839,0.0,-2.1075987390758675E7,0.0,0.0,7868361.744339177,8264046.0,5438160.058591419,0.0
840,0.0,-2.1305568400243282E7,0.0,0.0,7878498.58010746,8437935.0,5497397.057662724,0.0
841,0.0,-2.1501736860867545E7,0.0,0.0,7976683.228705616,8499849.0,5548014.394813215,0.0
842,0.0,-2.1309469927408535E7,0.0,0.0,7760532.084265314,8588953.0,5498404.591587004,0.0
843,0.0,-2.1797157087459497E7,0.0,0.0,8138328.7008767035,9137776.0,5200070.289843392,-124774.90351208721
844,0.0,-2.1965643746104684E7,0.0,0.0,8121239.477329965,8746566.0,5667713.357328356,0.0
845,0.0,-2.1859008643853933E7,0.0,0.0,7911497.125167828,8891217.0,5640199.970172236,0.0
846,0.0,-2.2376629143065203E7,0.0,0.0,8255973.436891634,8964533.0,5750540.705934387,0.0
847,0.0,-2.271924302084062E7,0.0,0.0,8319574.363474639,9140700.0,5862163.0488878125,0.0
848,0.0,-2.3072005949659564E7,0.0,0.0,8531447.972906489,9486227.0,5668282.523582478,0.0
849,0.0,-2.361547768597143E7,0.0,0.0,8839226.486978218,9305780.0,6093415.723452892,0.0
850,0.0,-2.396553780106577E7,0.0,0.0,8989087.196661498,9434552.0,6183740.796651611,0.0
851,0.0,-2.4374162737245906E7,0.0,0.0,9304356.915983863,9435854.0,6289176.413941814,0.0
852,0.0,-2.445416112920965E7,0.0,0.0,9343166.37230032,9466991.0,6309817.689922212,0.0
853,0.0,-2.441460388008419E7,0.0,0.0,9394892.97673798,9404872.0,6299611.701765265,0.0
854,0.0,-2.4319355189244308E7,0.0,0.0,9145759.451685695,9514075.0,6275033.543298849,0.0
855,0.0,-2.4500607885610294E7,0.0,0.0,9117334.23997958,9692553.0,6321802.976793978,0.0
856,0.0,-2.4723084009787492E7,0.0,0.0,9248806.568234289,1.0118624E7,6002309.99817597,0.0
857,0.0,-2.480771219163116E7,0.0,0.0,9362754.511521041,9699476.0,6401042.895128408,0.0
858,0.0,-2.5022887306661043E7,0.0,0.0,9433148.924674759,9801627.0,6456564.379611298,0.0
859,0.0,-2.4919386705433972E7,0.0,0.0,9258680.970552363,9915433.0,6429858.361643806,0.0
860,0.0,-2.4933566991336733E7,0.0,0.0,9240169.046627034,9949849.0,6433516.557495611,0.0
861,0.0,-2.510611245818074E7,0.0,0.0,9351713.749696346,9985475.0,6478038.719854214,0.0
862,0.0,-2.509448266773209E7,0.0,0.0,9055577.629870528,1.0287145E7,6475036.8947561355,0.0
863,0.0,-2.5332471025571175E7,0.0,0.0,9198083.761410488,1.0337204E7,6536445.828999697,0.0
864,0.0,-2.5140315147637278E7,0.0,0.0,8751578.088127712,1.0691328E7,6415829.725662224,0.0
865,0.0,-2.573327782150186E7,0.0,0.0,9204188.01735247,1.0577347E7,6639863.297635966,0.0
866,0.0,-2.6076599277567968E7,0.0,0.0,9387665.597929575,1.0781968E7,6616010.025531263,0.0
867,0.0,-2.6138651043403123E7,0.0,0.0,9384638.617367147,1.0738546E7,6744459.888775249,0.0
868,0.0,-2.6329679470760435E7,0.0,0.0,9573802.995947452,1.0702696E7,6793750.891430194,0.0
869,0.0,-2.615091620028102E7,0.0,0.0,9298775.380829573,1.085869E7,6747624.783156129,0.0
870,0.0,-2.623196199891871E7,0.0,0.0,9183264.827664204,1.105076E7,6768538.067393466,0.0
871,0.0,-2.6823142789931998E7,0.0,0.0,9485136.946658576,1.1197706E7,6921076.623696104,0.0
872,0.0,-2.7107101162965186E7,0.0,0.0,9490251.197747562,1.142725E7,6987881.455550393,0.0
873,0.0,-2.7450184580142625E7,0.0,0.0,9606355.639798269,1.1537766E7,7082870.669639458,0.0
874,0.0,-2.7659202005767435E7,0.0,0.0,9546365.246564748,1.1764059E7,7136803.451483001,0.0
875,0.0,-2.8160662963644557E7,0.0,0.0,9723043.88193123,1.3039358E7,6832123.6553450115,-650603.8252301501
876,0.0,-2.854927061947585E7,0.0,0.0,9985604.71453457,1.2497152E7,6865765.700110135,0.0
877,0.0,-2.9058286734247938E7,0.0,0.0,1.029237827519983E7,1.2213506E7,7376221.33060517,0.0
878,0.0,-2.9175210412412465E7,0.0,0.0,1.0246722045173798E7,1.2240019E7,7527973.146966089,0.0
879,0.0,-2.9386278422721304E7,0.0,0.0,1.0439530642618252E7,1.2200274E7,7582433.630258842,0.0
880,0.0,-2.9660090886739433E7,0.0,0.0,1.0519237397921769E7,1.2335236E7,7653083.330756638,0.0
881,0.0,-2.9953249560670115E7,0.0,0.0,1.055139499008651E7,1.2542212E7,7728728.409256878,0.0
882,0.0,-3.0141318938578084E7,0.0,0.0,1.0484412039528286E7,1.2757972E7,7733583.342767391,0.0
883,0.0,-3.027291263072205E7,0.0,0.0,1.0601722136841848E7,1.2702265E7,7811208.557237493,0.0
884,0.0,-3.0607539359594826E7,0.0,0.0,1.0804564933182538E7,1.2772538E7,7897551.918343129,0.0
885,0.0,-3.063543099812139E7,0.0,0.0,1.075668571002268E7,1.28523E7,7904748.620209096,0.0
886,0.0,-3.1031512123035133E7,0.0,0.0,1.101296187657555E7,1.3202417E7,7715096.29181788,0.0
887,0.0,-3.1456486748823658E7,0.0,0.0,1.1058596365668215E7,1.3781941E7,7568236.378311243,-25598.922504158225
888,0.0,-3.165778837984532E7,0.0,0.0,1.1008592995190516E7,1.3425088E7,8168544.0414248,0.0
889,0.0,-3.1682302465925094E7,0.0,0.0,1.0797712646046326E7,1.3665399E7,8174869.036783653,0.0
890,0.0,-3.202057785478885E7,0.0,0.0,1.0819617649093896E7,1.392069E7,8262153.52039441,0.0
891,0.0,-3.2361810383354567E7,0.0,0.0,1.1005309067801198E7,1.4017896E7,8350199.456885193,0.0
892,0.0,-3.2414528423294973E7,0.0,0.0,1.0991250214380097E7,1.4278305E7,8151210.688247191,0.0
893,0.0,-3.251576716690164E7,0.0,0.0,1.115740069702841E7,1.4614948E7,7852808.74985275,-89406.3276754985
894,0.0,-3.2245145788897052E7,0.0,0.0,1.0783779035524093E7,1.4163537E7,8320096.746439591,0.0
895,0.0,-3.2396106926997848E7,0.0,0.0,1.0951737792107157E7,1.4125568E7,8359049.695604238,0.0
896,0.0,-3.224357747100634E7,0.0,0.0,1.0908595420223264E7,1.4070195E7,8319692.58422936,0.0
897,0.0,-3.252646625665082E7,0.0,0.0,1.1160072289185544E7,1.5866449E7,7933783.345776316,-1368042.3813664084
898,0.0,-3.270322549528341E7,0.0,0.0,1.1395727513427291E7,1.3956944E7,8438292.903955849,0.0
899,0.0,-3.2696633505247016E7,0.0,0.0,1.133681034565041E7,1.4002666E7,8436592.577378318,0.0
900,0.0,-3.2376101994407237E7,0.0,0.0,1.1060891124441102E7,1.4054351E7,8353886.806435852,0.0
901,0.0,-3.2951767963584658E7,0.0,0.0,1.161132552534609E7,1.3957205E7,8502424.623174699,0.0
902,0.0,-3.2906519539512113E7,0.0,0.0,1.130612250131251E7,1.4247362E7,8490747.614038758,0.0
903,0.0,-3.2897233516665254E7,0.0,0.0,1.1143433080965243E7,1.4396688E7,8488353.457857594,0.0
904,0.0,-3.3486078855534725E7,0.0,0.0,1.1576539059976503E7,1.4418601E7,8640290.403858531,0.0
905,0.0,-3.357359630106023E7,0.0,0.0,1.154693195973378E7,1.483352E7,8333021.163920345,0.0
906,0.0,-3.360313516358519E7,0.0,0.0,1.1760155344675092E7,1.4334959E7,8670493.68396776,0.0
907,0.0,-3.374450719904104E7,0.0,0.0,1.183483030620074E7,1.4395027E7,8706972.26823547,0.0
908,0.0,-3.3732871969012745E7,0.0,0.0,1.1949710567246012E7,1.4297527E7,8703968.543620393,0.0
909,0.0,-3.355509936785932E7,0.0,0.0,1.1692122172218962E7,1.4445469E7,8658099.291859,0.0
910,0.0,-3.404737776178406E7,0.0,0.0,1.2098343473601142E7,1.4424489E7,8785121.058596125,0.0
911,0.0,-3.390534563534215E7,0.0,0.0,1.2063748643572425E7,1.438455E7,8748472.713902242,0.0
912,0.0,-3.3695105157586016E7,0.0,0.0,1.1774314612971812E7,1.4543666E7,8694224.26492125,0.0
913,0.0,-3.364470331990076E7,0.0,0.0,1.1597365203268828E7,1.4712624E7,8681221.024198046,0.0
914,0.0,-3.3143491856730137E7,0.0,0.0,1.1223453464211218E7,1.524569E7,8046648.0517155025,0.0
915,0.0,-3.2690916438478842E7,0.0,0.0,1.0688658789043345E7,1.4950892E7,8435118.057829939,0.0
916,0.0,-3.307574936825818E7,0.0,0.0,1.1169386806889705E7,1.5023984E7,8289603.104817228,0.0
917,0.0,-3.306289393243168E7,0.0,0.0,1.1105294426868541E7,1.48318E7,8531097.511517214,0.0
918,0.0,-3.3019175776084725E7,0.0,0.0,1.1099381136709144E7,1.4818764E7,8519815.652067997,0.0
919,0.0,-3.353606012858371E7,0.0,0.0,1.1640535244981265E7,1.4690301E7,8653187.567727452,0.0
920,0.0,-3.380670554355602E7,0.0,0.0,1.1707012600960443E7,1.4847219E7,8723020.297794588,0.0
921,0.0,-3.391442595470309E7,0.0,0.0,1.1807382375678549E7,1.4842156E7,8750815.382624827,0.0
922,0.0,-3.414994932922795E7,0.0,0.0,1.194550719285097E7,1.4906954E7,8811586.139236001,0.0
923,0.0,-3.405090099525751E7,0.0,0.0,1.1879050831714066E7,1.5243623E7,8460554.410018077,0.0
924,0.0,-3.447615420104354E7,0.0,0.0,1.2203453834767317E7,1.4940314E7,8895756.56657699,0.0
925,0.0,-3.4366424273654915E7,0.0,0.0,1.2140461115023004E7,1.4935239E7,8867442.22829401,0.0
926,0.0,-3.484390649235921E7,0.0,0.0,1.2514237168727268E7,1.4947092E7,8990645.28631748,0.0
927,0.0,-3.4841433557217725E7,0.0,0.0,1.2500559898684254E7,1.4981648E7,8990007.486348765,0.0
928,0.0,-3.464854824008643E7,0.0,0.0,1.2548347415227339E7,1.4817192E7,8940237.413611902,0.0
929,0.0,-3.5214525366736464E7,0.0,0.0,1.3101657024390087E7,1.4747327E7,9047411.743880156,0.0
930,0.0,-3.5464999780535035E7,0.0,0.0,1.3465173088322006E7,1.4555757E7,9150904.651004236,0.0
931,0.0,-3.5583447016036846E7,0.0,0.0,1.359896102042647E7,1.454405E7,9181467.12298971,0.0
932,0.0,-3.531890693299555E7,0.0,0.0,1.3117846801822547E7,1.4850903E7,9113208.186068423,0.0
933,0.0,-3.5836263773510695E7,0.0,0.0,1.3506635512050182E7,1.4985796E7,9140817.987473302,0.0
934,0.0,-3.5606770897695355E7,0.0,0.0,1.3364440740970183E7,1.4871544E7,9187485.26865761,0.0
935,0.0,-3.513573571819103E7,0.0,0.0,1.2617917039170027E7,1.51167E7,9065944.022790419,0.0
936,0.0,-3.6149597153957516E7,0.0,0.0,1.3268478428966118E7,1.5176848E7,9327549.231400102,0.0
937,0.0,-3.66428760396104E7,0.0,0.0,1.3683335636831079E7,1.5623598E7,8974152.269199552,0.0
938,0.0,-3.704467536257475E7,0.0,0.0,1.4099230710262084E7,1.4983981E7,9558502.130232394,0.0
939,0.0,-3.692016305064981E7,0.0,0.0,1.3945568808149304E7,1.5073953E7,9526375.332261784,0.0
940,0.0,-3.77243912053135E7,0.0,0.0,1.455451560637408E7,1.5093684E7,9733886.243716083,0.0
941,0.0,-3.795607890808764E7,0.0,0.0,1.4786303121191658E7,1.5040711E7,9793667.739073906,0.0
942,0.0,-3.834307080317974E7,0.0,0.0,1.5036037900582075E7,1.5112726E7,9893523.452510752,0.0
943,0.0,-3.899364656738974E7,0.0,0.0,1.5328171654019669E7,1.5339309E7,1.0061388262429705E7,0.0
944,0.0,-3.94494245478915E7,0.0,0.0,1.5672646795125583E7,1.5362946E7,1.0178990491886202E7,0.0
945,0.0,-4.047050076190814E7,0.0,0.0,1.6391804898490857E7,1.5430936E7,1.0442454926222786E7,0.0
946,0.0,-4.092678006912755E7,0.0,0.0,1.6367520295238242E7,1.6053663E7,1.0333761037079293E7,0.0
947,0.0,-4.140968191768633E7,0.0,0.0,1.6511793396487914E7,1.6033476E7,1.0684788150623158E7,0.0
948,0.0,-4.23324764268115E7,0.0,0.0,1.6977812693158276E7,1.6246789E7,1.0922893663265312E7,0.0
949,0.0,-4.268016893897256E7,0.0,0.0,1.6849046072011247E7,1.6640663E7,1.1012608227466587E7,0.0
950,0.0,-4.279503365302702E7,0.0,0.0,1.6484363603928644E7,1.7020766E7,1.1042245739832437E7,0.0
951,0.0,-4.3398830065989405E7,0.0,0.0,1.6955682767741203E7,1.7009228E7,1.1198042328128375E7,0.0
952,0.0,-4.3138773373169936E7,0.0,0.0,1.6346764366206419E7,1.7459224E7,1.1130939682034206E7,0.0
953,0.0,-4.347986077971079E7,0.0,0.0,1.6366200137277901E7,1.7731782E7,1.1218948350881148E7,0.0
954,0.0,-4.3780046591407865E7,0.0,0.0,1.668695267183347E7,1.7670735E7,1.129640453800464E7,0.0
955,0.0,-4.396436129075319E7,0.0,0.0,1.6566166411989663E7,1.7896718E7,1.134396229390439E7,0.0
956,0.0,-4.4306197942049906E7,0.0,0.0,1.6828748088232897E7,1.7886797E7,1.143216617542084E7,0.0
957,0.0,-4.447026359682864E7,0.0,0.0,1.6753794214184197E7,1.8087384E7,1.1474499534866454E7,0.0
958,0.0,-4.4997737574068636E7,0.0,0.0,1.7218229889705863E7,1.8366086E7,1.1286809562243536E7,0.0
959,0.0,-4.4564129328435704E7,0.0,0.0,1.6998955020086206E7,1.7984527E7,1.1498719645835342E7,0.0
960,0.0,-4.396771383806029E7,0.0,0.0,1.6209596273655025E7,1.8224671E7,1.1344828331960682E7,0.0
961,0.0,-4.4154145614619955E7,0.0,0.0,1.6082454390526427E7,1.9045566E7,1.086846013153679E7,0.0
962,0.0,-4.509222428423236E7,0.0,0.0,1.7016858256365627E7,1.8324993E7,1.1634982755647313E7,0.0
963,0.0,-4.525706110883726E7,0.0,0.0,1.7301612266393382E7,1.8201382E7,1.1677513815137435E7,0.0
964,0.0,-4.623907952711675E7,0.0,0.0,1.8282833244958416E7,1.8272068E7,1.1652746932591166E7,0.0
965,0.0,-4.689495459624544E7,0.0,0.0,1.8735554613012984E7,1.8075256E7,1.2100132580734095E7,0.0
966,0.0,-4.721041817164513E7,0.0,0.0,1.908165017915054E7,1.7986861E7,1.2181532423493737E7,0.0
967,0.0,-4.796458284314992E7,0.0,0.0,1.9726736112606786E7,1.8080952E7,1.223403019327961E7,0.0
968,0.0,-4.867274807665394E7,0.0,0.0,2.010712340481142E7,1.8134315E7,1.255885036770835E7,0.0
969,0.0,-4.8442176237686835E7,0.0,0.0,1.974797794770709E7,1.9104447E7,1.1836098618090132E7,-82058.59323104381
970,0.0,-4.858007024918666E7,0.0,0.0,1.988560136972839E7,1.8371602E7,1.25349379783374E7,0.0
971,0.0,-4.882570219279173E7,0.0,0.0,1.9920137466480516E7,1.8569435E7,1.2598317147213452E7,0.0
972,0.0,-4.926366900432828E7,0.0,0.0,1.9753714323756002E7,1.9743433E7,1.2118263513589771E7,-126702.77219703156
973,0.0,-5.020436641777332E7,0.0,0.0,2.0306583526537757E7,1.9203499E7,1.2954050444907961E7,0.0
974,0.0,-5.0555727109087E7,0.0,0.0,2.0567853746058226E7,1.9157087E7,1.304470982773697E7,0.0
975,0.0,-5.059744746295648E7,0.0,0.0,2.0267140701725688E7,1.9504343E7,1.305547481445859E7,0.0
976,0.0,-5.043972511713221E7,0.0,0.0,1.9978005143490817E7,1.9711986E7,1.3014777665680889E7,0.0
977,0.0,-5.090892556004048E7,0.0,0.0,2.0178069774716005E7,1.9909027E7,1.313584349303598E7,0.0
978,0.0,-5.151860922554698E7,0.0,0.0,2.061837000795377E7,1.9949158E7,1.3293157547685094E7,0.0
979,0.0,-5.2019540258657575E7,0.0,0.0,2.0786970942910478E7,2.0198631E7,1.3422411762183964E7,0.0
980,0.0,-5.24440333039026E7,0.0,0.0,2.0608123149387278E7,2.0843767E7,1.3401897423126828E7,0.0
981,0.0,-5.266333045086866E7,0.0,0.0,2.038109492264019E7,2.1140426E7,1.3588526758671314E7,0.0
982,0.0,-5.296599489715642E7,0.0,0.0,2.0519451582990915E7,2.1275856E7,1.3666621489795666E7,0.0
983,0.0,-5.31225305541061E7,0.0,0.0,2.016977254676773E7,2.1772487E7,1.370701243111198E7,0.0
984,0.0,-5.375936224276528E7,0.0,0.0,2.037498759912874E7,2.2074273E7,1.3871330970648918E7,0.0
985,0.0,-5.362752251819798E7,0.0,0.0,2.0122791239776842E7,2.2262503E7,1.383731362372936E7,0.0
986,0.0,-5.471334204484582E7,0.0,0.0,2.0943961707783766E7,2.2300637E7,1.4117484498268198E7,0.0
987,0.0,-5.564309801010046E7,0.0,0.0,2.140191742677401E7,2.2594081E7,1.4357383962742958E7,0.0
988,0.0,-5.58503057658222E7,0.0,0.0,2.1239209044636738E7,2.2822452E7,1.4410851179609923E7,0.0
989,0.0,-5.605135536362677E7,0.0,0.0,2.1455847006102014E7,2.3552266E7,1.3707575409545364E7,0.0
990,0.0,-5.65756205567414E7,0.0,0.0,2.1636920078057673E7,2.3001392E7,1.4598001233036712E7,0.0
991,0.0,-5.709249922367513E7,0.0,0.0,2.2166083352954865E7,2.2906789E7,1.4731368249618594E7,0.0
992,0.0,-5.698530539379986E7,0.0,0.0,2.1781660210362427E7,2.325757E7,1.470371003062998E7,0.0
993,0.0,-5.803097996957493E7,0.0,0.0,2.2702149729541667E7,2.3160444E7,1.49735208130508E7,0.0
994,0.0,-5.83196521344921E7,0.0,0.0,2.278057649525382E7,2.3352333E7,1.5048006614393912E7,0.0
995,0.0,-5.808166800481731E7,0.0,0.0,2.174180188786346E7,2.541674E7,1.4205186016965266E7,-438708.2102457772
996,0.0,-5.922006296094467E7,0.0,0.0,2.2597962768400464E7,2.4233052E7,1.5280335787343845E7,0.0
997,0.0,-5.956604275368625E7,0.0,0.0,2.246288542177242E7,2.4682529E7,1.5369608947527662E7,0.0
998,0.0,-6.096262626516683E7,0.0,0.0,2.311302126044986E7,2.5100248E7,1.5729963514724845E7,0.0
999,0.0,-6.1662908193161435E7,0.0,0.0,2.312216491142696E7,2.5617431E7,1.5910654733370915E7,0.0
1000,0.0,-6.2621453976303965E7,0.0,0.0,2.3784562174197376E7,2.5717196E7,1.6157984688702278E7,0.0
