1,0.0,10770.8692157577,3310.650765224417,29557.906797629348,-26182.920311889506,0.0,0.0,0.0
2,0.0,8749.62148917722,3626.7277354724474,29689.16126519922,-23661.141048542275,0.0,0.0,0.0
3,0.0,10694.531081034484,4056.298939402826,29771.75639070835,-21604.1534361717,0.0,0.0,0.0
4,0.0,12219.999800397729,4239.677864308572,29799.252781582218,-22421.84292138875,0.0,0.0,0.0
5,0.0,12509.547382369652,4158.407792681883,30097.064824866262,-23018.26551946542,0.0,0.0,0.0
6,0.0,12528.598768761325,3791.469788744329,30409.300832838144,-23031.09540156731,0.0,0.0,0.0
7,0.0,12606.227826942448,4645.590842618582,30738.757842905547,-22208.56937393506,0.0,0.0,0.0
8,0.0,12500.6519007447,3644.777761988066,31087.056091789902,-22921.156395344187,0.0,0.0,0.0
9,0.0,12609.94578782325,4113.887504617664,31426.25612753263,-21819.01618598956,0.0,0.0,0.0
10,0.0,12693.051854143547,3870.3499385495925,31796.134056575098,-21696.72594281438,0.0,0.0,0.0
11,0.0,12401.906392021889,3558.248644547012,32021.271880131917,-21362.399287188025,0.0,0.0,0.0
12,0.0,12273.36149252279,3641.531988986846,32299.38742192511,-21585.508198650707,0.0,0.0,0.0
13,0.0,12039.329882130327,3820.056893972597,32364.613807908867,-20749.49444369781,0.0,0.0,0.0
14,0.0,12036.663049037617,3551.985820764214,32480.045876041095,-21105.659816291063,0.0,0.0,0.0
15,0.0,11792.11517442012,3962.251654151052,32607.732653432588,-20699.638195907024,0.0,0.0,0.0
16,0.0,11650.201460619393,3629.1514115985706,32700.24676602825,-20828.801453564283,0.0,0.0,0.0
17,0.0,11624.814133981947,3920.6133270345063,32624.000705513932,-20114.46100814801,0.0,0.0,0.0
18,0.0,11430.548512529205,3915.271737076701,32749.483309950225,-20051.998663701528,0.0,0.0,0.0
19,0.0,11358.962516109874,3788.8017112092557,32777.43756449172,-19539.536895711226,0.0,0.0,0.0
20,0.0,11026.853611137205,3204.5541098816934,32801.18155497283,-19017.79442864684,0.0,0.0,0.0
21,0.0,10921.547876501374,3837.409059065395,32759.665799849787,-18543.921426590026,0.0,0.0,0.0
22,0.0,10866.449370473305,3545.5970138728735,32742.472522279215,-17649.752608558556,0.0,0.0,0.0
23,0.0,10945.275714612795,3804.034645717866,32646.766687235857,-17293.0424349957,0.0,0.0,0.0
24,0.0,10857.788220681921,4346.328047040082,32503.245046580858,-16697.395416411407,0.0,0.0,0.0
25,0.0,10540.410145984799,3857.9480324443653,32810.25112654374,-16914.273806425274,0.0,0.0,0.0
26,0.0,10634.448082989116,3565.50571429653,33173.44164390765,-16760.199188580533,0.0,0.0,0.0
27,0.0,10876.638501760724,3962.4710606287845,33457.79478005131,-17059.889952961763,0.0,0.0,0.0
28,0.0,10904.310783071473,3682.5406007440506,33655.93105606019,-16887.147850645706,0.0,0.0,0.0
29,0.0,10739.569950517893,3580.136553755974,33970.29577508124,-16611.836607624664,0.0,0.0,0.0
30,0.0,10779.836757109779,3323.419017296595,34244.040580588866,-16137.282045531087,0.0,0.0,0.0
31,0.0,11116.51334450797,3441.036816353179,34297.709890425256,-16411.13078186304,0.0,0.0,0.0
32,0.0,10784.385353314163,3617.600150785931,34640.94010646585,-16829.284662342332,0.0,0.0,0.0
33,0.0,10657.824815496602,4339.124185918481,34662.95022131744,-16662.311812873973,0.0,0.0,0.0
34,0.0,10655.835763606548,3837.6971773516216,34493.174998987204,-16735.826335943202,0.0,0.0,0.0
35,0.0,10651.740837923724,3911.3630330787073,34523.32336871024,-16815.400786842503,0.0,0.0,0.0
36,0.0,10666.892639450483,4818.119241972563,34503.131176195944,-16921.920195059203,0.0,0.0,0.0
37,0.0,10530.444662986794,4162.373628011659,34300.82925925591,-16698.39256732534,0.0,0.0,0.0
38,0.0,10753.57209736437,3894.0503394064467,34312.603232085174,-16855.76780765792,0.0,0.0,0.0
39,0.0,10987.592929521814,4336.170622978198,34308.881439173274,-15465.480625068358,0.0,0.0,0.0
40,0.0,11271.522385543263,3673.7376373764355,34312.985014725935,-15791.491595469392,0.0,0.0,0.0
41,0.0,11428.18076163345,3389.291845418261,34226.51487653158,-15836.538692049286,0.0,0.0,0.0
42,0.0,11219.327939104794,3159.97304479249,34173.48643842436,-15654.374338080293,0.0,0.0,0.0
43,0.0,11269.540017836172,2968.2300767384845,34020.12602280277,-15159.570050755916,0.0,0.0,0.0
44,0.0,10971.60606661662,2867.7154002849434,33787.94225933856,-14818.862469908005,0.0,0.0,0.0
45,0.0,10788.927618309694,2914.6586863041884,33967.92260906043,-15173.184771228603,0.0,0.0,0.0
46,0.0,10522.586159226268,3239.1783377540546,34245.016356344924,-14976.368815804168,0.0,0.0,0.0
47,0.0,10583.250550118335,2822.6845445272243,34273.15806012651,-14829.494557576549,0.0,0.0,0.0
48,0.0,10657.844287719092,3033.584874024728,34327.35930844652,-14886.369911023157,0.0,0.0,0.0
49,0.0,10298.652302163217,3080.0203890338125,34718.70473230392,-14746.605246868316,0.0,0.0,0.0
50,0.0,10426.201669447264,3366.349295422308,35024.667313131395,-15081.93619525219,0.0,0.0,0.0
51,0.0,10336.18754236167,2909.0230430958113,35135.05701773166,-15384.748508533896,0.0,0.0,0.0
52,0.0,10318.708878369076,2959.6642182491573,35292.77360851918,-15885.305166740487,0.0,0.0,0.0
53,0.0,10404.572840362644,2962.3595879861105,35243.16695901186,-15610.410608120332,0.0,0.0,0.0
54,0.0,10962.718343419045,2796.274909772087,34874.58418927485,-16262.541490642248,0.0,0.0,0.0
55,0.0,11313.108882479115,2721.083119116454,34846.43294758474,-16366.66179147384,0.0,0.0,0.0
56,0.0,11336.28500418946,2914.2570409691134,34678.3399404522,-15701.362371247404,0.0,0.0,0.0
57,0.0,11616.693102684256,2326.1823506271157,34389.51808332296,-15542.664735645272,0.0,0.0,0.0
58,0.0,11719.982390464951,2262.0777632287372,34212.74377221383,-15901.341330392084,0.0,0.0,0.0
59,0.0,11545.3846650724,2296.5402478283636,34267.28644100101,-15668.024298658318,0.0,0.0,0.0
60,0.0,11488.401297335238,2100.360748408997,34086.15730283092,-15886.484261672467,0.0,0.0,0.0
61,0.0,11753.32835892434,1763.440016178747,33935.155876950004,-15812.90495695341,0.0,0.0,0.0
62,0.0,11990.77882144068,2394.2882438435995,34083.71960325526,-16260.104988568517,0.0,0.0,0.0
63,0.0,12055.480865372889,1912.182269630918,34004.49741948323,-16458.841978633256,0.0,0.0,0.0
64,0.0,12106.944285271184,1680.2453256652393,33919.390008295355,-17003.85627010603,0.0,0.0,0.0
65,0.0,12388.083367908806,2029.2026704033553,33954.47943016563,-16979.329593306404,0.0,0.0,0.0
66,0.0,12380.52631239368,2078.1967398410634,34025.165958086145,-15947.569489909838,0.0,0.0,0.0
67,0.0,12333.060931823129,1632.3917775443326,34055.86068882541,-15664.672162237373,0.0,0.0,0.0
68,0.0,12615.196088413979,1395.0321720027061,34042.19641611393,-15520.32463013917,0.0,0.0,0.0
69,0.0,12143.182476608989,1986.3743933937724,34390.29233331109,-15460.03870593475,0.0,0.0,0.0
70,0.0,12043.961284087112,1896.0425419827716,34513.34526958793,-15622.465898417955,0.0,0.0,0.0
71,0.0,12376.82524098521,1590.2316492285238,34597.28832886925,-16262.211072518894,0.0,0.0,0.0
72,0.0,12157.869487206824,1876.4766470221064,34651.62529704968,-16347.848588077719,0.0,0.0,0.0
73,0.0,11887.474271498111,2030.2569446742398,34648.16475382902,-16049.47538783959,0.0,0.0,0.0
74,0.0,11865.162683347215,1928.9729450819862,34233.1638468206,-15408.850689309274,0.0,0.0,0.0
75,0.0,11996.484604329882,1719.5253912834444,34230.12483839446,-15662.0387214926,0.0,0.0,0.0
76,0.0,11916.838229750443,1958.656074687954,34241.10472720767,-15699.265300795101,0.0,0.0,0.0
77,0.0,12065.440921332576,1636.6051129105613,34111.080596620166,-15594.691295638988,0.0,0.0,0.0
78,0.0,12398.695471942694,1889.162615536216,33983.27535139742,-15273.040438455833,0.0,0.0,0.0
79,0.0,12480.045336675988,1612.6451732134487,34093.410147243594,-15457.236842894814,0.0,0.0,0.0
80,0.0,12590.231308152126,1791.3989156557934,33995.95215564299,-15698.64187046911,0.0,0.0,0.0
81,0.0,12682.028600239228,1969.6608926422193,33843.64880102256,-15533.174832947774,0.0,0.0,0.0
82,0.0,13103.844708685558,1902.5845909537077,33808.632927915794,-16330.087054801672,0.0,0.0,0.0
83,0.0,12869.78743488469,2171.447782228148,33844.28011820574,-16698.58303528599,0.0,0.0,0.0
84,0.0,12362.907716093909,2221.4212696662003,33857.824361098115,-16464.9131187973,0.0,0.0,0.0
85,0.0,12496.562065114951,2455.3204529336717,34069.80192256463,-16568.467322824952,0.0,0.0,0.0
86,0.0,12330.647121807426,2553.282515970865,34441.750201093906,-16838.800309588503,0.0,0.0,0.0
87,0.0,11945.48071057487,2126.045925421252,34558.542570519254,-16789.615953029468,0.0,0.0,0.0
88,0.0,12243.667339291937,1641.9901095349012,34836.545917945434,-16678.267365182135,0.0,0.0,0.0
89,0.0,12699.394841248277,2284.226682983705,35263.31481082062,-17242.30575206998,0.0,0.0,0.0
90,0.0,12865.021251447299,1697.8525998408793,35460.79440206044,-17580.6120449811,0.0,0.0,0.0
91,0.0,12934.398943857905,1579.9756237224708,35712.90165744022,-17460.976572143005,0.0,0.0,0.0
92,0.0,13215.858468612865,1347.764661560983,35716.82044309461,-17731.74651896862,0.0,0.0,0.0
93,0.0,13841.453320814313,2057.151936351484,35694.534050075636,-17915.77308866424,0.0,0.0,0.0
94,0.0,14104.71483390108,1565.4970909070514,35516.58857959646,-18818.757766322015,0.0,0.0,0.0
95,0.0,13843.106732647366,1544.4596486472897,35465.86024068146,-18308.245453345357,0.0,0.0,0.0
96,0.0,13865.540058927434,1810.9584958075475,35533.08851512818,-18671.145817417404,0.0,0.0,0.0
97,0.0,13968.59246964358,2303.177484381609,35651.03098619009,-17720.074661497405,0.0,0.0,0.0
98,0.0,14410.855301010914,1663.6546529079328,35843.9836344426,-18157.4015789756,0.0,0.0,0.0
99,0.0,14489.337108785066,1835.2623744693096,36170.88740713491,-18071.19349620787,0.0,0.0,0.0
100,0.0,14237.576243976378,1457.3300122949524,36379.043891570196,-18679.892559051274,0.0,0.0,0.0
101,0.0,14100.16871231649,1440.8471788742056,36708.89093602775,-18339.01949476315,0.0,0.0,0.0
102,0.0,14685.922385313888,1347.210955758881,36779.360490330226,-18110.12353227812,0.0,0.0,0.0
103,0.0,15601.071670520243,1245.5778025779991,36929.78758898752,-18832.097295066185,0.0,0.0,0.0
104,0.0,15704.346352976605,1719.0603089410235,37091.72695472612,-19923.94979394961,0.0,0.0,0.0
105,0.0,15472.289034167008,1214.0125832421572,37342.27751138921,-19353.999053929707,0.0,0.0,0.0
106,0.0,16011.010325812627,1213.553766406016,37759.34835823142,-21162.067272393102,0.0,0.0,0.0
107,0.0,15665.27753036537,1507.7085719162044,38183.32378432606,-21613.2644185602,0.0,0.0,0.0
108,0.0,15915.224425402943,1175.7015077120075,38694.62090608917,-21718.936136574408,0.0,0.0,0.0
109,0.0,16135.479560610507,1105.2816465075653,39265.36470271498,-21634.8947109002,0.0,0.0,0.0
110,0.0,16931.998883747023,1404.1871760999204,39548.88566802551,-22760.89741772788,0.0,0.0,0.0
111,0.0,16909.982578431478,1249.9680681997959,40014.739932508615,-22985.322567865675,0.0,0.0,0.0
112,0.0,17267.077169239306,1044.412097920976,40296.11365225872,-23775.269553144244,0.0,0.0,0.0
113,0.0,17579.081081972476,1144.712502779998,40516.353444602966,-23647.660017019156,0.0,0.0,0.0
114,0.0,17690.228274947956,1391.9718506115823,40441.68712931834,-23487.462912986983,0.0,0.0,0.0
115,0.0,17883.81564214501,1595.8271635061044,40396.250638663536,-23991.778430072656,0.0,0.0,0.0
116,0.0,18253.002034113866,1686.2006103554027,40542.20030347392,-24644.829869775847,0.0,0.0,0.0
117,0.0,17949.23946161823,2014.2096695591144,41013.60890141031,-25035.091757620095,0.0,0.0,0.0
118,0.0,17932.431235046457,2111.300452190227,41131.659150197054,-24796.345674546494,0.0,0.0,0.0
119,0.0,17909.808273407,1624.250186706243,41600.63222394908,-25051.451109556623,0.0,0.0,0.0
120,0.0,17873.71335033238,1664.1238673503665,42204.62621266399,-25845.23425629654,0.0,0.0,0.0
121,0.0,18173.748656633255,1829.6143610245085,42637.05806585889,-26237.90315381227,0.0,0.0,0.0
122,0.0,18463.107882464967,1787.7676248647097,42950.85450756651,-26071.706645760132,0.0,0.0,0.0
123,0.0,18533.140313919852,2374.3952214423107,43363.26935059803,-26837.346442586095,0.0,0.0,0.0
124,0.0,18192.288396879987,2277.0577337434315,43624.706255157536,-26330.28118412259,0.0,0.0,0.0
125,0.0,18803.536658811394,2691.328960226165,43905.46997721438,-27449.012615974,0.0,0.0,0.0
126,0.0,18821.383033816765,2435.0354306271834,44415.00287032691,-27640.44408070763,0.0,0.0,0.0
127,0.0,19019.2434883828,3059.499296935712,44880.350666010294,-27937.916534213393,0.0,0.0,0.0
128,0.0,19532.524236985697,2803.7185281024567,45525.95637309923,-28555.168852279527,0.0,0.0,0.0
129,0.0,19623.422194358303,2706.8801133121815,46391.27100031314,-29907.172166757668,0.0,0.0,0.0
130,0.0,19694.700970399972,2460.530185711122,47153.828551823615,-30542.378752285207,0.0,0.0,0.0
131,0.0,20321.481283930887,2685.94613039646,47898.52104796916,-31688.696397921416,0.0,0.0,0.0
132,0.0,20150.15647176553,2817.381532191512,48434.692484311025,-31810.790289011264,0.0,0.0,0.0
133,0.0,20622.307510667968,3081.225639407914,48660.26179042796,-31206.91914375506,0.0,0.0,0.0
134,0.0,20875.669626864776,2810.8675018518948,48671.941372710215,-31870.172336571628,0.0,0.0,0.0
135,0.0,21216.26117341802,2915.478768480838,48859.80059442229,-32441.590213472253,0.0,0.0,0.0
136,0.0,20977.150789983418,3141.227833516269,49146.94462190118,-32620.60181838507,0.0,0.0,0.0
137,0.0,20419.733741700365,3368.673161839959,49694.06408662459,-32428.106149800253,0.0,0.0,0.0
138,0.0,20624.99697876834,3258.7989679857524,50063.88859699269,-31597.63770212646,0.0,0.0,0.0
139,0.0,21377.96108892856,3383.3949897587,50625.706315674346,-33135.86767483683,0.0,0.0,0.0
140,0.0,21346.999019926236,3354.179659179916,51223.00004206607,-33396.628757821854,0.0,0.0,0.0
141,0.0,21822.921289854792,3556.807204723677,51574.24072156266,-34003.64744794887,0.0,0.0,0.0
142,0.0,21453.92957329456,2628.4626039560176,52127.79771626508,-34631.35255154315,0.0,0.0,0.0
143,0.0,21568.96348248116,2949.086809905087,52692.173158878,-35243.784994099,0.0,0.0,0.0
144,0.0,21716.788818705856,2779.853200386399,52819.13117582517,-35391.55206571206,0.0,0.0,0.0
145,0.0,21791.514987312876,2914.159090711605,52895.394054974226,-35161.18766088318,0.0,0.0,0.0
146,0.0,21540.140700252392,3301.994470348498,53443.7286109223,-34971.44227903302,0.0,0.0,0.0
147,0.0,21462.201806419773,3097.252076794835,53636.10656467045,-35198.21645967471,0.0,0.0,0.0
148,0.0,21426.125766814865,3179.291523404804,54323.75523247385,-34758.11651756759,0.0,0.0,0.0
149,0.0,22162.432926372097,3609.414238083154,55074.24968451597,-36090.824981075806,0.0,0.0,0.0
150,0.0,22193.648035940965,4231.271126054687,55668.43619507953,-35583.41553833398,0.0,0.0,0.0
151,0.0,22769.87217736871,2953.3698681430596,56292.224337104984,-36885.82507788442,0.0,0.0,0.0
152,0.0,22390.488028673983,3351.0106459916515,57206.09425708674,-36535.49877493699,0.0,0.0,0.0
153,0.0,22370.92929628401,3287.9442855271864,57892.562148164005,-37354.11309234865,0.0,0.0,0.0
154,0.0,22420.1881868623,3329.1467504801108,57977.60221410707,-37451.28602448821,0.0,0.0,0.0
155,0.0,22414.233330634706,4233.692628281246,58035.55395057738,-36998.91417130484,0.0,0.0,0.0
156,0.0,22611.824783750933,4323.826220029522,58179.11841902573,-37288.10718738481,0.0,0.0,0.0
157,0.0,23166.419918621505,4015.227691569943,58528.522171874545,-37138.34644351317,0.0,0.0,0.0
158,0.0,22993.839324108078,4545.239712459948,59053.40326585225,-36116.22987397893,0.0,0.0,0.0
159,0.0,23042.79992458314,4773.928574199788,59720.517921960985,-36871.990502970235,0.0,0.0,0.0
160,0.0,23408.696939838097,4269.578227604051,60206.302385067735,-36339.19387654277,0.0,0.0,0.0
161,0.0,24174.876906945505,4077.1955933790537,61153.253477571154,-37436.7038105093,0.0,0.0,0.0
162,0.0,24064.505348489824,4990.421181642876,62082.60914978901,-38868.68476894571,0.0,0.0,0.0
163,0.0,25104.340477617814,4173.329521768703,62637.59779758718,-39266.790960466395,0.0,0.0,0.0
164,0.0,25001.133699139227,3922.311174969822,63404.7105745987,-40353.476870349674,0.0,0.0,0.0
165,0.0,25548.482754461616,4724.260744402731,63865.46260877644,-40552.48603513299,0.0,0.0,0.0
166,0.0,26091.34143082557,4507.52650148715,64677.39661683159,-41408.41951222182,0.0,0.0,0.0
167,0.0,25671.36015108823,5249.172021634392,65244.54183141031,-42392.393715502265,0.0,0.0,0.0
168,0.0,25022.308022183326,6179.5649864041225,65777.82544636625,-40623.73579875805,0.0,0.0,0.0
169,0.0,25414.57865377472,4254.823996488842,66512.75732821884,-41308.85662052495,0.0,0.0,0.0
170,0.0,25672.795552287458,4514.755171272961,67628.92824802348,-42613.12014918605,0.0,0.0,0.0
171,0.0,24899.1402524233,4702.7069117462715,68672.29362061445,-43336.08196844513,0.0,0.0,0.0
172,0.0,25850.28090265202,4678.201497132153,69665.63403708144,-44425.64449571086,0.0,0.0,0.0
173,0.0,26490.783603017866,4166.2891793141525,70317.11856173362,-45807.36051134359,0.0,0.0,0.0
174,0.0,26448.479553393652,4717.206793585356,70613.24064270192,-46011.004147312255,0.0,0.0,0.0
175,0.0,26685.84234597805,5840.555512664213,70784.18473109366,-45925.83023526277,0.0,0.0,0.0
176,0.0,26464.162904426266,5979.057863743914,70365.06294293884,-45111.23349539435,0.0,0.0,0.0
177,0.0,26353.851028400153,5646.726250857875,70493.16206793055,-45602.08270470756,0.0,0.0,0.0
178,0.0,25681.781786278156,6250.023744903096,70960.48432551647,-44095.26906482125,0.0,0.0,0.0
179,0.0,25871.14128314596,5859.4319280951195,71499.70534856885,-44303.9538738126,0.0,0.0,0.0
180,0.0,26128.824942275816,12575.80364480069,72043.48126769594,-43015.49391457675,0.0,0.0,0.0
181,0.0,27215.894020889806,12493.42298694633,72000.1118227607,-43362.1834347361,0.0,0.0,0.0
182,0.0,27299.629622948753,10580.765814388094,72356.63121382041,-44801.272555493226,0.0,0.0,0.0
183,0.0,27864.716536891137,8112.447197186608,71783.79453105544,-44177.07288475059,0.0,0.0,0.0
184,0.0,27605.281617089553,5961.41573131119,72397.2696913386,-44450.0261431426,0.0,0.0,0.0
185,0.0,27121.19422944958,7682.152030407598,72838.70676943718,-43573.411528830504,0.0,0.0,0.0
186,0.0,27344.877883399888,7298.973199935643,73541.884068388,-43728.33609583353,0.0,0.0,0.0
187,0.0,27197.064240540927,5666.322090110977,74489.37364458716,-43919.44409349566,0.0,0.0,0.0
188,0.0,27675.121343413528,5719.991317195956,74723.14337571002,-44664.01510957588,0.0,0.0,0.0
189,0.0,26811.52659869965,5297.185399264986,75730.04841610888,-43813.997053216895,0.0,0.0,0.0
190,0.0,26853.38817681683,6063.477778266932,77024.56704124207,-45344.90550286358,0.0,0.0,0.0
191,0.0,26792.7327766417,6988.775437502003,78283.01069882145,-45672.72348498968,0.0,0.0,0.0
192,0.0,26160.017585214966,6459.488155334124,79872.48761002271,-45516.02254259698,0.0,0.0,0.0
193,0.0,26987.10001695586,6105.915369870428,81036.28593911463,-47021.40635053444,0.0,0.0,0.0
194,0.0,27702.208151975356,5439.730831216448,81699.26561240788,-48474.25548548342,0.0,0.0,0.0
195,0.0,27954.80590066712,4910.331155793493,81629.68613985064,-49257.30370364652,0.0,0.0,0.0
196,0.0,27632.572419699307,6220.225149920003,81790.57060661528,-47252.860161589095,0.0,0.0,0.0
197,0.0,28807.342132534846,6522.423471622329,82015.97582300636,-48312.92362807812,0.0,0.0,0.0
198,0.0,28265.947091926053,7167.017137500604,82316.8576088702,-48481.57027810371,0.0,0.0,0.0
199,0.0,28565.681674541505,7029.233361688207,83563.92758639659,-49414.735067831025,0.0,0.0,0.0
200,0.0,28640.444760620616,6937.890447358277,83945.86623380905,-50370.474206696665,0.0,0.0,0.0
201,0.0,29287.740135126816,7402.171053916074,83824.75887328727,-48789.08572397507,0.0,0.0,0.0
202,0.0,29350.442200103756,7440.41313899595,84562.08884385416,-51061.111096302004,0.0,0.0,0.0
203,0.0,28500.02905684898,6925.450394450052,83573.52682619746,-49560.71169950765,0.0,0.0,0.0
204,0.0,29695.5764565144,7058.35361406353,84007.79194806931,-50056.65259624273,0.0,0.0,0.0
205,0.0,29807.578556011536,7344.25893749528,84615.57223499022,-51562.37811204341,0.0,0.0,0.0
206,0.0,30211.528804765454,6675.42538075091,84197.94254754715,-50437.50422142755,0.0,0.0,0.0
207,0.0,31136.16507098729,6565.072024338201,84191.93362365506,-50206.458655454626,0.0,0.0,0.0
208,0.0,30231.108948325167,7104.116696043498,84532.55849121766,-50171.1956476144,0.0,0.0,0.0
209,0.0,29909.365853894855,6748.238228574661,84491.4793425469,-49880.58562758045,0.0,0.0,0.0
210,0.0,30431.176657827713,6164.895014444082,85142.91715652663,-49989.385140046215,0.0,0.0,0.0
211,0.0,30117.737177472798,6733.630777628252,86190.31853709932,-51655.26958986444,0.0,0.0,0.0
212,0.0,29896.092697918135,6868.629106884031,86915.38082314852,-48189.1358562728,0.0,0.0,0.0
213,0.0,30694.067176305583,5949.06860778927,87797.49086704674,-48934.60755774476,0.0,0.0,0.0
214,0.0,29921.479463167612,5906.984250259942,88627.83225764285,-49970.50695941406,0.0,0.0,0.0
215,0.0,30387.01139267605,5436.42863025138,88196.2392948539,-49631.52187138033,0.0,0.0,0.0
216,0.0,31094.43801894897,5753.226066061761,88439.34289285527,-49223.68543983318,0.0,0.0,0.0
217,0.0,30932.28422880702,7838.073563525347,87971.35828631876,-48921.121113977715,0.0,0.0,0.0
218,0.0,32587.283204403633,6804.156241918473,87367.11115565553,-49724.14998299894,0.0,0.0,0.0
219,0.0,32561.172792532543,5481.741756087905,88750.42798160926,-52253.34202282551,0.0,0.0,0.0
220,0.0,31775.653900635796,5451.530577408832,89014.75700703394,-51675.24198302382,0.0,0.0,0.0
221,0.0,32713.802868171755,4049.6681880319234,88809.14227935657,-51943.04611428668,0.0,0.0,0.0
222,0.0,33739.057570378325,4836.871807631204,90133.4170857011,-54477.178950421236,0.0,0.0,0.0
223,0.0,33454.83371301358,4555.58684099333,89156.76392355679,-51770.08010459497,0.0,0.0,0.0
224,0.0,32944.84730149002,4301.613484281953,89410.2502033922,-51533.62850912436,0.0,0.0,0.0
225,0.0,33366.42769177721,5755.807121794008,89938.69984561294,-53484.86882110134,0.0,0.0,0.0
226,0.0,34315.66350246677,5786.459533739634,88608.34103511601,-53479.47273768667,0.0,0.0,0.0
227,0.0,35130.17771447906,5344.130692619414,88744.53368153327,-55290.634179795474,0.0,0.0,0.0
228,0.0,35218.96417595817,5795.220297753694,88903.2678221306,-54999.60377787323,0.0,0.0,0.0
229,0.0,34256.59556914384,5965.099974081531,88318.69868333722,-52980.26959112362,0.0,0.0,0.0
230,0.0,33018.33390624116,14362.296986173907,88165.34958956666,-48926.97566513388,0.0,0.0,0.0
231,0.0,34391.93683367992,12930.111627907863,88709.29400961401,-51192.18171875152,0.0,0.0,0.0
232,0.0,34091.92378338419,9329.899738769014,89420.66109349726,-51775.70153920755,0.0,0.0,0.0
233,0.0,35252.1949977351,6626.255202067418,89996.1359826025,-52408.87454282064,0.0,0.0,0.0
234,0.0,33724.66669339695,5561.991959323442,91273.81156757128,-52486.898448886954,0.0,0.0,0.0
235,0.0,33540.892423897,5228.475477418271,91465.481195838,-53232.62474865847,0.0,0.0,0.0
236,0.0,32770.31573163803,5652.280628460493,92293.2596304731,-52196.74426474997,0.0,0.0,0.0
237,0.0,34014.67970482047,5607.444530024646,92285.89019609385,-52241.868341410656,0.0,0.0,0.0
238,0.0,33845.3509711585,4146.123523996268,92221.2388566109,-52467.894125439205,0.0,0.0,0.0
239,0.0,33424.09146403684,4980.457810630745,94111.53849091499,-53112.56758878197,0.0,0.0,0.0
240,0.0,34416.965929213125,5464.421395088922,94670.82349128072,-54325.5687554028,0.0,0.0,0.0
241,0.0,35197.7377199413,4813.065007687397,94763.2672309553,-54686.5961485599,0.0,0.0,0.0
242,0.0,35472.31272460939,5186.989106656165,96519.13430940131,-56212.66088877689,0.0,0.0,0.0
243,0.0,37778.4310533658,4952.854720919364,96169.51997418815,-58552.93103640727,0.0,0.0,0.0
244,0.0,38033.04817473939,4850.286777582224,96577.55695188217,-58727.441574719895,0.0,0.0,0.0
245,0.0,36190.744089552514,5251.140730622817,97879.0481920878,-57399.94071249343,0.0,0.0,0.0
246,0.0,37725.86996172011,5622.128731868505,96989.40806728922,-57744.82770642845,0.0,0.0,0.0
247,0.0,39154.02107685904,4847.033880673758,97294.02261559053,-59556.225061397614,0.0,0.0,0.0
248,0.0,38496.29472252116,5751.14315487405,97745.28398474681,-59365.2967260926,0.0,0.0,0.0
249,0.0,38585.38864060454,5665.736554724993,97145.94293149546,-57224.407804065304,0.0,0.0,0.0
250,0.0,40302.247566881946,5972.386508834771,97058.32829581482,-58112.98932459087,0.0,0.0,0.0
251,0.0,39935.23728517618,6308.6866414923215,97363.88716479763,-57710.357839934026,0.0,0.0,0.0
252,0.0,39740.28867926517,5305.599085271317,98452.87144387077,-57845.839222230556,0.0,0.0,0.0
253,0.0,42210.18777204408,4996.054383290564,97948.7376726938,-60433.9575201508,0.0,0.0,0.0
254,0.0,42974.08540261808,5553.511476832071,98944.63280373809,-58749.50119462209,0.0,0.0,0.0
255,0.0,40574.03187224335,10872.763387271481,99556.0018223912,-56189.89173659647,0.0,0.0,0.0
256,0.0,39525.690269221646,9263.59531534728,99974.54760213412,-55698.81044576478,0.0,0.0,0.0
257,0.0,40759.97369196082,6029.52240110341,100001.44159058966,-57036.66072714497,0.0,0.0,0.0
258,0.0,42328.03246528206,4291.33127240199,98969.12594275086,-58341.7942627086,0.0,0.0,0.0
259,0.0,41006.20290277476,5527.851566491036,99974.3145781618,-57669.83190570071,0.0,0.0,0.0
260,0.0,39767.68748965555,4364.758858607866,100556.6372196312,-56810.505393856,0.0,0.0,0.0
261,0.0,39890.00541357846,3983.1506059386284,101108.99438590405,-56766.78543962891,0.0,0.0,0.0
262,0.0,40353.61074194268,3835.360960726199,102488.39039342412,-59863.038340182895,0.0,0.0,0.0
263,0.0,40709.52687366446,3985.2132590131278,103025.54599842301,-59482.37411811016,0.0,0.0,0.0
264,0.0,40515.29507784453,4005.6390499987097,103886.16083046785,-59800.14761853476,0.0,0.0,0.0
265,0.0,42252.00904828556,3367.6532437333644,105588.60670968186,-62266.545875844495,0.0,0.0,0.0
266,0.0,42184.357324695055,4283.516917920842,105648.39679073093,-63682.37252448286,0.0,0.0,0.0
267,0.0,42430.434284019204,3689.8337486467676,106311.71409060704,-64688.18334947366,0.0,0.0,0.0
268,0.0,42327.55356544632,5644.8466404511355,107931.36223763172,-64328.391020843774,0.0,0.0,0.0
269,0.0,42368.88069059131,4352.192058937805,108158.88641326071,-64105.274314308765,0.0,0.0,0.0
270,0.0,42505.51004470469,4454.921441920371,108842.65598386954,-65306.52000600487,0.0,0.0,0.0
271,0.0,42978.41687095996,4804.031947224683,110433.52269363857,-66861.71237391596,0.0,0.0,0.0
272,0.0,44138.81544806274,5427.018674923261,112145.51300759449,-70278.74593013147,0.0,0.0,0.0
273,0.0,43430.38018196909,6312.596634500989,112335.47244902118,-68327.41785140963,0.0,0.0,0.0
274,0.0,45367.34411018533,4970.399139723085,113746.2981125997,-70817.09071554475,0.0,0.0,0.0
275,0.0,46207.66445436133,4263.774546238869,115511.40664151359,-72598.2700443087,0.0,0.0,0.0
276,0.0,47302.95833346897,4415.712716420458,116680.26764695643,-73929.88809640067,0.0,0.0,0.0
277,0.0,49014.607981211964,4990.470970953451,117531.29744861298,-76162.54534303516,0.0,0.0,0.0
278,0.0,49396.65207286535,4094.875857555633,116959.55812759484,-76048.525618204,0.0,0.0,0.0
279,0.0,49434.643999882384,5411.389723482635,118099.74477814155,-77290.62331495313,0.0,0.0,0.0
280,0.0,48046.02636002129,6349.1200957739475,118872.9192104527,-76181.98286500778,0.0,0.0,0.0
281,0.0,49814.3722860512,5596.959398000415,118908.51341436859,-78020.60779019324,0.0,0.0,0.0
282,0.0,50520.31641569022,5406.582671415486,119548.77639217136,-79583.29091811944,0.0,0.0,0.0
283,0.0,49653.67171126595,5738.388918301497,120483.93426762958,-78132.78120617736,0.0,0.0,0.0
284,0.0,50578.41932960869,6513.736959319158,122082.6893609858,-77295.42006826092,0.0,0.0,0.0
285,0.0,50760.69728672322,6295.412227176781,123782.47963566623,-77841.90078034374,0.0,0.0,0.0
286,0.0,53364.25766539729,5528.974791681393,124178.80644557472,-79656.80229474526,0.0,0.0,0.0
287,0.0,52499.01524653675,6632.62844870002,125656.50566850766,-79921.99365155447,0.0,0.0,0.0
288,0.0,52714.91974202772,6846.558461124134,127533.47098230601,-82591.04531432812,0.0,0.0,0.0
289,0.0,53481.93143177245,5604.570010010993,128740.65635240023,-81570.93728743069,0.0,0.0,0.0
290,0.0,52920.23588947391,5598.120679850046,130956.83325658785,-83896.04892395457,0.0,0.0,0.0
291,0.0,54999.771990666435,6551.683970853924,133249.14592567284,-82763.02766954557,0.0,0.0,0.0
292,0.0,55423.83700469672,6562.173850822433,135461.4268033012,-83876.37130604009,0.0,0.0,0.0
293,0.0,60222.172580977975,7860.53791247101,134930.70443872156,-87126.35732915388,0.0,0.0,0.0
294,0.0,61175.4301506406,9610.950987216846,136290.557144487,-89301.5295934633,0.0,0.0,0.0
295,0.0,59363.63671864082,9380.274423388319,138153.7847024682,-90721.69181401144,0.0,0.0,0.0
296,0.0,58693.51584637895,8814.724910238567,140071.5445424248,-91279.85799546396,0.0,0.0,0.0
297,0.0,59740.9175921282,8701.632019201064,141576.4457299151,-93669.4138463407,0.0,0.0,0.0
298,0.0,60922.9410179254,7555.726121909626,141885.26241602973,-94225.00814972729,0.0,0.0,0.0
299,0.0,59811.84143026267,8415.467680097521,143762.5547589998,-96524.47191716301,0.0,0.0,0.0
300,0.0,57545.098107141224,9542.980680738483,145579.5603398593,-95570.94051537204,0.0,0.0,0.0
301,0.0,59026.41339934502,8690.549930937013,146455.2060037245,-96851.1290539485,0.0,0.0,0.0
302,0.0,59341.35745741262,9771.639502439222,148024.16917974854,-100171.16328062887,0.0,0.0,0.0
303,0.0,58674.6137310786,8490.222179164552,148737.28305947146,-99921.98021553077,0.0,0.0,0.0
304,0.0,59429.20573549258,9094.478713499295,150043.3769331784,-100836.77179800981,0.0,0.0,0.0
305,0.0,60276.233185993646,9460.725476258405,150622.17440641567,-101287.24737206928,0.0,0.0,0.0
306,0.0,60679.128594274596,14364.611911841032,151401.93827112942,-99542.86431666772,0.0,0.0,0.0
307,0.0,59947.20691278235,12803.320811576823,153524.13449846942,-100616.3187630771,0.0,0.0,0.0
308,0.0,59967.33773970266,10218.979053209598,155172.47983807835,-98756.93145130196,0.0,0.0,0.0
309,0.0,58448.17550524281,8894.094431865282,156775.8672740862,-98041.43246757064,0.0,0.0,0.0
310,0.0,59153.17379117757,9641.862054330151,159292.34514800986,-99773.48720869327,0.0,0.0,0.0
311,0.0,59581.01584332301,11430.538676878301,161291.4321647955,-100329.08380634402,0.0,0.0,0.0
312,0.0,61579.520967731885,9889.50256866428,161975.08574301022,-101606.48940985731,0.0,0.0,0.0
313,0.0,61604.68843576086,10179.071289006904,161351.98680469554,-102709.64285872228,0.0,0.0,0.0
314,0.0,60494.436581849,10041.633493659769,162283.54052322853,-100508.60620819086,0.0,0.0,0.0
315,0.0,59506.299921528946,10263.268649073349,164534.72853523813,-100779.25958402477,0.0,0.0,0.0
316,0.0,60785.522425149495,10120.355363344168,166292.22286125927,-102401.81550292259,0.0,0.0,0.0
317,0.0,61575.47065905563,9805.384812352351,167921.2946518715,-105478.26165833452,0.0,0.0,0.0
318,0.0,63715.828287583536,10662.278944005615,168485.93070475355,-105207.62434256524,0.0,0.0,0.0
319,0.0,63513.08837813224,11720.709454397609,170199.54821523943,-107815.3138522567,0.0,0.0,0.0
320,0.0,64412.119875983226,10695.892614314078,169795.66223239142,-105325.1754009088,0.0,0.0,0.0
321,0.0,65723.20654155395,11672.68662879227,170076.62327519435,-107491.96780848333,0.0,0.0,0.0
322,0.0,64158.89615858666,11477.7764355964,171438.95478276417,-105793.25596170715,0.0,0.0,0.0
323,0.0,65202.508015797444,10683.785898369531,171471.01768726742,-105330.06642039296,0.0,0.0,0.0
324,0.0,63983.50809527871,10878.65164691392,172656.4805334403,-105162.1135465445,0.0,0.0,0.0
325,0.0,64109.6136465898,18066.31499573873,173129.02312394822,-107538.76195355975,0.0,0.0,0.0
326,0.0,65262.69532938823,10128.72515172927,173849.67179326754,-108817.24749163068,0.0,0.0,0.0
327,0.0,66680.0732746026,10814.582687793649,175661.81075724366,-113008.85754643353,0.0,0.0,0.0
328,0.0,67316.489448606,11390.618097629578,175873.96310145097,-112737.94107707514,0.0,0.0,0.0
329,0.0,65864.2328994638,9942.073329921028,178062.08674067262,-110119.92029478982,0.0,0.0,0.0
330,0.0,65764.61782007116,10880.474336254925,180481.59827800383,-112966.21796726543,0.0,0.0,0.0
331,0.0,66899.9621277027,10465.68006400289,182196.33666281507,-111574.44594789454,0.0,0.0,0.0
332,0.0,66086.32715353597,12434.2842454256,183303.58435852008,-110817.44293786229,0.0,0.0,0.0
333,0.0,67810.64121681835,14317.854342591872,182943.11537134112,-111249.02704780639,0.0,0.0,0.0
334,0.0,68419.50657678753,14186.168656620786,184483.1170850481,-112280.1588804171,0.0,0.0,0.0
335,0.0,66530.1024834555,14852.481320853354,186980.9587888705,-115436.74732484164,0.0,0.0,0.0
336,0.0,65993.7836864469,12962.512549517169,188104.74438575748,-114399.32881056982,0.0,0.0,0.0
337,0.0,64623.61859303114,13674.046632743615,191227.14929655072,-115212.35987292937,0.0,0.0,0.0
338,0.0,68430.04333640967,14255.55326809375,191342.5261090404,-117893.76110968878,0.0,0.0,0.0
339,0.0,73899.89011100256,13198.58838622794,193145.61054885827,-119157.62799692289,0.0,0.0,0.0
340,0.0,74684.2642625918,13652.443391541292,193416.233382367,-120458.01178982426,0.0,0.0,0.0
341,0.0,73599.41843989724,12481.475902211712,192708.49140858458,-119773.38941020734,0.0,0.0,0.0
342,0.0,72057.3235476563,16358.783793048875,193733.42631214336,-117321.3971381021,0.0,0.0,0.0
343,0.0,72492.82072392156,18325.812091213575,192970.3688724465,-116466.11245412598,0.0,0.0,0.0
344,0.0,71329.85202081976,17178.148492473116,194008.2550739119,-116027.5869850842,0.0,0.0,0.0
345,0.0,70021.61590480532,18787.55254038264,195272.32802674334,-116427.18585271992,0.0,0.0,0.0
346,0.0,70816.5474023624,19886.96177037624,196253.20108251204,-117782.24873350101,0.0,0.0,0.0
347,0.0,70257.48030285402,17373.15403583875,198345.0492603301,-113034.3905546159,0.0,0.0,0.0
348,0.0,70303.46650576661,14871.591618722663,199354.42638502028,-114229.49148651793,0.0,0.0,0.0
349,0.0,72417.82548205658,14146.369558869865,200311.45123036113,-117689.75337604329,0.0,0.0,0.0
350,0.0,72802.63188981816,14154.428811154721,202509.48588318564,-120832.1944586592,0.0,0.0,0.0
351,0.0,73748.79649424803,14292.247423944607,204888.61368468014,-118774.41842524611,0.0,0.0,0.0
352,0.0,77314.65194893794,13798.614544734468,207097.06552682715,-123849.96573804134,0.0,0.0,0.0
353,0.0,76674.70456373775,13378.37413396073,207621.4034817001,-123745.42958763376,0.0,0.0,0.0
354,0.0,76254.2338284619,13743.765228271539,209024.94132601575,-120405.243895078,0.0,0.0,0.0
355,0.0,75399.51311494893,15135.258509034586,210313.42124526482,-121547.95906762038,0.0,0.0,0.0
356,0.0,75602.12067044497,14522.514815130988,210771.08708514748,-120851.71637485205,0.0,0.0,0.0
357,0.0,74196.46331548643,16347.557858925544,213225.96609845205,-119955.18393219491,0.0,0.0,0.0
358,0.0,74028.25191969181,15389.956450095673,213263.16505365638,-121170.00093539378,0.0,0.0,0.0
359,0.0,76049.27317260965,17146.296204117745,215026.86680227926,-124884.08458575387,0.0,0.0,0.0
360,0.0,75902.40520216513,31617.00060429123,216915.7934242431,-124796.20285013581,0.0,0.0,0.0
361,0.0,79253.36775567797,29499.37443378181,216040.0250822317,-125095.95465667442,0.0,0.0,0.0
362,0.0,80465.84303319348,29767.85304175221,218569.0504331557,-130781.221941873,0.0,0.0,0.0
363,0.0,79051.89514791992,29392.93343411691,217341.27863239704,-131176.84354328184,0.0,0.0,0.0
364,0.0,81921.24838180777,21481.147761019012,218179.89809272622,-129178.81124440009,0.0,0.0,0.0
365,0.0,81358.44824445328,16409.05503623677,220394.82075200794,-133898.91573719736,0.0,0.0,0.0
366,0.0,81167.05160116627,14831.667726287447,221473.0574634849,-131553.7468166819,0.0,0.0,0.0
367,0.0,86461.5830491313,36769.85544067376,222482.5842102609,-133406.87776704336,0.0,0.0,0.0
368,0.0,86086.68744934947,30319.660918729616,223290.9020734697,-130737.55766242166,0.0,0.0,0.0
369,0.0,90511.47837665507,19822.347738927056,224074.44183424502,-134621.39423399055,0.0,0.0,0.0
370,0.0,88233.01797988798,11990.92311119335,226961.08692894867,-135389.82492159636,0.0,0.0,0.0
371,0.0,87388.07035891165,12785.56129177234,229320.88451764415,-137506.24175419452,0.0,0.0,0.0
372,0.0,87127.72013696165,12361.747861548822,231436.1436907812,-137823.16344422608,0.0,0.0,0.0
373,0.0,88076.02015900658,11258.722124385564,232691.52681502356,-142534.1427858433,0.0,0.0,0.0
374,0.0,86497.49476470542,13852.283556457916,234394.87720424816,-143397.00427531175,0.0,0.0,0.0
375,0.0,87072.9894033592,13214.53549277063,236051.2129415504,-139811.10576025894,0.0,0.0,0.0
376,0.0,88915.74512656446,27231.044421974355,237064.5263599585,-137491.65218906812,0.0,0.0,0.0
377,0.0,91439.31267293333,27704.93058644952,239551.72064133335,-145619.2601146569,0.0,0.0,0.0
378,0.0,90813.35612654807,25733.711609870617,239678.08649198269,-144670.28548934133,0.0,0.0,0.0
379,0.0,90803.47742368797,22602.85342871825,240953.41798458542,-145995.20777611056,0.0,0.0,0.0
380,0.0,91094.82658722006,19007.223527757713,243037.70426526436,-147508.54148079333,0.0,0.0,0.0
381,0.0,93885.76399255144,17774.66994957054,242218.86863429382,-148357.50885245512,0.0,0.0,0.0
382,0.0,95822.14028135271,15469.179775246494,244814.09288062237,-149072.18396248718,0.0,0.0,0.0
383,0.0,94829.306309782,14383.427768956411,244070.43918540404,-148712.13451396316,0.0,0.0,0.0
384,0.0,94747.46610629401,15290.641539252667,244695.28701844538,-149803.20247303636,0.0,0.0,0.0
385,0.0,91655.6871928517,15999.5199372658,247634.13301631337,-147950.44262928062,0.0,0.0,0.0
386,0.0,96197.38730543478,13577.68273310509,248177.62516873766,-153647.74329786937,0.0,0.0,0.0
387,0.0,99138.7818907358,11303.678221451217,249532.69021886107,-157143.12404279193,0.0,0.0,0.0
388,0.0,98042.31227182379,10611.850296961371,251360.33455889922,-159076.91963049804,0.0,0.0,0.0
389,0.0,96367.49377195629,11651.006201716033,253055.0744107451,-160678.18909659557,0.0,0.0,0.0
390,0.0,94063.73604359082,10522.951138037628,256668.26644002512,-161230.62915369048,0.0,0.0,0.0
391,0.0,97280.43059828973,13197.272247192976,258511.48372563938,-164322.54792394745,0.0,0.0,0.0
392,0.0,99926.30165517262,11817.909681472038,257853.90276017506,-160947.64599767307,0.0,0.0,0.0
393,0.0,100097.53298944987,10376.92534520765,258076.2923772414,-160383.81626833562,0.0,0.0,0.0
394,0.0,95280.13866871162,12238.742332670941,259766.4631264728,-163778.62743306177,0.0,0.0,0.0
395,0.0,97353.84742801076,11731.089528832636,258964.18866833067,-165496.92239749408,0.0,0.0,0.0
396,0.0,95459.16508290987,11848.561176101366,260347.5912291498,-164468.2442255231,0.0,0.0,0.0
397,0.0,94087.85877659927,12921.332877296383,261597.0895413,-165493.52254392536,0.0,0.0,0.0
398,0.0,95378.59676582273,12858.844582911926,261206.25039557583,-164606.78126042843,0.0,0.0,0.0
399,0.0,97084.73689269536,11402.278700162953,263534.018452167,-166259.17328174543,0.0,0.0,0.0
400,0.0,97568.85179594009,12619.788209600058,265831.8958364451,-164798.210946347,0.0,0.0,0.0
401,0.0,98764.6693783035,12082.57775859883,266206.3454657602,-162502.1331594077,0.0,0.0,0.0
402,0.0,102109.82084425646,11801.207472978334,267062.204946249,-165357.17831235408,0.0,0.0,0.0
403,0.0,105188.67656461435,15118.864338998324,267367.2389188102,-164574.93221336493,0.0,0.0,0.0
404,0.0,107395.2535528539,14959.991568262625,269747.5798713516,-171410.83163596704,0.0,0.0,0.0
405,0.0,102702.64022576995,14538.950123451443,273632.8553457159,-169534.2981424657,0.0,0.0,0.0
406,0.0,105136.6245075008,15107.989272266434,276217.5158023448,-168840.27008472793,0.0,0.0,0.0
407,0.0,110921.21989778939,11745.907556640888,278273.9666474705,-176466.23794428533,0.0,0.0,0.0
408,0.0,113784.69586704786,10321.104513910597,279480.01599862403,-178761.1800624659,0.0,0.0,0.0
409,0.0,114649.20301684624,10940.777240223624,278650.809561909,-176774.10050586372,0.0,0.0,0.0
410,0.0,114255.30763457435,11152.989967933869,282093.33211951057,-172894.09337935358,0.0,0.0,0.0
411,0.0,116396.56888736947,12684.768726262486,285416.10767735855,-178297.1777248558,0.0,0.0,0.0
412,0.0,114636.86433305725,12106.075345036521,284997.70042710373,-174044.37140433566,0.0,0.0,0.0
413,0.0,110560.94131808548,11988.652798102468,286975.2041705631,-171427.11861953937,0.0,0.0,0.0
414,0.0,112704.50932348547,16967.214002036628,289920.2771152767,-176243.61670833747,0.0,0.0,0.0
415,0.0,115110.28320493747,16953.56174343626,289350.439060152,-178822.49448294917,0.0,0.0,0.0
416,0.0,116408.16462446105,13944.578977510902,290723.3368668886,-181138.1892035395,0.0,0.0,0.0
417,0.0,113898.00831808067,16062.51028527801,293154.2134946582,-180961.1391171923,0.0,0.0,0.0
418,0.0,114250.34290468467,17346.46041490325,292803.0494939878,-178390.41084798964,0.0,0.0,0.0
419,0.0,116476.1177312091,18822.35917399949,294449.51524951565,-181474.6373523154,0.0,0.0,0.0
420,0.0,114447.42067092154,17045.92598224253,296267.11477411055,-180309.00458463206,0.0,0.0,0.0
421,0.0,118147.98124487897,15926.845540095095,298467.54512531776,-183831.51830389214,0.0,0.0,0.0
422,0.0,120210.85599882038,19552.768164968897,300606.2794057183,-189976.42553262063,0.0,0.0,0.0
423,0.0,121917.79710487921,18905.103724590677,302668.1437693527,-183750.1849955135,0.0,0.0,0.0
424,0.0,124708.9675506454,15918.401236113454,306567.196894879,-186167.9962321909,0.0,0.0,0.0
425,0.0,122049.70769816887,38382.49781316106,309091.84162221494,-186563.0220087921,0.0,0.0,0.0
426,0.0,124686.62493212587,25524.11864738835,312408.35010543343,-184594.75550719618,0.0,0.0,0.0
427,0.0,125627.53201441119,16609.978655203755,316602.723838308,-189142.61084040342,0.0,0.0,0.0
428,0.0,127302.19745635346,14842.93423097183,319180.1288823697,-190985.7316664735,0.0,0.0,0.0
429,0.0,129675.28761507136,15445.122909497726,320596.58698136895,-196988.1838764187,0.0,0.0,0.0
430,0.0,134054.00582887133,19921.62260051493,324942.6654115517,-200730.24903766403,0.0,0.0,0.0
431,0.0,142752.01882152454,13368.806558677725,327913.6300616369,-214781.62443341795,0.0,0.0,0.0
432,0.0,138470.4813960112,13081.306920021561,329695.04107518663,-211487.95872221846,0.0,0.0,0.0
433,0.0,143741.5570381819,15852.370555127403,331457.5155091068,-220217.7131144864,0.0,0.0,0.0
434,0.0,137667.71575112533,12989.70083328136,336358.7996787364,-220466.14422035147,0.0,0.0,0.0
435,0.0,138339.32597661056,15998.330224845311,339441.5773143146,-222062.37886625653,0.0,0.0,0.0
436,0.0,139543.34565876576,14418.440679462901,342683.4069827519,-223697.75071757936,0.0,0.0,0.0
437,0.0,139418.90062781546,17658.752962456765,347315.1233898065,-227781.96709861304,0.0,0.0,0.0
438,0.0,140158.89292064545,19187.32343131548,350477.5287330811,-231594.85511961172,0.0,0.0,0.0
439,0.0,142572.48338151907,17162.113718294604,351883.63711155124,-235977.65720458553,0.0,0.0,0.0
440,0.0,143829.17509610305,21707.626561138957,354802.08324187563,-227797.68782627245,0.0,0.0,0.0
441,0.0,144643.67713042343,17239.280906846136,359477.96806932637,-230859.68960972267,0.0,0.0,0.0
442,0.0,146959.43922912647,16357.765467026142,363344.2467139161,-232747.0858141742,0.0,0.0,0.0
443,0.0,144897.90269860817,19585.635408997583,366834.28698532097,-237949.61718369782,0.0,0.0,0.0
444,0.0,141607.64045024163,19936.593747192204,370877.04531659535,-236642.79343005596,0.0,0.0,0.0
445,0.0,143615.9292242057,20462.366231264372,373154.892828168,-236464.43533707375,0.0,0.0,0.0
446,0.0,142467.328079132,23300.158199193225,376679.03830642323,-243564.93560664737,0.0,0.0,0.0
447,0.0,142898.61098181497,18201.95391140145,378601.27572276036,-243984.7071532899,0.0,0.0,0.0
448,0.0,147378.69584563337,19814.62771022371,381659.57407458744,-252148.3039298323,0.0,0.0,0.0
449,0.0,147768.32505926918,20771.524619439482,383348.64829197805,-250714.83887841986,0.0,0.0,0.0
450,0.0,152676.51337859183,18474.27765374894,387789.42180646904,-257078.3418416115,0.0,0.0,0.0
451,0.0,155876.13640390206,21164.088265144917,388192.8383510761,-259177.0179352385,0.0,0.0,0.0
452,0.0,152231.94971828428,26619.22865530024,390203.54603723163,-262132.9659442578,0.0,0.0,0.0
453,0.0,156739.2707203764,24573.598111453735,391680.643231845,-268510.5827257836,0.0,0.0,0.0
454,0.0,159633.9938326014,27123.70531721747,391654.4129794528,-267023.3335192507,0.0,0.0,0.0
455,0.0,156019.32778229387,29553.340052009793,395590.2892035404,-265779.47508692974,0.0,0.0,0.0
456,0.0,155195.72737895508,31625.63421920589,396525.4511198418,-248318.86005292,0.0,0.0,0.0
457,0.0,161242.44032192492,30692.229627129855,400236.58208911354,-250732.4913637731,0.0,0.0,0.0
458,0.0,164951.27950307698,47825.187281221304,405123.0467522075,-256804.2977446129,0.0,0.0,0.0
459,0.0,165687.6231129996,46150.63166006229,408834.59632117645,-256951.06489593207,0.0,0.0,0.0
460,0.0,164811.1776371796,43113.835426338344,414088.7580009429,-253204.42730891897,0.0,0.0,0.0
461,0.0,167469.7119317502,33231.01802496982,419874.67642228847,-262277.3932990423,0.0,0.0,0.0
462,0.0,173153.50774242976,23223.877465902664,424387.1751483371,-269864.9563572654,0.0,0.0,0.0
463,0.0,172800.46725684206,27236.81604902432,429740.3778016701,-275361.3254402586,0.0,0.0,0.0
464,0.0,169133.21149267457,46089.69943332808,433833.3087412159,-277053.654762382,0.0,0.0,0.0
465,0.0,162777.11113822422,20726.04363476947,438668.97014890134,-276532.40334413975,0.0,0.0,0.0
466,0.0,164443.05327998326,19446.11217345216,446409.52780117944,-281878.08756935364,0.0,0.0,0.0
467,0.0,168194.9562806002,25868.573387854143,452973.39735500835,-292171.93621201103,0.0,0.0,0.0
468,0.0,176782.91622453232,19963.333831461707,459400.0263663342,-299439.3537375201,0.0,0.0,0.0
469,0.0,179706.69644633427,22186.318983328852,467075.23637084285,-314394.6958203234,0.0,0.0,0.0
470,0.0,184848.83575981812,21566.798525922393,472203.29495775484,-302665.7615732708,0.0,0.0,0.0
471,0.0,188548.73029577965,23988.95057923454,478201.00219980313,-306751.33005455014,0.0,0.0,0.0
472,0.0,188742.8627615042,28123.08864381165,481218.8801477318,-309041.48457386397,0.0,0.0,0.0
473,0.0,186956.82466947436,30064.286398977205,483324.9960763471,-310494.07756677986,0.0,0.0,0.0
474,0.0,182204.58873639288,32086.521494314744,485741.1401729769,-309305.8220714573,0.0,0.0,0.0
475,0.0,183002.84664842344,36685.6679638538,489210.3524476413,-312179.946443341,0.0,0.0,0.0
476,0.0,189632.64147204426,36536.78321528899,491840.6760229994,-319859.88834891014,0.0,0.0,0.0
477,0.0,197021.1546954718,36389.011944157595,492664.2055945262,-318322.1630197055,0.0,0.0,0.0
478,0.0,202457.01232896314,41340.1602795359,494782.20512865187,-326119.14504834387,0.0,0.0,0.0
479,0.0,199002.71951693165,45168.57027866549,499368.0900215014,-310895.9163436744,0.0,0.0,0.0
480,0.0,197615.5621299563,39662.336387901836,504011.0080312071,-319425.3409087039,0.0,0.0,0.0
481,0.0,188721.77760284525,43515.581566745204,513162.12453545735,-321151.95957593725,0.0,0.0,0.0
482,0.0,198800.51943731232,72837.13554023423,517210.0287335751,-329482.8026194061,0.0,0.0,0.0
483,0.0,200602.44656567258,70669.59739285744,523559.8261753976,-332807.2158384603,0.0,0.0,0.0
484,0.0,202297.44953156976,81845.41170283682,525123.9658498584,-336894.48881634127,0.0,0.0,0.0
485,0.0,204414.53150599395,72321.69590607403,524778.4941690605,-342853.13445886876,0.0,0.0,0.0
486,0.0,204911.73412840607,74620.65556516637,531528.9381072948,-351460.0553556048,0.0,0.0,0.0
487,0.0,203609.46433158606,73204.12728965635,537426.3819173839,-354546.5440260922,0.0,0.0,0.0
488,0.0,204388.5720294151,71600.6464295518,544431.0539101964,-365700.81016049307,0.0,0.0,0.0
489,0.0,204235.93544271355,71779.15482292026,549365.543837406,-372126.6606280906,0.0,0.0,0.0
490,0.0,206357.52768435742,67099.566712099,555665.7546368052,-364650.73027731647,0.0,0.0,0.0
491,0.0,209020.2625697459,63404.76378620306,562367.262829373,-375754.63484206033,0.0,0.0,0.0
492,0.0,210083.27418919894,57639.1824695656,565307.1042700914,-369136.5486729439,0.0,0.0,0.0
493,0.0,203636.2673560213,48538.47126631062,568742.4588951477,-364632.4020276904,0.0,0.0,0.0
494,0.0,205362.76344999112,36563.3247354494,565950.4344737579,-357414.42955945083,0.0,0.0,0.0
495,0.0,206162.6726491235,39343.50838617649,572428.4431789446,-369224.2898864205,0.0,0.0,0.0
496,0.0,214033.01523726762,40440.21104701994,570859.5308053299,-371029.9994747449,0.0,0.0,0.0
497,0.0,217152.2852341231,42755.46487166025,573574.2627114239,-375528.5860321469,0.0,0.0,0.0
498,0.0,206210.57079069334,41481.03006746606,579323.3898744623,-370977.2581015467,0.0,0.0,0.0
499,0.0,203392.11862312688,46739.91064615282,582130.4968168557,-358825.30631100025,0.0,0.0,0.0
500,0.0,208066.49904348332,44827.015684634585,586795.4894029172,-339843.10205445054,0.0,0.0,0.0
501,0.0,223569.04209540162,38011.990692655134,593839.9181981902,-357362.90762629686,0.0,0.0,0.0
502,0.0,223153.40131325222,38725.197925136235,601954.0180228255,-357439.3792957316,0.0,0.0,0.0
503,0.0,220373.6328338284,59339.69181447504,610903.650769715,-364870.7743386275,0.0,0.0,0.0
504,0.0,224182.8055615122,55302.759949570296,611780.4989221191,-375054.2718416911,0.0,0.0,0.0
505,0.0,226254.50313588342,33796.68199331335,615308.4725325777,-372000.8044722613,0.0,0.0,0.0
506,0.0,228885.74335845417,33671.19665243757,626636.3547047937,-392187.8753333435,0.0,0.0,0.0
507,0.0,243922.09974260858,36013.98300019519,629565.3170324411,-404559.63216542813,0.0,0.0,0.0
508,0.0,244621.26044940916,39749.802379265246,633695.8549848049,-411457.0029283014,0.0,0.0,0.0
509,0.0,236272.51737754152,34937.3067675322,641389.437677685,-400179.99483971996,0.0,0.0,0.0
510,0.0,235557.33461727586,40418.47921943084,653262.5051280262,-405226.7821833989,0.0,0.0,0.0
511,0.0,246852.55802522527,41372.06255696167,662058.3776434904,-420806.2181949119,0.0,0.0,0.0
512,0.0,243805.5587435439,41462.82918145847,665383.7943840536,-420575.5949058201,0.0,0.0,0.0
513,0.0,238741.4557455812,47239.1051501203,670024.0485418421,-425771.8214959579,0.0,0.0,0.0
514,0.0,241147.96147628978,44292.055335597826,665026.8634259792,-421632.83059282694,0.0,0.0,0.0
515,0.0,242492.6293214504,40062.42111325603,672818.7113659298,-431015.8831440518,0.0,0.0,0.0
516,0.0,243200.62982303265,56064.0162821516,667934.4535625795,-419848.6330550679,0.0,0.0,0.0
517,0.0,240888.5222218698,56810.51950751919,665805.0704964319,-410998.20757248125,0.0,0.0,0.0
518,0.0,238935.65498240094,56854.27561272404,672036.727933277,-417373.3486402874,0.0,0.0,0.0
519,0.0,239491.85650112428,49589.66512300997,670026.0276641347,-410893.86058370676,0.0,0.0,0.0
520,0.0,242270.1933874593,41840.161878356,668523.5551596488,-411117.1921007831,0.0,0.0,0.0
521,0.0,241324.18387334837,45026.393977329644,672092.6881741622,-416520.1154534885,0.0,0.0,0.0
522,0.0,247378.5889620965,45901.77038184815,674368.5273859974,-410553.1312760204,0.0,0.0,0.0
523,0.0,253869.5356226134,46401.97234735678,680834.3075044146,-418528.66624440695,0.0,0.0,0.0
524,0.0,256013.79637355712,44114.52307963601,681464.8032907627,-424645.9889999777,0.0,0.0,0.0
525,0.0,262381.55058988306,39056.94947590822,686604.3978426269,-429616.90166780783,0.0,0.0,0.0
526,0.0,251558.8675734532,45937.81523632306,696713.6157815004,-433885.8738771133,0.0,0.0,0.0
527,0.0,250062.86336180335,44775.29677945876,698279.4915775127,-431969.74671798927,0.0,0.0,0.0
528,0.0,253893.75487516235,45512.201004725204,706091.0184949219,-432977.81582690415,0.0,0.0,0.0
529,0.0,252442.5421804208,49951.096139813446,710483.5734337126,-437228.47127662145,0.0,0.0,0.0
530,0.0,255923.02782204305,41535.38824393704,720337.9387518358,-440942.0491921682,0.0,0.0,0.0
531,0.0,266071.60968414973,42514.584286856436,728034.3695340902,-451916.5203657026,0.0,0.0,0.0
532,0.0,264164.43206729443,42512.27099851642,738360.656456213,-453014.92128317733,0.0,0.0,0.0
533,0.0,266833.32336700807,42377.5330186095,738028.8608465584,-455498.3551971402,0.0,0.0,0.0
534,0.0,267892.16917769745,37966.2075927772,738397.6672725074,-457573.76983692084,0.0,0.0,0.0
535,0.0,265786.51093374443,49021.29946056158,746008.2140172109,-472396.67507859075,0.0,0.0,0.0
536,0.0,267366.17230517295,49940.13483947354,736878.2076525132,-468172.2132016278,0.0,0.0,0.0
537,0.0,264026.447222571,55025.82655250232,736923.2504019043,-455853.70948784356,0.0,0.0,0.0
538,0.0,259622.78679858544,59535.770876778784,741521.8965466346,-458133.805011379,0.0,0.0,0.0
539,0.0,262148.24318176135,55485.576235616725,734795.2782781387,-440142.59599587036,0.0,0.0,0.0
540,0.0,268638.27236705925,56501.48738785849,736682.2080879922,-444316.8951898074,0.0,0.0,0.0
541,0.0,266844.67856670334,51949.57631258872,742736.4807085152,-450519.3513787824,0.0,0.0,0.0
542,0.0,270843.9756509092,49508.347415968616,749724.660226004,-460675.3645327038,0.0,0.0,0.0
543,0.0,270504.5691288383,48201.573521284656,757146.7796040718,-460276.4221185728,0.0,0.0,0.0
544,0.0,277167.2430389233,43814.73055088197,756065.0980945529,-465418.46825756674,0.0,0.0,0.0
545,0.0,284321.9913453233,45266.378472013996,763145.1030937163,-472788.9425328689,0.0,0.0,0.0
546,0.0,287358.52577411814,54990.463753076474,772375.0595156236,-473819.9657713241,0.0,0.0,0.0
547,0.0,289736.6989384497,46640.75161504772,776784.1755199467,-477836.66536484857,0.0,0.0,0.0
548,0.0,287544.2534831233,43873.29086913744,785319.7869505035,-462832.081689024,0.0,0.0,0.0
549,0.0,293043.40537979174,78899.33264684722,795364.7332382014,-473603.7229830829,0.0,0.0,0.0
550,0.0,299426.4592350764,49488.11746350828,811240.3828305197,-495959.7963326051,0.0,0.0,0.0
551,0.0,303013.54339845706,41783.90500677819,830214.825682774,-522135.02288635774,0.0,0.0,0.0
552,0.0,299623.9075335804,40558.26409106475,844117.1795848238,-531954.1456760612,0.0,0.0,0.0
553,0.0,305141.2473607972,39220.686265963486,847551.1600315995,-535073.4091823923,0.0,0.0,0.0
554,0.0,320402.07575054537,39676.791874195245,855412.56741851,-556583.6629287158,0.0,0.0,0.0
555,0.0,317926.85816295864,45676.67739631855,868786.0933970027,-545049.3505727465,0.0,0.0,0.0
556,0.0,332496.25644834666,49611.17804263999,863664.9463694473,-555260.2552561692,0.0,0.0,0.0
557,0.0,333856.228133882,47626.16507738142,865345.0343424554,-556722.8728605229,0.0,0.0,0.0
558,0.0,306286.23691475927,63388.48562533524,874246.3642175746,-542698.3015315792,0.0,0.0,0.0
559,0.0,311488.73568429175,61584.42059414769,864937.7462680192,-523763.9362054994,0.0,0.0,0.0
560,0.0,317059.9687497959,65867.8696988257,871026.6096594956,-528619.9395236252,0.0,0.0,0.0
561,0.0,333484.0638772604,65184.63157477563,883959.6178932819,-556906.5825729624,0.0,0.0,0.0
562,0.0,342379.6538711882,60564.49302999433,882365.1756665186,-543398.2328462098,0.0,0.0,0.0
563,0.0,344385.06514406344,49612.04906699754,891389.7617126988,-556887.6411440388,0.0,0.0,0.0
564,0.0,341705.4864190484,49601.9908073707,892787.466438428,-531327.4275301718,0.0,0.0,0.0
565,0.0,335409.58651124366,54413.204794500234,896480.474255736,-535374.1281620343,0.0,0.0,0.0
566,0.0,328882.17815422436,50819.43094499745,900663.1260171317,-526768.2320694258,0.0,0.0,0.0
567,0.0,325745.29061152966,56041.51741082204,905716.9158105771,-523585.18321575003,0.0,0.0,0.0
568,0.0,332593.8001792447,57558.46119202705,907994.944971573,-525539.0401580529,0.0,0.0,0.0
569,0.0,338828.73782410985,58338.227137405825,909285.0123204504,-515718.03535174846,0.0,0.0,0.0
570,0.0,336843.14978801593,62430.823176055055,915410.5839294154,-522967.86931204307,0.0,0.0,0.0
571,0.0,346685.2492439025,55535.187776532235,925181.5087508076,-538457.4159863273,0.0,0.0,0.0
572,0.0,346726.5657925575,59664.35790222626,937420.9670643667,-558583.5992818188,0.0,0.0,0.0
573,0.0,348796.07518250076,74147.77744101519,942197.240153296,-550054.0707600191,0.0,0.0,0.0
574,0.0,358173.73083583073,76257.48444854295,949565.0873345353,-553674.6452154409,0.0,0.0,0.0
575,0.0,365043.9310699595,71100.69325686438,953292.0070063149,-554451.6602810237,0.0,0.0,0.0
576,0.0,362353.1083224593,67580.86691797516,947976.9052118425,-556558.2791115405,0.0,0.0,0.0
577,0.0,362522.0356031274,56677.43486604685,945516.4815523985,-530812.5073676548,0.0,0.0,0.0
578,0.0,348277.3907520332,65736.40421906555,958062.6816953477,-545840.537419507,0.0,0.0,0.0
579,0.0,354674.7785667869,63096.35055058173,951151.316516163,-547500.3992072728,0.0,0.0,0.0
580,0.0,340206.9321624442,68507.39877952628,958732.9798915441,-539285.3564643381,0.0,0.0,0.0
581,0.0,343403.3175173632,123960.40294217246,967698.9851458431,-533103.07705652,0.0,0.0,0.0
582,0.0,351922.29470180516,100485.09765550449,966377.1500340649,-539614.5362703901,0.0,0.0,0.0
583,0.0,362237.33093892544,78544.33179157504,981299.599520481,-564855.5225048289,0.0,0.0,0.0
584,0.0,375228.7492191978,68346.8686248072,984646.2958539249,-578764.6396380448,0.0,0.0,0.0
585,0.0,376717.5607722997,58115.93188560853,986985.1614647156,-556833.9707073249,0.0,0.0,0.0
586,0.0,379103.3974432308,104198.1171933956,989633.1018866173,-562286.4035392241,0.0,0.0,0.0
587,0.0,364287.5050526222,70849.33681547856,1001107.3982409756,-553345.2734750381,0.0,0.0,0.0
588,0.0,366835.64399957575,50693.69707103937,1005887.8361806053,-541369.8972716635,0.0,0.0,0.0
589,0.0,383405.10053432337,45101.13999543195,1000241.5018275155,-551021.9570263925,0.0,0.0,0.0
590,0.0,391448.15006766905,50224.30042023208,1002911.1463704119,-552773.4806234475,0.0,0.0,0.0
591,0.0,404113.65238085005,56336.47615301951,1011503.8876736581,-582855.9625253191,0.0,0.0,0.0
592,0.0,407320.3556789935,44091.00557454905,1024600.6841302365,-596738.8959309278,0.0,0.0,0.0
593,0.0,389011.80134904955,42555.86464467442,1038279.9956382271,-603119.6201539086,0.0,0.0,0.0
594,0.0,379316.7722916525,32515.23637492641,1050160.7313042048,-606400.2014448658,0.0,0.0,0.0
595,0.0,414507.4051818358,31079.23655446124,1059629.888570114,-645879.9057413288,0.0,0.0,0.0
596,0.0,415367.6325571877,36526.9888623263,1060128.785459447,-654144.9369801003,0.0,0.0,0.0
597,0.0,407986.98729560344,39614.005750056436,1058564.1713467822,-642897.3831922052,0.0,0.0,0.0
598,0.0,384677.0946054029,40297.218856412495,1072896.569351703,-641374.2007503532,0.0,0.0,0.0
599,0.0,390080.5106702853,44980.127044111956,1066369.7903943702,-634680.8246286408,0.0,0.0,0.0
600,0.0,389548.0341148761,45161.03082475972,1074383.9578357378,-650593.6358765506,0.0,0.0,0.0
601,0.0,370453.16915118345,54903.62303170969,1087308.7083651905,-640597.5918796384,0.0,0.0,0.0
602,0.0,383251.25468542334,52652.936629265365,1082520.9948065171,-632399.2237860437,0.0,0.0,0.0
603,0.0,387129.96099577565,67569.08570274198,1102456.206673179,-640499.5153547109,0.0,0.0,0.0
604,0.0,387719.2645524355,55076.72346622623,1109486.738926768,-629592.4066759894,0.0,0.0,0.0
605,0.0,403125.86937737477,54599.63002938751,1110317.6645527675,-636393.9669542726,0.0,0.0,0.0
606,0.0,399394.6362666077,60035.11050925831,1122355.847386384,-655764.4543198821,0.0,0.0,0.0
607,0.0,418479.9313252538,58795.43146408765,1120179.9282236642,-670964.9164166331,0.0,0.0,0.0
608,0.0,440528.45473613974,56528.82003975042,1095527.73844436,-661120.3331317535,0.0,0.0,0.0
609,0.0,423151.3271318822,61283.6069781078,1091762.680715798,-646218.0456143006,0.0,0.0,0.0
610,0.0,431109.82404640655,98477.47754149766,1083485.126393542,-632879.6223882438,0.0,0.0,0.0
611,0.0,436595.80652506754,61112.63645878518,1085974.154956907,-630440.3584371068,0.0,0.0,0.0
612,0.0,429256.3482612549,64716.42621555306,1092372.4633772974,-630843.011930093,0.0,0.0,0.0
613,0.0,440187.9041264023,64124.52461052071,1104209.3797410096,-620711.0378712156,0.0,0.0,0.0
614,0.0,440417.2865447093,55820.45604020759,1119223.4904931106,-622984.2086499444,0.0,0.0,0.0
615,0.0,457323.8226679035,110846.4372249417,1130514.8375768897,-643198.8425392016,0.0,0.0,0.0
616,0.0,473107.23848837917,48497.5548759587,1139136.8534451409,-680317.5731999867,0.0,0.0,0.0
617,0.0,485852.574993267,55578.03022423703,1139566.1173293344,-677448.4883568558,0.0,0.0,0.0
618,0.0,448708.90498615004,57022.78393701907,1162367.116516431,-676690.1273262546,0.0,0.0,0.0
619,0.0,447842.5484860894,53076.66514070538,1162164.1566936208,-652218.4188371423,0.0,0.0,0.0
620,0.0,470018.655941735,49768.79502919833,1173620.0720960202,-680749.8029134244,0.0,0.0,0.0
621,0.0,475639.94950445014,56772.77380498395,1193042.057629771,-711391.7044613427,0.0,0.0,0.0
622,0.0,483704.92884521186,52489.40284396976,1199594.467690739,-713077.6385816105,0.0,0.0,0.0
623,0.0,491392.9286199858,55629.63295052767,1225056.6449413593,-728757.6497789563,0.0,0.0,0.0
624,0.0,476890.2501364269,65236.67868877141,1245321.1149957574,-725012.8370268019,0.0,0.0,0.0
625,0.0,493567.1886962571,45923.84076563216,1252046.8971047953,-731746.9824754992,0.0,0.0,0.0
626,0.0,491903.45104986423,49617.36426705025,1276573.6864020631,-756943.1770090923,0.0,0.0,0.0
627,0.0,514091.3273750504,56944.58140438595,1268070.519296589,-768319.9782600057,0.0,0.0,0.0
628,0.0,531582.2795772857,48578.345625990834,1255294.1620031793,-769162.3131333082,0.0,0.0,0.0
629,0.0,511797.6038254859,62827.07953000265,1257872.9302147008,-747986.4611341506,0.0,0.0,0.0
630,0.0,495750.8227344551,72243.1659085564,1253726.4673649087,-732497.392912802,0.0,0.0,0.0
631,0.0,497354.31465864315,72139.47927340065,1256509.5425186479,-735493.5625791613,0.0,0.0,0.0
632,0.0,502557.3305248377,77169.76374668273,1265419.8915430983,-746881.1027099737,0.0,0.0,0.0
633,0.0,509299.19929152785,73954.98539437927,1271924.370495561,-756735.8748507166,0.0,0.0,0.0
634,0.0,498870.9356025101,77029.11227757098,1286732.2555721302,-742007.7921809979,0.0,0.0,0.0
635,0.0,506175.89913004,88640.313844218,1294664.083736622,-717553.6677959719,0.0,0.0,0.0
636,0.0,516972.5019437266,69593.34603518738,1299028.9491180235,-728417.0143508675,0.0,0.0,0.0
637,0.0,524403.5712861669,92085.12386855343,1312560.1826172767,-754859.211539019,0.0,0.0,0.0
638,0.0,512858.07519821863,82032.95854507295,1333974.8607273423,-762396.3696434199,0.0,0.0,0.0
639,0.0,512349.9649498533,73145.83553319152,1340052.419613398,-762276.2409416006,0.0,0.0,0.0
640,0.0,509978.2155285448,93265.15527598,1350071.5899939265,-752988.6883534956,0.0,0.0,0.0
641,0.0,507998.7382579733,68395.13854711606,1370144.618508516,-748386.2422644916,0.0,0.0,0.0
642,0.0,525702.9557970966,74033.83330467276,1386347.3426959722,-782048.6972289915,0.0,0.0,0.0
643,0.0,534105.506740619,70940.56379730102,1410308.8955838669,-770357.0957616791,0.0,0.0,0.0
644,0.0,544039.5801938114,62402.003845411615,1429619.4074475747,-802960.3864004918,0.0,0.0,0.0
645,0.0,540650.3554955077,63905.922187321004,1445032.756564983,-818317.0596503012,0.0,0.0,0.0
646,0.0,557271.3715377161,88126.54929748215,1452879.1788420596,-853294.2134494302,0.0,0.0,0.0
647,0.0,567144.0615461804,56770.705264014105,1445690.6067035196,-841460.3256189831,0.0,0.0,0.0
648,0.0,554258.7211420974,56050.984451122386,1444117.5755754407,-802575.308785286,0.0,0.0,0.0
649,0.0,561869.7341593971,70577.17988242752,1449785.3124496858,-820989.0303948346,0.0,0.0,0.0
650,0.0,573527.0677950828,71614.0305355593,1451470.5058141244,-843746.1189650596,0.0,0.0,0.0
651,0.0,609224.38727425,61993.98303274472,1440328.0129376354,-853257.0829942424,0.0,0.0,0.0
652,0.0,629817.6938900666,60467.595495935246,1424867.3981235866,-850144.3870561112,0.0,0.0,0.0
653,0.0,612155.3278189375,63795.53296621132,1430257.9730831918,-842062.8397653443,0.0,0.0,0.0
654,0.0,598819.8032073571,74846.12761164241,1435302.1165476057,-834679.6199857829,0.0,0.0,0.0
655,0.0,581945.0696604017,67113.79972170168,1447844.4291934443,-819836.4368458294,0.0,0.0,0.0
656,0.0,599320.9334486135,62827.14774780425,1463825.4485559948,-845862.662548632,0.0,0.0,0.0
657,0.0,584475.2800720301,60598.10004602056,1480131.9517941142,-832365.0835641824,0.0,0.0,0.0
658,0.0,585682.4910508599,63614.928482419324,1492835.5403936496,-839262.3970947425,0.0,0.0,0.0
659,0.0,593642.3298554744,60844.38439513016,1508478.4723323772,-837086.898260176,0.0,0.0,0.0
660,0.0,627893.7795331923,57033.59080880663,1526841.477712253,-873396.7427586728,0.0,0.0,0.0
661,0.0,609785.3248340058,54071.883744377235,1553436.9900067793,-873012.9138548124,0.0,0.0,0.0
662,0.0,664001.4497220742,66832.12502350697,1568969.2900942853,-931277.4753837052,0.0,0.0,0.0
663,0.0,657819.2749442739,63444.10117543504,1596476.0114841235,-946943.0239784918,0.0,0.0,0.0
664,0.0,652596.8540558218,41200.72523017839,1630459.026486472,-976653.9128610198,0.0,0.0,0.0
665,0.0,653644.5528734282,50604.13947628004,1655645.09495018,-998573.4062133568,0.0,0.0,0.0
666,0.0,667201.5018201937,49965.8444963955,1667874.6927849008,-1018097.375069535,0.0,0.0,0.0
667,0.0,653731.3224832573,58818.17374787735,1674768.9430234889,-964136.5513451091,0.0,0.0,0.0
668,0.0,651404.4819836506,85240.58948374676,1685808.193412304,-977198.1702018338,0.0,0.0,0.0
669,0.0,664080.2614761681,108528.66835852787,1687660.0497464843,-953128.2508425001,0.0,0.0,0.0
670,0.0,675005.3095757315,202321.65899575583,1695301.4754081622,-976155.8649490848,0.0,0.0,0.0
671,0.0,675906.247340284,188763.7279940963,1686970.9579648115,-993295.5305656776,0.0,0.0,0.0
672,0.0,677501.9592965584,126084.15236523969,1677966.943486509,-993808.8899315115,0.0,0.0,0.0
673,0.0,679014.0554890466,121607.91181953551,1695564.186763937,-1019268.1238482766,0.0,0.0,0.0
674,0.0,699478.5139641863,239263.08504295375,1717163.3610470053,-1051308.349226141,0.0,0.0,0.0
675,0.0,692500.0219622789,158633.7619385955,1734035.336708491,-1039040.0057638069,0.0,0.0,0.0
676,0.0,698667.317058147,116860.94460697204,1750609.7886120703,-1030934.3499542028,0.0,0.0,0.0
677,0.0,700586.4319895345,119228.25366473482,1778618.6478893673,-1072268.3034264543,0.0,0.0,0.0
678,0.0,731141.4160569715,106128.62067132011,1778450.024389855,-1081684.1447924536,0.0,0.0,0.0
679,0.0,727430.7582355315,116715.06206408227,1808272.8052362758,-1083655.3199590538,0.0,0.0,0.0
680,0.0,742726.7640809192,105867.40926619036,1835342.3666837893,-1117541.2406471984,0.0,0.0,0.0
681,0.0,724996.9407341435,100800.32308982548,1862360.9432261235,-1119189.690763617,0.0,0.0,0.0
682,0.0,734277.5865076357,99659.80953915854,1885780.466301703,-1139914.5579526247,0.0,0.0,0.0
683,0.0,723050.8473662141,123623.51633840358,1914066.8224503878,-1124062.110843204,0.0,0.0,0.0
684,0.0,708079.3218171899,112886.80255942709,1949687.2732268255,-1136294.0447664086,0.0,0.0,0.0
685,0.0,722776.1981777153,209373.16647515036,1969218.9457911104,-1152211.7822564167,0.0,0.0,0.0
686,0.0,735582.4155162115,166202.25352283003,1984200.609910321,-1197027.911760471,0.0,0.0,0.0
687,0.0,741440.743164893,123432.11702123158,1982424.5357998086,-1183095.7850720997,0.0,0.0,0.0
688,0.0,736802.3863446513,107666.8415143249,1990689.9670421993,-1195608.049142557,0.0,0.0,0.0
689,0.0,734349.0690854985,116368.21189233215,1994387.642644017,-1190218.273396477,0.0,0.0,0.0
690,0.0,745092.6511973916,108230.80145995191,2009257.2378033656,-1209529.5116604862,0.0,0.0,0.0
691,0.0,758008.6598279461,103531.54790080484,2011223.138171493,-1209098.8544961328,0.0,0.0,0.0
692,0.0,762251.2018121753,114685.41992172848,2002848.1287018145,-1183149.44635331,0.0,0.0,0.0
693,0.0,775964.3706008167,123702.49503410082,2030184.7262785742,-1235913.046347463,0.0,0.0,0.0
694,0.0,757976.3011899767,127439.19079880755,2048638.712332556,-1229663.9804595716,0.0,0.0,0.0
695,0.0,780613.7413166167,117103.07559108532,2070565.2264611188,-1246812.9326215645,0.0,0.0,0.0
696,0.0,772554.1844967084,105540.26323968134,2099235.332850964,-1265493.3923520586,0.0,0.0,0.0
697,0.0,765928.4895742348,111525.02550102794,2130842.576230085,-1282688.7741177264,0.0,0.0,0.0
698,0.0,785659.1175983439,117665.21006582578,2139736.801911475,-1298211.287814874,0.0,0.0,0.0
699,0.0,797232.4107152362,120290.93365011991,2162230.3669466404,-1321229.941215899,0.0,0.0,0.0
700,0.0,785220.2803489846,135820.72472818522,2192724.728124109,-1312766.1138812813,0.0,0.0,0.0
701,0.0,841041.2672085615,275930.65376398625,2195746.977739364,-1320111.5718459112,0.0,0.0,0.0
702,0.0,831225.9604351757,270684.2187785458,2220289.2402542196,-1343040.8773357284,0.0,0.0,0.0
703,0.0,824344.2512991409,263261.94271667686,2257038.0664721057,-1371966.1213364224,0.0,0.0,0.0
704,0.0,815178.1936764849,257572.47953217878,2298188.189645991,-1401943.8628247855,0.0,0.0,0.0
705,0.0,830301.6039713145,230462.80570434395,2327894.0395473265,-1432113.443210271,0.0,0.0,0.0
706,0.0,856007.9120988249,157296.85925510153,2350179.3954728646,-1444461.7024010913,0.0,0.0,0.0
707,0.0,874498.577941181,145871.82384775206,2367579.908558195,-1455007.610861864,0.0,0.0,0.0
708,0.0,890058.862626923,161702.4785595056,2389091.2266680463,-1484517.898373194,0.0,0.0,0.0
709,0.0,881942.2486564338,155914.62421328807,2402565.23230695,-1483436.8348963275,0.0,0.0,0.0
710,0.0,927906.432987944,158783.86790437278,2415761.150365127,-1519585.3745637748,0.0,0.0,0.0
711,0.0,955655.7439353634,203656.16335857337,2418509.0784397293,-1493765.7773041872,0.0,0.0,0.0
712,0.0,966705.9581261681,153177.2576784199,2423125.115874218,-1515444.6886514586,0.0,0.0,0.0
713,0.0,944495.9691622135,168966.24717842374,2469486.9494531606,-1524002.9018469506,0.0,0.0,0.0
714,0.0,935141.8703966767,180835.01510268435,2499751.3807555293,-1557929.4359349885,0.0,0.0,0.0
715,0.0,969918.6682335503,401747.8515241576,2523938.870859142,-1519249.096879675,0.0,0.0,0.0
716,0.0,988181.6778588244,387084.2648369726,2562183.556819109,-1590372.9495606115,0.0,0.0,0.0
717,0.0,979469.508604279,341093.99022854946,2591571.6504188427,-1596504.1252963499,0.0,0.0,0.0
718,0.0,983814.5819776198,273074.6225549344,2623305.3112963154,-1650796.0381927965,0.0,0.0,0.0
719,0.0,968291.0364594223,222478.24845750214,2656918.653955074,-1680184.4081315328,0.0,0.0,0.0
720,0.0,967861.2781820196,211851.06780234165,2669889.7020380874,-1608112.239878185,0.0,0.0,0.0
721,0.0,993496.7020904687,235458.23720950072,2681720.55054933,-1618732.437964801,0.0,0.0,0.0
722,0.0,1015009.0857716956,323031.4097187224,2708666.569869457,-1650803.9401981807,0.0,0.0,0.0
723,0.0,1025380.5998755064,251542.6748930697,2758024.716276969,-1672403.1098807182,0.0,0.0,0.0
724,0.0,1003153.3192775407,192126.51251378862,2808219.334988462,-1688600.145321199,0.0,0.0,0.0
725,0.0,1016327.1848364597,160727.13925483343,2847360.9551062374,-1739559.8405906872,0.0,0.0,0.0
726,0.0,1047367.5677566001,161330.73664295796,2884919.141200476,-1781140.4072905302,0.0,0.0,0.0
727,0.0,1082302.2881292787,137786.17601367025,2895637.2667612587,-1833720.92333503,0.0,0.0,0.0
728,0.0,1080762.7133933096,156367.42401612856,2920020.4223854626,-1874136.886888796,0.0,0.0,0.0
729,0.0,1093482.740040823,163001.08168527047,2920988.4860526677,-1811221.3685351887,0.0,0.0,0.0
730,0.0,1051184.086897064,172898.44142153868,2937196.753166241,-1809942.5855430353,0.0,0.0,0.0
731,0.0,1032763.4452948975,183998.46244683696,2928183.930507188,-1761937.8591241797,0.0,0.0,0.0
732,0.0,1069993.4504181817,180417.77439452245,2938296.1509055407,-1796947.3002851307,0.0,0.0,0.0
733,0.0,1058840.1048079452,183391.03280592232,2973040.2178329746,-1827312.688020905,0.0,0.0,0.0
734,0.0,1057685.1490752771,185494.32304677303,2994960.5187391196,-1797097.118639066,0.0,0.0,0.0
735,0.0,1058030.7222600512,183186.1122015377,3029050.0214793244,-1801338.315318047,0.0,0.0,0.0
736,0.0,1076200.789256759,160714.3829574525,3061902.054957708,-1866675.6410434032,0.0,0.0,0.0
737,0.0,1103193.3316208804,158118.94423610743,3065697.607901369,-1871589.508350759,0.0,0.0,0.0
738,0.0,1117406.1663113157,180947.9949253714,3067809.6098142075,-1871005.166276121,0.0,0.0,0.0
739,0.0,1114898.2500567052,202411.36448644253,3079104.662294427,-1891402.8628340962,0.0,0.0,0.0
740,0.0,1151818.4954355345,177084.94185723655,3060240.2400251487,-1911816.1491280636,0.0,0.0,0.0
741,0.0,1110139.9577304628,200891.4034083967,3062672.340808997,-1863993.4078246693,0.0,0.0,0.0
742,0.0,1085029.3666379144,212989.10556320855,3056536.6315658945,-1821212.7768965538,0.0,0.0,0.0
743,0.0,1069371.6597772338,244201.84701070024,3086391.505935278,-1837221.1662510927,0.0,0.0,0.0
744,0.0,1075143.937512929,244558.80330868665,3131127.907145895,-1873549.6648218925,0.0,0.0,0.0
745,0.0,1096592.8461541869,198903.75697838946,3168228.006469041,-1897642.0625190684,0.0,0.0,0.0
746,0.0,1132781.0842111656,175422.11438832612,3211531.077682405,-1944047.9279131088,0.0,0.0,0.0
747,0.0,1151795.4388802005,184638.33376181507,3219598.821585326,-1910914.2899628761,0.0,0.0,0.0
748,0.0,1144854.2247709953,223127.02047563088,3235166.9385935115,-1932135.3686208935,0.0,0.0,0.0
749,0.0,1156804.6891157764,234197.01518807892,3211195.058827988,-1955107.6328044087,0.0,0.0,0.0
750,0.0,1160042.3446036524,226160.74879482933,3212778.072478003,-1946838.5354310712,0.0,0.0,0.0
751,0.0,1154139.5885243686,247520.75743309568,3210965.2445267225,-1942036.8432946883,0.0,0.0,0.0
752,0.0,1147432.0428244951,225701.41221399177,3206472.8310251287,-1849029.6406198703,0.0,0.0,0.0
753,0.0,1171357.1742817888,226935.5974108203,3221874.8647647826,-1878754.8337692455,0.0,0.0,0.0
754,0.0,1174953.8274522019,246901.51378517522,3247449.9885301823,-1920902.2607898694,0.0,0.0,0.0
755,0.0,1170851.890595448,214706.8775600574,3282323.8574968986,-1894394.7082209743,0.0,0.0,0.0
756,0.0,1185861.6735461073,220534.5951092412,3326529.093308517,-1903156.0123624676,0.0,0.0,0.0
757,0.0,1203125.6025591888,208071.0935553462,3355455.0913566058,-1899117.6768777438,0.0,0.0,0.0
758,0.0,1223792.1797331956,210921.95787935157,3372798.670484179,-1941581.4118153462,0.0,0.0,0.0
759,0.0,1211503.2638264254,214522.54923235648,3402020.4185957354,-1978791.967374976,0.0,0.0,0.0
760,0.0,1240175.1141361482,185447.02809193672,3397151.3485303326,-1987447.864219401,0.0,0.0,0.0
761,0.0,1242160.038116808,207148.46609443217,3416172.5744084665,-2021255.352380388,0.0,0.0,0.0
762,0.0,1275845.5969657789,210273.5704851278,3435944.5051096063,-2075684.081385653,0.0,0.0,0.0
763,0.0,1356950.5025509084,175587.91683289973,3454976.482879279,-2133077.514966092,0.0,0.0,0.0
764,0.0,1327979.6446231029,201334.02017076703,3521797.53171591,-2205783.482404129,0.0,0.0,0.0
765,0.0,1297393.8325190993,199910.84536085985,3550396.5319935833,-2177983.0662228595,0.0,0.0,0.0
766,0.0,1254960.9760882289,192065.9944690196,3612095.4815834397,-2168581.43125067,0.0,0.0,0.0
767,0.0,1308185.3884321107,209408.89067301853,3636506.304114115,-2245368.37750276,0.0,0.0,0.0
768,0.0,1322977.0427329827,217781.81014440182,3646943.9658769867,-2261154.895917346,0.0,0.0,0.0
769,0.0,1327543.8301146377,215583.71772964243,3639908.8115460826,-2262896.3501995364,0.0,0.0,0.0
770,0.0,1336177.4793182625,250625.64812334973,3630950.6615539026,-2203125.0396757806,0.0,0.0,0.0
771,0.0,1388707.2175157855,279898.057795985,3616617.460834048,-2231358.9973546714,0.0,0.0,0.0
772,0.0,1414894.8932474805,247917.98108773187,3573187.855629682,-2219508.132632935,0.0,0.0,0.0
773,0.0,1434676.3854044683,260546.32772672246,3570237.898521672,-2243569.9338454497,0.0,0.0,0.0
774,0.0,1382347.3487385816,272282.19051491556,3580462.7155602127,-2238389.027910855,0.0,0.0,0.0
775,0.0,1369357.371420463,236935.32200819204,3570667.294200134,-2208497.597040135,0.0,0.0,0.0
776,0.0,1424363.0091596802,223878.8148503212,3538795.5846251315,-2235309.7343383124,0.0,0.0,0.0
777,0.0,1409415.3001295154,268077.9882001144,3554206.505904911,-2239507.6451806994,0.0,0.0,0.0
778,0.0,1452384.697475144,263362.6406348046,3498565.9871099433,-2239076.7068377654,0.0,0.0,0.0
779,0.0,1411119.6565380525,250299.805422198,3513962.5303323218,-2185840.5397604024,0.0,0.0,0.0
780,0.0,1411151.833800891,347194.3520864761,3515043.482837668,-2157592.416309702,0.0,0.0,0.0
781,0.0,1393914.6710995915,260487.1276269274,3528139.7176790135,-2154226.423586563,0.0,0.0,0.0
782,0.0,1393330.137279916,252965.58168320128,3541204.7238155976,-2167086.730896604,0.0,0.0,0.0
783,0.0,1419986.7156718096,265666.43420824094,3581372.051234635,-2190042.5942207007,0.0,0.0,0.0
784,0.0,1465237.7114304092,233602.0593645844,3636210.2060134406,-2239675.2479727794,0.0,0.0,0.0
785,0.0,1527232.345924551,277606.64158098,3666219.155630114,-2266649.7008732343,0.0,0.0,0.0
786,0.0,1509924.0287576085,208106.6577167104,3738037.2490531667,-2296277.111583653,0.0,0.0,0.0
787,0.0,1447383.4677629378,210933.05316779917,3802244.020190712,-2257463.182902818,0.0,0.0,0.0
788,0.0,1507188.8444675952,190741.52751059775,3846169.804594981,-2333894.543175717,0.0,0.0,0.0
789,0.0,1515044.969755425,219545.19226266912,3885796.7590415436,-2255466.5192164704,0.0,0.0,0.0
790,0.0,1513158.66526014,225545.9959539258,3918972.2352508814,-2296124.336589989,0.0,0.0,0.0
791,0.0,1538112.3341419233,228962.9860819579,3937029.1941623534,-2316471.8557705516,0.0,0.0,0.0
792,0.0,1588867.7424807884,220090.23802306934,3937222.6102686175,-2372585.803672833,0.0,0.0,0.0
793,0.0,1597168.0639131754,202736.54848877568,3958206.4651054097,-2290704.2543047974,0.0,0.0,0.0
794,0.0,1588346.9974688524,212039.79645256812,3983111.7749826764,-2328247.860426922,0.0,0.0,0.0
795,0.0,1612706.7185640375,215734.06375568116,4016516.1213208376,-2361945.69222924,0.0,0.0,0.0
796,0.0,1662194.454129497,237689.50828673452,4011051.8457220406,-2441409.989130226,0.0,0.0,0.0
797,0.0,1646658.1795345086,222800.75094337456,4040341.705687154,-2434985.6282019475,0.0,0.0,0.0
798,0.0,1588623.881515307,243153.184607694,4013159.032701892,-2386900.399049128,0.0,0.0,0.0
799,0.0,1650200.1193568301,269849.4374616532,3997828.8621868747,-2422238.9315585387,0.0,0.0,0.0
800,0.0,1635759.0136363334,291848.4209289957,4010396.9185279384,-2482782.806507978,0.0,0.0,0.0
801,0.0,1620216.2587050614,286057.95281153644,4017847.5528182583,-2454571.78897528,0.0,0.0,0.0
802,0.0,1600038.2193479955,247873.0148970384,4022293.3560095658,-2430508.0363953277,0.0,0.0,0.0
803,0.0,1577807.4103335016,283787.42922766873,4065264.9090667786,-2446365.354845377,0.0,0.0,0.0
804,0.0,1579132.721450685,232028.85316110303,4086602.253050888,-2483937.453395718,0.0,0.0,0.0
805,0.0,1633708.1875582978,200716.29948813302,4104142.7163569196,-2549291.912908616,0.0,0.0,0.0
806,0.0,1578775.9914361723,228168.7370789769,4149226.2349558705,-2520895.374852519,0.0,0.0,0.0
807,0.0,1604660.113582413,220086.6454173278,4190585.513518475,-2604868.7555137277,0.0,0.0,0.0
808,0.0,1614123.4756549,178475.30443153591,4215309.396629773,-2604849.4257664434,0.0,0.0,0.0
809,0.0,1629383.9200049313,177747.8969097373,4184937.620680384,-2560737.70707678,0.0,0.0,0.0
810,0.0,1620038.8185367382,201561.91087475893,4149933.238862088,-2488410.0874233916,0.0,0.0,0.0
811,0.0,1658745.9463142536,219623.5675342398,4129686.687372413,-2466800.863138955,0.0,0.0,0.0
812,0.0,1620914.4747542264,269094.2551161899,4118208.73422917,-2399453.13133478,0.0,0.0,0.0
813,0.0,1672414.0223213395,368693.95132919756,4132846.4678294607,-2358937.176886222,0.0,0.0,0.0
814,0.0,1664913.4818252032,354855.70961154683,4179195.145636893,-2417037.757133648,0.0,0.0,0.0
815,0.0,1702780.276078653,200825.3459287683,4210993.411451957,-2441179.5446234792,0.0,0.0,0.0
816,0.0,1804006.5796695303,153476.41341871288,4253885.894238741,-2567907.2022105344,0.0,0.0,0.0
817,0.0,1812291.034695147,187062.67130183065,4300857.906367895,-2680732.868961635,0.0,0.0,0.0
818,0.0,1824881.5603901753,201851.59617340387,4305517.4895241475,-2659153.524369053,0.0,0.0,0.0
819,0.0,1802520.3256391776,178354.9060403359,4332919.338740072,-2701060.9555261736,0.0,0.0,0.0
820,0.0,1883842.611116589,194051.60235731388,4356920.660305101,-2781517.5796433752,0.0,0.0,0.0
821,0.0,1897894.2132802417,217100.35952048723,4343728.062675875,-2762900.9245678256,0.0,0.0,0.0
822,0.0,1943383.9851939878,201914.9986494395,4364008.331723964,-2807827.2079541953,0.0,0.0,0.0
823,0.0,1927513.7911707726,229467.686183704,4379452.697838715,-2832701.308171052,0.0,0.0,0.0
824,0.0,1936732.29101817,211077.14826104598,4364168.419139905,-2828827.2365513225,0.0,0.0,0.0
825,0.0,1924188.6512266863,470858.9899640107,4368221.641815242,-2709576.272470539,0.0,0.0,0.0
826,0.0,1863929.4815098406,136443.82041941115,4428352.6924870415,-2730489.6217737263,0.0,0.0,0.0
827,0.0,1846245.529103058,140889.81807848212,4475678.936674011,-2709754.180563493,0.0,0.0,0.0
828,0.0,1891627.36465194,93991.75673515466,4531211.218860455,-2781020.5910019744,0.0,0.0,0.0
829,0.0,1910185.9090076901,118327.04218682455,4602372.792308411,-2905152.7195632765,0.0,0.0,0.0
830,0.0,1910855.3664223684,117460.95172252994,4661770.538905231,-2961645.659342848,0.0,0.0,0.0
831,0.0,1912958.8775657932,133981.16124362804,4709387.864422984,-2890997.267767255,0.0,0.0,0.0
832,0.0,1959753.0314147342,171294.89858486588,4752958.634269303,-2992208.354249802,0.0,0.0,0.0
833,0.0,1933554.8463513104,182446.32189068332,4797219.372902445,-3008583.8571500774,0.0,0.0,0.0
834,0.0,1925319.0853800187,194468.5633189513,4873065.228557713,-3065793.897599186,0.0,0.0,0.0
835,0.0,1958943.2834956988,195434.54019082026,4923164.705469038,-3150366.614114182,0.0,0.0,0.0
836,0.0,2030231.1544046344,173937.4110998852,4990487.218609361,-3226983.0338310716,0.0,0.0,0.0
837,0.0,2058046.5070742154,195141.76660863726,5086389.566807566,-3316704.187056248,0.0,0.0,0.0
838,0.0,2087972.453230948,207432.3883792486,5128824.964424035,-3388689.4961624336,0.0,0.0,0.0
839,0.0,2065512.327690172,272401.18735993525,5204208.197769576,-3349814.7174622687,0.0,0.0,0.0
840,0.0,2101539.8295328654,312670.1830777717,5254864.831098008,-3405787.033982397,0.0,0.0,0.0
841,0.0,2119583.0851345905,249543.05541235083,5272329.10984064,-3424183.839140396,0.0,0.0,0.0
842,0.0,2161873.7729572956,255225.15283673612,5369509.274456398,-3549352.5522193396,0.0,0.0,0.0
843,0.0,2117227.05204726,678271.6566778563,5420217.337845366,-3433480.848175518,0.0,0.0,0.0
844,0.0,2179318.4358606716,574076.9872752717,5471281.597112092,-3506801.396016923,0.0,0.0,0.0
845,0.0,2219790.619276098,241501.20301349598,5488199.644306652,-3514859.0584826833,0.0,0.0,0.0
846,0.0,2250240.0887847543,281921.1807326523,5585295.345141772,-3687411.0961050005,0.0,0.0,0.0
847,0.0,2240614.786326517,294198.177194136,5673490.429337325,-3713543.065250805,0.0,0.0,0.0
848,0.0,2192129.291110795,543665.014563282,5746578.918018639,-3589210.7787687685,0.0,0.0,0.0
849,0.0,2253184.0109769665,285688.8201675858,5822809.240367465,-3683803.441709087,0.0,0.0,0.0
850,0.0,2243606.6748672514,272444.3995852029,5920767.054674712,-3786612.6502557457,0.0,0.0,0.0
851,0.0,2290603.8963779453,286306.78545249684,6018275.328241123,-3901465.789969994,0.0,0.0,0.0
852,0.0,2310306.422483966,274772.7511982532,6022489.126848006,-3857326.5654147416,0.0,0.0,0.0
853,0.0,2286755.1346898554,316113.22173585225,6089077.043591202,-3856227.874971488,0.0,0.0,0.0
854,0.0,2229905.6931933383,324813.2527100295,6191740.505782963,-3913863.900578502,0.0,0.0,0.0
855,0.0,2347941.4306409364,276070.5383847762,6207305.853277784,-3926973.584401967,0.0,0.0,0.0
856,0.0,2285821.1974642454,316644.99297918234,6330000.548250946,-4051532.9551278097,0.0,0.0,0.0
857,0.0,2229995.678659556,323369.3981983136,6362574.226469598,-3983444.640144795,0.0,0.0,0.0
858,0.0,2286285.749397056,278693.17548486206,6381628.245160407,-4055013.335471418,0.0,0.0,0.0
859,0.0,2225999.659789334,315078.6799299633,6472128.817018442,-4122556.4422711125,0.0,0.0,0.0
860,0.0,2209991.5128174066,321578.4612980102,6509997.6245782515,-4051595.8268370754,0.0,0.0,0.0
861,0.0,2396998.5145482398,326696.64307242783,6495746.678280824,-4226189.4971017195,0.0,0.0,0.0
862,0.0,2373217.7940293527,337708.56161736837,6562634.906498914,-4200732.531918971,0.0,0.0,0.0
863,0.0,2433134.5197478514,373433.1557809378,6640431.672867076,-4361452.5285083605,0.0,0.0,0.0
864,0.0,2400677.782978569,367723.32999735436,6669491.223303392,-4395761.486684198,0.0,0.0,0.0
865,0.0,2377035.0849285815,786885.0093612457,6704186.873953823,-4163991.62663188,0.0,0.0,0.0
866,0.0,2420652.940203863,798817.2085586849,6766554.547312199,-4277822.321489349,0.0,0.0,0.0
867,0.0,2378220.651896996,739578.3543427129,6805932.176423639,-4258507.062081552,0.0,0.0,0.0
868,0.0,2266083.443742257,729854.9445569575,6849426.420605287,-4163298.762012546,0.0,0.0,0.0
869,0.0,2322197.8385097943,670181.0202127163,6852948.421834253,-4119255.7163380845,0.0,0.0,0.0
870,0.0,2293461.9353697672,576162.8846832742,6950228.674967924,-4128297.6501139584,0.0,0.0,0.0
871,0.0,2342520.421091285,514788.1615587203,6984438.7224469,-4216409.744793649,0.0,0.0,0.0
872,0.0,2415281.763797762,373162.4114083949,6954343.697306933,-4183075.7658354267,0.0,0.0,0.0
873,0.0,2476222.4159966386,369739.7906609987,7063929.43628081,-4389874.907600561,0.0,0.0,0.0
874,0.0,2480848.9436671897,406543.4034939221,7076500.458538046,-4451242.09264296,0.0,0.0,0.0
875,0.0,2525960.23925286,346364.60811768,7077502.853529996,-4290597.553222974,0.0,0.0,0.0
876,0.0,2538406.6031789305,405350.1074317213,7164558.076254651,-4294156.906374711,0.0,0.0,0.0
877,0.0,2564008.354678341,365394.83332406136,7165569.22366258,-4237306.19943245,0.0,0.0,0.0
878,0.0,2707875.6399400705,332174.6153636848,7160069.598811827,-4401165.223566416,0.0,0.0,0.0
879,0.0,2727648.993283996,348431.3034281237,7258933.42363697,-4457815.517021182,0.0,0.0,0.0
880,0.0,2638047.23282565,375371.67172029597,7312019.000076848,-4450744.552149624,0.0,0.0,0.0
881,0.0,2797921.8937975103,388449.3750851214,7282722.261366119,-4552414.992949306,0.0,0.0,0.0
882,0.0,2816098.3957680375,597788.253867222,7368379.74501118,-4514886.857752596,0.0,0.0,0.0
883,0.0,2743017.4282179424,561624.0054142138,7474172.096820781,-4624326.859785354,0.0,0.0,0.0
884,0.0,2869594.3095237464,346600.5813482681,7491202.482314946,-4701687.0078168595,0.0,0.0,0.0
885,0.0,2982892.3514500083,396347.3966650545,7570452.3175842045,-4950367.245963544,0.0,0.0,0.0
886,0.0,2880465.592326012,419332.54245055205,7640161.756029829,-5002928.572407878,0.0,0.0,0.0
887,0.0,2780290.315747147,470727.03801821056,7662825.820239251,-4788745.493495167,0.0,0.0,0.0
888,0.0,2765557.63387528,464143.5905438618,7754042.063377958,-4927661.656806696,0.0,0.0,0.0
889,0.0,2833100.683290208,491385.39730034285,7765933.113516423,-4979116.127754523,0.0,0.0,0.0
890,0.0,2815629.723686522,610649.3630057344,7822323.299631132,-4831278.504852945,0.0,0.0,0.0
891,0.0,2804925.022463963,568734.3796466608,7815348.622825431,-4737748.948193613,0.0,0.0,0.0
892,0.0,2896083.504110235,542464.3073253784,7828785.217614319,-4625964.189149703,0.0,0.0,0.0
893,0.0,2935722.3635570146,540350.519025475,7969882.28317357,-4828654.211059537,0.0,0.0,0.0
894,0.0,3001963.9111442384,421037.22699194995,8040470.09576119,-4858541.42593781,0.0,0.0,0.0
895,0.0,3006431.122470013,473592.67654194054,8141582.867473962,-5021257.94219183,0.0,0.0,0.0
896,0.0,3049480.0366930403,474832.9841379393,8246298.352597492,-5126011.084028437,0.0,0.0,0.0
897,0.0,3014138.8634563764,471457.5936965108,8299788.319803729,-5059741.508196838,0.0,0.0,0.0
898,0.0,3128824.4805714586,506723.21363186144,8326143.594816413,-5182702.190660662,0.0,0.0,0.0
899,0.0,3032831.345691637,564476.4071879879,8411837.014905632,-5145955.543422486,0.0,0.0,0.0
900,0.0,3063404.2724278993,551334.0713210198,8474230.626761705,-5189952.648104177,0.0,0.0,0.0
901,0.0,3185889.5268091164,543876.9233793379,8499693.74959324,-5332490.435920988,0.0,0.0,0.0
902,0.0,3179582.92029074,586830.9271730656,8558904.053376265,-5399375.912565387,0.0,0.0,0.0
903,0.0,3157584.864559396,657709.8322853112,8693365.758559326,-5499733.7322201645,0.0,0.0,0.0
904,0.0,3138732.757417923,658022.0851667104,8728209.67841021,-5473523.032008369,0.0,0.0,0.0
905,0.0,3210720.714036825,659550.2459036459,8713849.31206503,-5419514.5889745625,0.0,0.0,0.0
906,0.0,3196808.0112125496,937702.4301737208,8755658.625435328,-5233259.493083134,0.0,0.0,0.0
907,0.0,3104592.56987581,883532.0527058421,8754419.55564877,-5147397.212377284,0.0,0.0,0.0
908,0.0,3211825.0600863164,880721.1727285028,8821715.687009996,-5225105.035400623,0.0,0.0,0.0
909,0.0,3173289.3732096036,932330.9663118238,8799731.21902322,-5272068.741459311,0.0,0.0,0.0
910,0.0,3204587.940519281,834767.0791273572,8749556.71832335,-5238400.991525371,0.0,0.0,0.0
911,0.0,3156851.180848389,948987.4225855923,8740898.669702694,-5210106.3606713,0.0,0.0,0.0
912,0.0,3174450.186150395,896528.8356399713,8740235.054757664,-5143643.430108598,0.0,0.0,0.0
913,0.0,3028346.5974319526,939980.2991391207,8845195.326132702,-5137637.342729115,0.0,0.0,0.0
914,0.0,3057469.6465285057,800832.5013108227,8817436.546741173,-5130891.009663104,0.0,0.0,0.0
915,0.0,3150140.1635249536,752737.4336771768,8867869.985652376,-5148974.081760316,0.0,0.0,0.0
916,0.0,3332644.930242018,742298.9853895607,8858835.31926646,-5304450.100578001,0.0,0.0,0.0
917,0.0,3485136.6625954905,732657.9176255452,8861893.154508252,-5250242.249732638,0.0,0.0,0.0
918,0.0,3283674.71259614,607706.1507837551,8928911.743514918,-5221437.550778084,0.0,0.0,0.0
919,0.0,3362321.250926142,550804.1114942075,8939169.453257792,-5214015.710188389,0.0,0.0,0.0
920,0.0,3306298.725050581,564534.4993947911,8991724.72388697,-5241062.776064685,0.0,0.0,0.0
921,0.0,3306919.2923972155,544506.273153027,8992536.582019717,-5243880.206506867,0.0,0.0,0.0
922,0.0,3366439.6571195596,503853.42896519374,9035717.231845448,-5314660.379746167,0.0,0.0,0.0
923,0.0,3463860.117981606,524455.9774907696,8981984.084031587,-5306852.333138522,0.0,0.0,0.0
924,0.0,3383532.5875155246,566989.986471209,9017212.622893328,-5110785.795333357,0.0,0.0,0.0
925,0.0,3370414.986452867,613682.4676657877,9008127.77974451,-5131383.832803254,0.0,0.0,0.0
926,0.0,3471064.3368541966,569150.273492963,9124036.966383457,-5293600.490254143,0.0,0.0,0.0
927,0.0,3430284.4893777086,483628.98995000264,9281436.534810584,-5379178.369647094,0.0,0.0,0.0
928,0.0,3457471.5920798904,528043.1447148805,9408345.221248029,-5452124.460013744,0.0,0.0,0.0
929,0.0,3604648.676295093,577352.3423352352,9487134.811582334,-5697168.553890985,0.0,0.0,0.0
930,0.0,3666412.825362339,488402.4367170903,9546238.175507175,-5861884.498110806,0.0,0.0,0.0
931,0.0,3758494.7486962467,601589.7499130471,9567337.503711734,-5793564.640540621,0.0,0.0,0.0
932,0.0,3687241.879890952,1023976.1437771202,9595412.324720291,-5725787.040126168,0.0,0.0,0.0
933,0.0,3555436.3457311643,1085013.6424060517,9732558.717331061,-5743094.927511227,0.0,0.0,0.0
934,0.0,3678707.831796036,855125.8341868899,9751727.650313832,-5850592.16478747,0.0,0.0,0.0
935,0.0,3876626.597405134,658244.4568059688,9764632.439953111,-5857366.758994601,0.0,0.0,0.0
936,0.0,4170638.564044388,633662.1520669637,9560597.769277116,-6010070.048398156,0.0,0.0,0.0
937,0.0,4137222.4749275926,774253.9469960028,9498176.098189885,-5949465.5834254455,0.0,0.0,0.0
938,0.0,3860526.8368610614,813160.0235469998,9542803.669208033,-5865949.403001223,0.0,0.0,0.0
939,0.0,3767032.4974584403,694962.5293238199,9600841.422854831,-5527875.666305732,0.0,0.0,0.0
940,0.0,4121516.687906722,605300.1917391417,9721569.403418092,-5858472.329246584,0.0,0.0,0.0
941,0.0,4136818.286878167,576948.3299256028,9846994.18354688,-5960626.023783778,0.0,0.0,0.0
942,0.0,4181265.2042279565,481796.0660538197,1.0046751088122262E7,-6167636.3980821315,0.0,0.0,0.0
943,0.0,4306642.702545808,458414.8586624725,1.0107048884280555E7,-6264387.679547156,0.0,0.0,0.0
944,0.0,4303683.333281926,467092.45777384966,1.028181237904944E7,-6409690.713174669,0.0,0.0,0.0
945,0.0,4285528.5786493765,529851.5379932158,1.0352685249595242E7,-6471715.100700986,0.0,0.0,0.0
946,0.0,4224626.920367922,408309.8874743411,1.0519390766006064E7,-6588020.404149958,0.0,0.0,0.0
947,0.0,4377188.472818783,506998.66322504793,1.0749128791212173E7,-7025818.352598578,0.0,0.0,0.0
948,0.0,4400358.993598803,438892.40263686323,1.0842040462534131E7,-6948605.954663191,0.0,0.0,0.0
949,0.0,4486034.744470766,468659.7259615269,1.1023956291546648E7,-6681180.441192241,0.0,0.0,0.0
950,0.0,4515929.284335218,635826.9433577564,1.1168084917333892E7,-7062157.570944682,0.0,0.0,0.0
951,0.0,4621528.420303565,460362.2161530171,1.1212477435465476E7,-7135854.885255858,0.0,0.0,0.0
952,0.0,4589486.48029334,517277.1263398334,1.1352442643384542E7,-7338905.429093549,0.0,0.0,0.0
953,0.0,4470239.025160105,546252.3902728788,1.1523725048317598E7,-7459308.000755526,0.0,0.0,0.0
954,0.0,4404595.4554282855,486368.28264844394,1.1624075129587824E7,-7333032.282809354,0.0,0.0,0.0
955,0.0,4277566.942236752,529764.6381082687,1.172099572733837E7,-7227152.903154704,0.0,0.0,0.0
956,0.0,4529596.305436147,643699.5985115039,1.15821669950516E7,-7193107.328209573,0.0,0.0,0.0
957,0.0,4616996.355271758,704081.8695550017,1.1649213132237963E7,-7254893.875740942,0.0,0.0,0.0
958,0.0,4532463.194094241,806913.6273500422,1.1770953692768382E7,-7448301.479932485,0.0,0.0,0.0
959,0.0,4600665.206678847,892878.7225552448,1.1795201743091565E7,-7314141.939475286,0.0,0.0,0.0
960,0.0,4885117.053722679,896563.3241740701,1.1916512906833643E7,-7685058.008695355,0.0,0.0,0.0
961,0.0,4733998.073564625,1000653.257529639,1.2127758765600292E7,-7810635.124910266,0.0,0.0,0.0
962,0.0,4727640.4921640605,924537.2891771139,1.2333611355745653E7,-8082365.095540934,0.0,0.0,0.0
963,0.0,4788385.136372063,917699.2023330295,1.24372350779977E7,-7857982.386409156,0.0,0.0,0.0
964,0.0,4707928.393430928,1373013.8959942977,1.2693352445553785E7,-7676133.213435374,0.0,0.0,0.0
965,0.0,4753407.2166531645,1358813.3448309475,1.2743981300743375E7,-7790651.086273191,0.0,0.0,0.0
966,0.0,4723321.219908149,1287453.1358390707,1.2880580244662013E7,-7908834.722570945,0.0,0.0,0.0
967,0.0,4697925.577283209,1348335.7959877094,1.3144333862542266E7,-7961560.590256938,0.0,0.0,0.0
968,0.0,4769763.974924784,1278975.3570682914,1.3232025773036985E7,-8070286.5654478045,0.0,0.0,0.0
969,0.0,4828025.054090649,1203157.0488848544,1.3388859148588913E7,-8235669.4698323775,0.0,0.0,0.0
970,0.0,4829560.277764133,1178101.5123118747,1.35496568495481E7,-8441583.369603382,0.0,0.0,0.0
971,0.0,4806964.6394123435,928404.7244023851,1.3566607884067085E7,-8474382.031346777,0.0,0.0,0.0
972,0.0,4918292.348677994,906000.180682513,1.367002226806122E7,-8721275.887562022,0.0,0.0,0.0
973,0.0,4804550.723782751,1167728.8195961567,1.3764587242125876E7,-8522791.667969467,0.0,0.0,0.0
974,0.0,4902318.667422694,1051037.0738474391,1.3681988219445352E7,-8304368.3538286565,0.0,0.0,0.0
975,0.0,4984336.7988539,1029352.9836549808,1.3778404898573086E7,-8382284.707816814,0.0,0.0,0.0
976,0.0,4884332.1562991245,1039301.7046366474,1.3626870806334093E7,-8307751.162254224,0.0,0.0,0.0
977,0.0,4908922.213503729,1089387.0952470528,1.3481139348522658E7,-7742779.743200151,0.0,0.0,0.0
978,0.0,5054876.964490846,1137223.42363411,1.3225117466489123E7,-7768359.772643053,0.0,0.0,0.0
979,0.0,5229536.900526623,989698.7416222785,1.2909864411134407E7,-7418898.582149234,0.0,0.0,0.0
980,0.0,5211365.2385109,1009563.9640965054,1.2838934311862443E7,-7489785.910651337,0.0,0.0,0.0
981,0.0,4915841.605870135,1031252.2640462496,1.2832977622525336E7,-7404924.273719363,0.0,0.0,0.0
982,0.0,4937415.370684071,1059770.4025604604,1.2894420957115203E7,-7377886.503181786,0.0,0.0,0.0
983,0.0,4927476.257227179,912035.2430419417,1.2987886207756808E7,-7557974.493090115,0.0,0.0,0.0
984,0.0,5090923.737049904,788497.3837797355,1.3150866054484732E7,-7481676.751133374,0.0,0.0,0.0
985,0.0,5252220.594326176,727638.7998407717,1.3270895558784677E7,-7587504.482946106,0.0,0.0,0.0
986,0.0,5043253.021549408,632043.9920610425,1.3427153906769082E7,-7571120.941210989,0.0,0.0,0.0
987,0.0,5129508.715984144,586502.823902045,1.3621985949129988E7,-7600899.512030333,0.0,0.0,0.0
988,0.0,5594307.3934381055,635403.8140822691,1.3833531171510445E7,-8245354.46854436,0.0,0.0,0.0
989,0.0,5587386.857941822,482452.81783823506,1.4044068902231395E7,-8419233.853838688,0.0,0.0,0.0
990,0.0,5310588.075216727,480557.3435416538,1.4309742842059935E7,-8461353.96522878,0.0,0.0,0.0
991,0.0,5398702.1377949035,519198.5727209462,1.4435379128804887E7,-8610188.022924434,0.0,0.0,0.0
992,0.0,5549235.624503207,502490.0765411882,1.4651324028574035E7,-9003466.111453202,0.0,0.0,0.0
993,0.0,5541839.658269866,486918.7275468935,1.4827477694199007E7,-9275438.02821108,0.0,0.0,0.0
994,0.0,5622142.301330695,454328.1091732783,1.4859245351699902E7,-9277971.667457517,0.0,0.0,0.0
995,0.0,5636990.34649106,519575.36616696,1.5106994324745448E7,-9508475.379007436,0.0,0.0,0.0
996,0.0,5611383.79976045,612735.3505476756,1.5110314944583515E7,-9648868.347107982,0.0,0.0,0.0
997,0.0,5585495.6278012125,584083.548934,1.5058292005976675E7,-9339353.48614889,0.0,0.0,0.0
998,0.0,5723882.35217868,819640.3890315127,1.4982605436808994E7,-9375332.70002498,0.0,0.0,0.0
999,0.0,5905299.593098762,1035865.7645125173,1.4709299588473145E7,-9099598.031600516,0.0,0.0,0.0
1000,0.0,5905511.12276514,979921.0987012755,1.4848941860877657E7,-9329040.104703696,0.0,0.0,0.0
