1,0.0,12770.655841582411,4218.2695719032545,0.0,0.0,0.0,0.0,0.0
2,0.0,13051.434818356003,4384.033375443536,0.0,0.0,0.0,0.0,0.0
3,0.0,10772.955869204117,4315.4931805977085,0.0,0.0,0.0,0.0,0.0
4,0.0,10476.183915903517,4316.781894035652,0.0,0.0,0.0,0.0,0.0
5,0.0,10718.613645998812,4241.651132594265,0.0,0.0,0.0,0.0,0.0
6,0.0,11105.872498081775,4167.787229017657,0.0,0.0,0.0,0.0,0.0
7,0.0,10979.013624197396,4165.8047247184695,0.0,0.0,0.0,0.0,0.0
8,0.0,10786.993386397657,4169.1913903989025,0.0,0.0,0.0,0.0,0.0
9,0.0,10666.613624193784,4191.05646816534,0.0,0.0,0.0,0.0,0.0
10,0.0,10742.581715335891,4126.421812864104,0.0,0.0,0.0,0.0,0.0
11,0.0,10880.443327871231,4093.0841012093792,0.0,0.0,0.0,0.0,0.0
12,0.0,10923.148414481328,4076.9938330505374,0.0,0.0,0.0,0.0,0.0
13,0.0,11006.400531405583,3992.5453173087553,0.0,0.0,0.0,0.0,0.0
14,0.0,11332.760664831783,3927.3696635249207,0.0,0.0,0.0,0.0,0.0
15,0.0,11255.031422133252,3891.925224907349,0.0,0.0,0.0,0.0,0.0
16,0.0,11114.288942329082,3833.6356694351757,0.0,0.0,0.0,0.0,0.0
17,0.0,11309.234186633119,3794.6783999867253,0.0,0.0,0.0,0.0,0.0
18,0.0,11340.556830375775,3772.734163114496,0.0,0.0,0.0,0.0,0.0
19,0.0,11225.528373874266,3770.5490489653644,0.0,0.0,0.0,0.0,0.0
20,0.0,11129.146438167701,3730.560205818217,0.0,0.0,0.0,0.0,0.0
21,0.0,10762.787259803647,3670.037238642043,0.0,0.0,0.0,0.0,0.0
22,0.0,10743.236177341423,3652.386535324426,0.0,0.0,0.0,0.0,0.0
23,0.0,10316.673640051356,3625.215689812146,0.0,0.0,0.0,0.0,0.0
24,0.0,10098.35629216278,3683.8598406652054,0.0,0.0,0.0,0.0,0.0
25,0.0,9998.965371774912,3673.0654891506047,0.0,0.0,0.0,0.0,0.0
26,0.0,9937.31663721233,3657.5797970950143,0.0,0.0,0.0,0.0,0.0
27,0.0,9699.970297711108,3677.9723258477093,0.0,0.0,0.0,0.0,0.0
28,0.0,9708.694623742806,3683.815881564047,0.0,0.0,0.0,0.0,0.0
29,0.0,9638.833450798886,3572.9970409733355,0.0,0.0,0.0,0.0,0.0
30,0.0,9605.8180462874,3573.104047845104,0.0,0.0,0.0,0.0,0.0
31,0.0,9562.41494154379,3452.38697783623,0.0,0.0,0.0,0.0,0.0
32,0.0,9843.955239759382,3459.839933991844,0.0,0.0,0.0,0.0,0.0
33,0.0,9634.817215940831,3545.60188409052,0.0,0.0,0.0,0.0,0.0
34,0.0,9685.075414949119,3475.763834185852,0.0,0.0,0.0,0.0,0.0
35,0.0,9600.82295877642,3527.34672415278,0.0,0.0,0.0,0.0,0.0
36,0.0,9086.428874250982,3497.325727634117,0.0,0.0,0.0,0.0,0.0
37,0.0,8669.129123338344,3406.3799880587185,0.0,0.0,0.0,0.0,0.0
38,0.0,8646.165449891796,3326.331317325039,0.0,0.0,0.0,0.0,0.0
39,0.0,7981.314942909384,3337.2221513811346,0.0,0.0,0.0,0.0,0.0
40,0.0,8089.649627804478,3331.2983492175867,0.0,0.0,0.0,0.0,0.0
41,0.0,7758.79679320792,3279.241357471628,0.0,0.0,0.0,0.0,0.0
42,0.0,7245.203194241713,3211.711620231963,0.0,0.0,0.0,0.0,0.0
43,0.0,7453.399149208331,3199.91996085384,0.0,0.0,0.0,0.0,0.0
44,0.0,7496.338211717898,3137.6249585006194,0.0,0.0,0.0,0.0,0.0
45,0.0,7137.923764781434,3172.679906538928,0.0,0.0,0.0,0.0,0.0
46,0.0,6646.89670381633,3125.7202511688783,0.0,0.0,0.0,0.0,0.0
47,0.0,6810.847351237431,3032.543972629866,0.0,0.0,0.0,0.0,0.0
48,0.0,6857.685040513595,3041.321647706893,0.0,0.0,0.0,0.0,0.0
49,0.0,6706.495812969554,3045.8018434574137,0.0,0.0,0.0,0.0,0.0
50,0.0,6336.1309685421775,3076.35802710426,0.0,0.0,0.0,0.0,0.0
51,0.0,6456.503288621875,3122.8820539700578,0.0,0.0,0.0,0.0,0.0
52,0.0,6507.599002933535,3120.912482800182,0.0,0.0,0.0,0.0,0.0
53,0.0,6768.432235897275,3056.753147472506,0.0,0.0,0.0,0.0,0.0
54,0.0,6575.058732785008,3029.166482908039,0.0,0.0,0.0,0.0,0.0
55,0.0,6669.604387154129,3086.0604681169607,0.0,0.0,0.0,0.0,0.0
56,0.0,6855.584783757337,3157.4947003339576,0.0,0.0,0.0,0.0,0.0
57,0.0,6836.1776048464435,3118.295534641042,0.0,0.0,0.0,0.0,0.0
58,0.0,7296.583127000083,3091.1532182795763,0.0,0.0,0.0,0.0,0.0
59,0.0,7125.2762838407625,3162.0206403860348,0.0,0.0,0.0,0.0,0.0
60,0.0,6949.73865173954,3174.819457206942,0.0,0.0,0.0,0.0,0.0
61,0.0,6698.829505605838,3170.889686428856,0.0,0.0,0.0,0.0,0.0
62,0.0,6835.059153548709,3182.6918130939757,0.0,0.0,0.0,0.0,0.0
63,0.0,7036.712305208274,3201.6090476842505,0.0,0.0,0.0,0.0,0.0
64,0.0,7211.74794273248,3311.530892011491,0.0,0.0,0.0,0.0,0.0
65,0.0,7094.885255966565,3338.8765422357133,0.0,0.0,0.0,0.0,0.0
66,0.0,7595.207489184296,3271.312474694233,0.0,0.0,0.0,0.0,0.0
67,0.0,7726.917017713427,3407.2669662943686,0.0,0.0,0.0,0.0,0.0
68,0.0,7701.3245956543105,3430.2943492798613,0.0,0.0,0.0,0.0,0.0
69,0.0,7778.56507370989,3610.6386101614244,0.0,0.0,0.0,0.0,0.0
70,0.0,7563.469344714298,3633.971767902179,0.0,0.0,0.0,0.0,0.0
71,0.0,7417.431441332184,3632.9823772728855,0.0,0.0,0.0,0.0,0.0
72,0.0,7675.4043002598855,3560.7576795665204,0.0,0.0,0.0,0.0,0.0
73,0.0,8170.666101950997,3567.0459109331937,0.0,0.0,0.0,0.0,0.0
74,0.0,8563.521887881321,3601.424745485307,0.0,0.0,0.0,0.0,0.0
75,0.0,8811.281898197503,3686.375474553425,0.0,0.0,0.0,0.0,0.0
76,0.0,8676.62847069627,3747.2545583370957,0.0,0.0,0.0,0.0,0.0
77,0.0,8944.776311091342,3692.3734458340027,0.0,0.0,0.0,0.0,0.0
78,0.0,9125.827853010082,3722.5960036448796,0.0,0.0,0.0,0.0,0.0
79,0.0,9314.774751317324,3777.6771453534952,0.0,0.0,0.0,0.0,0.0
80,0.0,9465.192947122778,3781.5950340747127,0.0,0.0,0.0,0.0,0.0
81,0.0,9223.592262140493,3786.9308365344955,0.0,0.0,0.0,0.0,0.0
82,0.0,9536.656397598606,3783.873799703713,0.0,0.0,0.0,0.0,0.0
83,0.0,9555.232132984209,3907.7434854198527,0.0,0.0,0.0,0.0,0.0
84,0.0,9906.7375613034,3899.3624916121344,0.0,0.0,0.0,0.0,0.0
85,0.0,9538.011579394033,3958.2693143148085,0.0,0.0,0.0,0.0,0.0
86,0.0,9957.272241147855,3915.372757498972,0.0,0.0,0.0,0.0,0.0
87,0.0,10291.739603629016,3981.9466469725426,0.0,0.0,0.0,0.0,0.0
88,0.0,10190.607629653101,4030.671583257902,0.0,0.0,0.0,0.0,0.0
89,0.0,10026.998098313008,3985.0208576197924,0.0,0.0,0.0,0.0,0.0
90,0.0,9925.978127338802,4158.01681127399,0.0,0.0,0.0,0.0,0.0
91,0.0,10349.935697233788,4174.663522547465,0.0,0.0,0.0,0.0,0.0
92,0.0,10669.575026741499,4343.336255553186,0.0,0.0,0.0,0.0,0.0
93,0.0,10978.245783852399,4366.924095396979,0.0,0.0,0.0,0.0,0.0
94,0.0,11232.30476956022,4437.973675694905,0.0,0.0,0.0,0.0,0.0
95,0.0,11803.615063761777,4400.375332739775,0.0,0.0,0.0,0.0,0.0
96,0.0,12101.893997307214,4498.739969310153,0.0,0.0,0.0,0.0,0.0
97,0.0,12468.744610534262,4569.96426253905,0.0,0.0,0.0,0.0,0.0
98,0.0,12338.624632105255,4677.171199663282,0.0,0.0,0.0,0.0,0.0
99,0.0,12647.640643248511,4710.527327760218,0.0,0.0,0.0,0.0,0.0
100,0.0,12442.950953860334,4791.218976382072,0.0,0.0,0.0,0.0,0.0
101,0.0,12941.669942307133,4776.758708168,0.0,0.0,0.0,0.0,0.0
102,0.0,13143.100261927808,4878.506753678728,0.0,0.0,0.0,0.0,0.0
103,0.0,13522.044483466087,4913.865604997201,0.0,0.0,0.0,0.0,0.0
104,0.0,13863.911781545214,4963.811340939838,0.0,0.0,0.0,0.0,0.0
105,0.0,14244.740250192073,5141.614839403768,0.0,0.0,0.0,0.0,0.0
106,0.0,14531.04314815234,5087.93986076639,0.0,0.0,0.0,0.0,0.0
107,0.0,14786.80562985292,5029.145837965946,0.0,0.0,0.0,0.0,0.0
108,0.0,15457.481676055657,5138.38993074269,0.0,0.0,0.0,0.0,0.0
109,0.0,15576.38917938856,5203.147342274945,0.0,0.0,0.0,0.0,0.0
110,0.0,15934.034174723087,5328.672793324253,0.0,0.0,0.0,0.0,0.0
111,0.0,16041.698835383442,5520.958041043395,0.0,0.0,0.0,0.0,0.0
112,0.0,15974.385515791711,5678.592108176992,0.0,0.0,0.0,0.0,0.0
113,0.0,16191.61926053777,5656.562335193058,0.0,0.0,0.0,0.0,0.0
114,0.0,16731.03352410175,5742.400205689966,0.0,0.0,0.0,0.0,0.0
115,0.0,17265.28313811981,5720.02507595596,0.0,0.0,0.0,0.0,0.0
116,0.0,17531.905956409715,5826.378382360247,0.0,0.0,0.0,0.0,0.0
117,0.0,17651.150404222797,5850.250840834744,0.0,0.0,0.0,0.0,0.0
118,0.0,18522.012252605662,5857.238624684987,0.0,0.0,0.0,0.0,0.0
119,0.0,18716.8829302894,6019.006166369377,0.0,0.0,0.0,0.0,0.0
120,0.0,18683.21623007997,6199.268445331171,0.0,0.0,0.0,0.0,0.0
121,0.0,19047.33910987895,6160.761666702421,0.0,0.0,0.0,0.0,0.0
122,0.0,19312.54087600549,6171.770338844243,0.0,0.0,0.0,0.0,0.0
123,0.0,19240.800410346266,6216.864031341489,0.0,0.0,0.0,0.0,0.0
124,0.0,20242.304436295442,6214.627236334445,0.0,0.0,0.0,0.0,0.0
125,0.0,20422.071246324955,6449.925797488894,0.0,0.0,0.0,0.0,0.0
126,0.0,21214.3358422378,6373.492476608321,0.0,0.0,0.0,0.0,0.0
127,0.0,21702.121841189353,6510.829356154614,0.0,0.0,0.0,0.0,0.0
128,0.0,21915.100877585373,6557.191604770993,0.0,0.0,0.0,0.0,0.0
129,0.0,21844.779466360418,6575.539826466265,0.0,0.0,0.0,0.0,0.0
130,0.0,22157.12193529872,6582.843245451001,0.0,0.0,0.0,0.0,0.0
131,0.0,22467.386665922015,6620.777483515154,0.0,0.0,0.0,0.0,0.0
132,0.0,23070.364156844673,6555.906237229036,0.0,0.0,0.0,0.0,0.0
133,0.0,22481.41642352305,6646.790682199375,0.0,0.0,0.0,0.0,0.0
134,0.0,22524.376966984317,6838.096448891266,0.0,0.0,0.0,0.0,0.0
135,0.0,23221.52487379715,6843.598937383011,0.0,0.0,0.0,0.0,0.0
136,0.0,23273.739490435673,6925.552575055309,0.0,0.0,0.0,0.0,0.0
137,0.0,23698.01767704867,6949.8636790804485,0.0,0.0,0.0,0.0,0.0
138,0.0,23635.213401107478,7034.336131234307,0.0,0.0,0.0,0.0,0.0
139,0.0,23507.63923319223,7136.72968819215,0.0,0.0,0.0,0.0,0.0
140,0.0,23877.753439228803,7214.128988995261,0.0,0.0,0.0,0.0,0.0
141,0.0,24370.421474684637,7217.800650694406,0.0,0.0,0.0,0.0,0.0
142,0.0,24951.025724881627,7214.996548560604,0.0,0.0,0.0,0.0,0.0
143,0.0,25325.437023888033,7265.587988797351,0.0,0.0,0.0,0.0,0.0
144,0.0,25844.919791401753,7359.010575621982,0.0,0.0,0.0,0.0,0.0
145,0.0,26121.461254292568,7399.808478436171,0.0,0.0,0.0,0.0,0.0
146,0.0,25004.168435479496,7454.982207367105,0.0,0.0,0.0,0.0,0.0
147,0.0,25528.031361283927,7577.43540765263,0.0,0.0,0.0,0.0,0.0
148,0.0,26121.915605235732,7869.334658671143,0.0,0.0,0.0,0.0,0.0
149,0.0,26340.559294014056,7943.073653326189,0.0,0.0,0.0,0.0,0.0
150,0.0,27217.913347483714,8109.909591204135,0.0,0.0,0.0,0.0,0.0
151,0.0,26961.191897363435,8217.567194295862,0.0,0.0,0.0,0.0,0.0
152,0.0,27525.503763649023,8348.107574368556,0.0,0.0,0.0,0.0,0.0
153,0.0,27579.984372281746,8302.350133216265,0.0,0.0,0.0,0.0,0.0
154,0.0,26439.122752169817,8444.10336545265,0.0,0.0,0.0,0.0,0.0
155,0.0,27695.43959793087,8364.427204920014,0.0,0.0,0.0,0.0,0.0
156,0.0,27847.456296588687,8636.746025361395,0.0,0.0,0.0,0.0,0.0
157,0.0,27923.081654127076,8616.299357654734,0.0,0.0,0.0,0.0,0.0
158,0.0,28037.560965469154,8584.001942151212,0.0,0.0,0.0,0.0,0.0
159,0.0,28751.232121280216,8571.733299314701,0.0,0.0,0.0,0.0,0.0
160,0.0,29214.3902843266,8790.42930315283,0.0,0.0,0.0,0.0,0.0
161,0.0,30333.426081483944,8758.124602133823,0.0,0.0,0.0,0.0,0.0
162,0.0,30740.66406891421,8808.442381819918,0.0,0.0,0.0,0.0,0.0
163,0.0,31522.675657303687,8876.065804615264,0.0,0.0,0.0,0.0,0.0
164,0.0,31938.143819282806,8955.774070511343,0.0,0.0,0.0,0.0,0.0
165,0.0,31922.754942942247,9162.291395291397,0.0,0.0,0.0,0.0,0.0
166,0.0,32402.67555304862,9193.758331627041,0.0,0.0,0.0,0.0,0.0
167,0.0,32110.026436668897,9323.315260217832,0.0,0.0,0.0,0.0,0.0
168,0.0,32959.93477084552,9203.486514387847,0.0,0.0,0.0,0.0,0.0
169,0.0,32912.407528105156,9368.311668374845,0.0,0.0,0.0,0.0,0.0
170,0.0,33797.725240580374,9507.073746917396,0.0,0.0,0.0,0.0,0.0
171,0.0,33817.26438855388,9470.871649886112,0.0,0.0,0.0,0.0,0.0
172,0.0,34465.693890267314,9676.066769598325,0.0,0.0,0.0,0.0,0.0
173,0.0,35419.110582097004,9785.94263152649,0.0,0.0,0.0,0.0,0.0
174,0.0,35984.666612149274,9959.714111840007,0.0,0.0,0.0,0.0,0.0
175,0.0,36378.78097001642,9938.713857529443,0.0,0.0,0.0,0.0,0.0
176,0.0,36245.33990472035,9966.146049428251,0.0,0.0,0.0,0.0,0.0
177,0.0,37512.70681255092,9942.808276778278,0.0,0.0,0.0,0.0,0.0
178,0.0,38200.656992365286,10153.515483155677,0.0,0.0,0.0,0.0,0.0
179,0.0,38910.172078350726,10100.940311797413,0.0,0.0,0.0,0.0,0.0
180,0.0,39260.12118177439,10272.775079422825,0.0,0.0,0.0,0.0,0.0
181,0.0,39143.24722402694,10488.643365817883,0.0,0.0,0.0,0.0,0.0
182,0.0,39473.863251283416,10449.844805386416,0.0,0.0,0.0,0.0,0.0
183,0.0,40488.164729610435,10448.258599666111,0.0,0.0,0.0,0.0,0.0
184,0.0,41618.37185283773,10744.834871789528,0.0,0.0,0.0,0.0,0.0
185,0.0,41596.74673722006,10834.269883355857,0.0,0.0,0.0,0.0,0.0
186,0.0,42240.49194848062,10822.265080681047,0.0,0.0,0.0,0.0,0.0
187,0.0,42869.29629527439,11060.607428077019,0.0,0.0,0.0,0.0,0.0
188,0.0,44067.03855815847,11216.040280605315,0.0,0.0,0.0,0.0,0.0
189,0.0,44385.4040366298,11316.040047976014,0.0,0.0,0.0,0.0,0.0
190,0.0,45219.84228243486,11271.792687698833,0.0,0.0,0.0,0.0,0.0
191,0.0,45515.325910544714,11437.47045102422,0.0,0.0,0.0,0.0,0.0
192,0.0,44377.80609194544,11487.826180098753,0.0,0.0,0.0,0.0,0.0
193,0.0,45242.037995601684,11498.383392449508,0.0,0.0,0.0,0.0,0.0
194,0.0,46043.12881939077,11467.676318839449,0.0,0.0,0.0,0.0,0.0
195,0.0,47487.95124036933,11486.063922476393,0.0,0.0,0.0,0.0,0.0
196,0.0,46355.615667859754,11569.283305054943,0.0,0.0,0.0,0.0,0.0
197,0.0,45240.06637154136,11668.862596201596,0.0,0.0,0.0,0.0,0.0
198,0.0,45921.25397319804,11768.154096592209,0.0,0.0,0.0,0.0,0.0
199,0.0,46452.99303115178,12107.68190641973,0.0,0.0,0.0,0.0,0.0
200,0.0,47543.06524384636,12155.955742206032,0.0,0.0,0.0,0.0,0.0
201,0.0,47893.8101856811,12252.11868566205,0.0,0.0,0.0,0.0,0.0
202,0.0,47918.11389013163,12297.938441204287,0.0,0.0,0.0,0.0,0.0
203,0.0,47623.598990992934,12459.130658172793,0.0,0.0,0.0,0.0,0.0
204,0.0,48667.50382667383,12339.153625492081,0.0,0.0,0.0,0.0,0.0
205,0.0,48311.141120103035,12418.472001796863,0.0,0.0,0.0,0.0,0.0
206,0.0,47744.910355258406,12279.942450441999,0.0,0.0,0.0,0.0,0.0
207,0.0,49711.80351599876,12652.397756065422,0.0,0.0,0.0,0.0,0.0
208,0.0,50364.224881031754,12542.680708496277,0.0,0.0,0.0,0.0,0.0
209,0.0,50352.0265854664,12723.86407804165,0.0,0.0,0.0,0.0,0.0
210,0.0,49964.12920371634,12611.163162142322,0.0,0.0,0.0,0.0,0.0
211,0.0,50167.61430916367,12609.446873495684,0.0,0.0,0.0,0.0,0.0
212,0.0,51274.96400975577,12732.811377275297,0.0,0.0,0.0,0.0,0.0
213,0.0,52735.45444703761,12750.290471953274,0.0,0.0,0.0,0.0,0.0
214,0.0,52739.205663672765,13000.542819705943,0.0,0.0,0.0,0.0,0.0
215,0.0,53538.2257176373,12982.841328023482,0.0,0.0,0.0,0.0,0.0
216,0.0,53713.95085923715,13046.083514201564,0.0,0.0,0.0,0.0,0.0
217,0.0,55603.81377856946,13203.294210077125,0.0,0.0,0.0,0.0,0.0
218,0.0,55068.75205423606,13485.314524162659,0.0,0.0,0.0,0.0,0.0
219,0.0,54531.654176159536,13552.252218219686,0.0,0.0,0.0,0.0,0.0
220,0.0,56415.2764576712,13748.584153544063,0.0,0.0,0.0,0.0,0.0
221,0.0,58456.896073315205,13765.134139457343,0.0,0.0,0.0,0.0,0.0
222,0.0,59419.207985805086,14079.706135478495,0.0,0.0,0.0,0.0,0.0
223,0.0,61354.30078674682,14422.505459024345,0.0,0.0,0.0,0.0,0.0
224,0.0,61170.26953950342,14463.426725389862,0.0,0.0,0.0,0.0,0.0
225,0.0,60900.92563224106,14558.343686363212,0.0,0.0,0.0,0.0,0.0
226,0.0,62116.72140189957,14563.115419086294,0.0,0.0,0.0,0.0,0.0
227,0.0,63681.3993248903,14850.652500841408,0.0,0.0,0.0,0.0,0.0
228,0.0,64837.69478081279,14804.42983247366,0.0,0.0,0.0,0.0,0.0
229,0.0,66103.48025046795,15251.966635989671,0.0,0.0,0.0,0.0,0.0
230,0.0,67576.46287334696,15434.765643842442,0.0,0.0,0.0,0.0,0.0
231,0.0,68335.85377246726,15423.76121389584,0.0,0.0,0.0,0.0,0.0
232,0.0,69417.37443208737,15396.875935057156,0.0,0.0,0.0,0.0,0.0
233,0.0,71215.12940866286,15547.666226603182,0.0,0.0,0.0,0.0,0.0
234,0.0,70836.78176693733,15827.500973682736,0.0,0.0,0.0,0.0,0.0
235,0.0,68227.95373519722,15849.479488478504,0.0,0.0,0.0,0.0,0.0
236,0.0,68509.8970780517,15779.931738589199,0.0,0.0,0.0,0.0,0.0
237,0.0,67631.10140133898,15937.392173074393,0.0,0.0,0.0,0.0,0.0
238,0.0,69314.78480429122,16014.616283894955,0.0,0.0,0.0,0.0,0.0
239,0.0,70517.17036819416,16090.888914093139,0.0,0.0,0.0,0.0,0.0
240,0.0,71697.78529251358,16378.63539120661,0.0,0.0,0.0,0.0,0.0
241,0.0,72297.33009970725,16454.24441619732,0.0,0.0,0.0,0.0,0.0
242,0.0,73407.10343837985,16634.660318743092,0.0,0.0,0.0,0.0,0.0
243,0.0,75147.53440766889,16795.02751888492,0.0,0.0,0.0,0.0,0.0
244,0.0,74466.75185529943,17061.543561558385,0.0,0.0,0.0,0.0,0.0
245,0.0,75397.09324486216,17131.64816931826,0.0,0.0,0.0,0.0,0.0
246,0.0,76092.5650391279,17161.52559834465,0.0,0.0,0.0,0.0,0.0
247,0.0,75974.83747513765,17245.013408557177,0.0,0.0,0.0,0.0,0.0
248,0.0,78420.73604673053,17431.158836092698,0.0,0.0,0.0,0.0,0.0
249,0.0,80463.25710235967,17868.255362539432,0.0,0.0,0.0,0.0,0.0
250,0.0,81855.59766271828,17918.60988947991,0.0,0.0,0.0,0.0,0.0
251,0.0,83749.31178515774,17989.528186334614,0.0,0.0,0.0,0.0,0.0
252,0.0,83752.02514247329,18075.725482226007,0.0,0.0,0.0,0.0,0.0
253,0.0,84468.31637095436,18378.438466269836,0.0,0.0,0.0,0.0,0.0
254,0.0,85225.92433575692,18397.057186298895,0.0,0.0,0.0,0.0,0.0
255,0.0,85172.93774716309,18264.43578165461,0.0,0.0,0.0,0.0,0.0
256,0.0,84952.8083514922,18320.86223452,0.0,0.0,0.0,0.0,0.0
257,0.0,85563.61096069652,18406.84726015094,0.0,0.0,0.0,0.0,0.0
258,0.0,86082.71122886761,18450.715632203337,0.0,0.0,0.0,0.0,0.0
259,0.0,86274.45831972848,18669.52137461944,0.0,0.0,0.0,0.0,0.0
260,0.0,87665.15733698675,19236.017376534885,0.0,0.0,0.0,0.0,0.0
261,0.0,89563.77642296167,19409.349577046447,0.0,0.0,0.0,0.0,0.0
262,0.0,90304.8002826519,19763.169196745734,0.0,0.0,0.0,0.0,0.0
263,0.0,92440.99052122235,20017.52271156235,0.0,0.0,0.0,0.0,0.0
264,0.0,93784.01967452325,20193.62619036996,0.0,0.0,0.0,0.0,0.0
265,0.0,92881.35620732163,20334.621707235525,0.0,0.0,0.0,0.0,0.0
266,0.0,93549.65038991446,20545.001613978813,0.0,0.0,0.0,0.0,0.0
267,0.0,94427.08585190726,20350.988114669915,0.0,0.0,0.0,0.0,0.0
268,0.0,97811.0988865849,20719.440813730307,0.0,0.0,0.0,0.0,0.0
269,0.0,99655.21751765531,21215.506518612725,0.0,0.0,0.0,0.0,0.0
270,0.0,100593.4021491121,21511.932088189194,0.0,0.0,0.0,0.0,0.0
271,0.0,102706.15246717162,21983.684758830725,0.0,0.0,0.0,0.0,0.0
272,0.0,102646.04730238064,22198.678057857065,0.0,0.0,0.0,0.0,0.0
273,0.0,102842.95927872714,21935.127322021013,0.0,0.0,0.0,0.0,0.0
274,0.0,104922.40299804712,21906.742626802545,0.0,0.0,0.0,0.0,0.0
275,0.0,103926.26318161139,22041.318568076043,0.0,0.0,0.0,0.0,0.0
276,0.0,101962.14752349447,22013.395076681198,0.0,0.0,0.0,0.0,0.0
277,0.0,102859.25246313094,21841.426695167993,0.0,0.0,0.0,0.0,0.0
278,0.0,102031.61408883714,21957.15594310421,0.0,0.0,0.0,0.0,0.0
279,0.0,101147.1552421316,22027.0461997525,0.0,0.0,0.0,0.0,0.0
280,0.0,103779.23175804738,22233.54778584458,0.0,0.0,0.0,0.0,0.0
281,0.0,102976.71640560593,22474.4649484897,0.0,0.0,0.0,0.0,0.0
282,0.0,104084.33729598598,22949.30028838326,0.0,0.0,0.0,0.0,0.0
283,0.0,106175.88612751316,23157.216051283976,0.0,0.0,0.0,0.0,0.0
284,0.0,108531.9605176734,23568.69433117958,0.0,0.0,0.0,0.0,0.0
285,0.0,111426.93877716933,24195.715072703842,0.0,0.0,0.0,0.0,0.0
286,0.0,110713.6702451153,24582.75267060168,0.0,0.0,0.0,0.0,0.0
287,0.0,110753.29948164026,24682.18916416008,0.0,0.0,0.0,0.0,0.0
288,0.0,113333.55006980395,25114.23542789613,0.0,0.0,0.0,0.0,0.0
289,0.0,115545.58525248841,25477.649599164735,0.0,0.0,0.0,0.0,0.0
290,0.0,117905.69681622215,25870.453860700007,0.0,0.0,0.0,0.0,0.0
291,0.0,119820.29725153017,26705.639619551348,0.0,0.0,0.0,0.0,0.0
292,0.0,123771.31433433623,26911.99981729261,0.0,0.0,0.0,0.0,0.0
293,0.0,126518.29617340922,27110.746032832638,0.0,0.0,0.0,0.0,0.0
294,0.0,124953.83517680877,26760.546975475216,0.0,0.0,0.0,0.0,0.0
295,0.0,123004.48688321542,26762.92970487309,0.0,0.0,0.0,0.0,0.0
296,0.0,120681.7932506768,26662.542409542035,0.0,0.0,0.0,0.0,0.0
297,0.0,120613.65302855497,26651.06677950638,0.0,0.0,0.0,0.0,0.0
298,0.0,119446.98762967424,26637.279556208,0.0,0.0,0.0,0.0,0.0
299,0.0,119992.1460501574,26489.339915134962,0.0,0.0,0.0,0.0,0.0
300,0.0,119984.96490607524,27002.96419700494,0.0,0.0,0.0,0.0,0.0
301,0.0,118574.36813175402,26921.80563502004,0.0,0.0,0.0,0.0,0.0
302,0.0,120645.35686455888,26981.528085781818,0.0,0.0,0.0,0.0,0.0
303,0.0,122431.68679318436,27287.514715388188,0.0,0.0,0.0,0.0,0.0
304,0.0,126099.1302550847,27798.15479615724,0.0,0.0,0.0,0.0,0.0
305,0.0,128979.00318297568,28321.421744625888,0.0,0.0,0.0,0.0,0.0
306,0.0,131490.72407093106,28468.798808411608,0.0,0.0,0.0,0.0,0.0
307,0.0,130675.303228819,28427.362881136054,0.0,0.0,0.0,0.0,0.0
308,0.0,131294.05043090455,28482.169379721374,0.0,0.0,0.0,0.0,0.0
309,0.0,132986.49958753947,29088.234513423286,0.0,0.0,0.0,0.0,0.0
310,0.0,135345.25119769815,28856.5385938235,0.0,0.0,0.0,0.0,0.0
311,0.0,133903.34963569063,28992.25424065907,0.0,0.0,0.0,0.0,0.0
312,0.0,134418.12756231587,29005.394328762122,0.0,0.0,0.0,0.0,0.0
313,0.0,135698.90194060458,29534.56996548152,0.0,0.0,0.0,0.0,0.0
314,0.0,135634.83498950693,29790.706534516088,0.0,0.0,0.0,0.0,0.0
315,0.0,136676.60985383776,29485.025431505466,0.0,0.0,0.0,0.0,0.0
316,0.0,137853.2338392996,29626.588077124416,0.0,0.0,0.0,0.0,0.0
317,0.0,139519.35536052784,30063.462265209062,0.0,0.0,0.0,0.0,0.0
318,0.0,139593.88209826153,30733.672201871876,0.0,0.0,0.0,0.0,0.0
319,0.0,138953.97863411886,30456.936417106997,0.0,0.0,0.0,0.0,0.0
320,0.0,141997.1353089881,30415.555206048124,0.0,0.0,0.0,0.0,0.0
321,0.0,143696.24462545238,30965.25158497686,0.0,0.0,0.0,0.0,0.0
322,0.0,143346.38771451224,31498.32570121158,0.0,0.0,0.0,0.0,0.0
323,0.0,143388.1229333267,31225.646939448463,0.0,0.0,0.0,0.0,0.0
324,0.0,146748.72733470553,31499.873948016157,0.0,0.0,0.0,0.0,0.0
325,0.0,146498.81022648464,31366.25419312186,0.0,0.0,0.0,0.0,0.0
326,0.0,149379.0519036246,31411.050180239024,0.0,0.0,0.0,0.0,0.0
327,0.0,151902.36027609016,32239.251613508084,0.0,0.0,0.0,0.0,0.0
328,0.0,153915.29639740507,32564.250265545514,0.0,0.0,0.0,0.0,0.0
329,0.0,154832.19683210753,32524.111234205262,0.0,0.0,0.0,0.0,0.0
330,0.0,155357.82951901664,32871.83981992401,0.0,0.0,0.0,0.0,0.0
331,0.0,155433.30479247094,32726.179766444006,0.0,0.0,0.0,0.0,0.0
332,0.0,158034.34063852098,32706.463344133645,0.0,0.0,0.0,0.0,0.0
333,0.0,159664.9739757795,33342.062535663805,0.0,0.0,0.0,0.0,0.0
334,0.0,159597.48707983954,33347.75212927037,0.0,0.0,0.0,0.0,0.0
335,0.0,158510.3731473949,33536.81260311229,0.0,0.0,0.0,0.0,0.0
336,0.0,160618.91348899202,33520.21219647416,0.0,0.0,0.0,0.0,0.0
337,0.0,161210.24267367658,33729.32808259985,0.0,0.0,0.0,0.0,0.0
338,0.0,163834.76633772542,33984.62391304457,0.0,0.0,0.0,0.0,0.0
339,0.0,165940.5071842318,33919.39739055256,0.0,0.0,0.0,0.0,0.0
340,0.0,164845.93400024145,34537.12888058518,0.0,0.0,0.0,0.0,0.0
341,0.0,166693.9120716822,34962.9250699891,0.0,0.0,0.0,0.0,0.0
342,0.0,167719.28008140455,35748.18292761651,0.0,0.0,0.0,0.0,0.0
343,0.0,168540.20540087819,35740.323245340194,0.0,0.0,0.0,0.0,0.0
344,0.0,167032.7278978735,35989.01367587717,0.0,0.0,0.0,0.0,0.0
345,0.0,169202.67493826666,35339.82699239029,0.0,0.0,0.0,0.0,0.0
346,0.0,168759.89519016253,35987.36127092436,0.0,0.0,0.0,0.0,0.0
347,0.0,169003.6849677595,35632.423428960494,0.0,0.0,0.0,0.0,0.0
348,0.0,171262.9730221862,35982.47088951817,0.0,0.0,0.0,0.0,0.0
349,0.0,172438.01743807556,36656.465563839454,0.0,0.0,0.0,0.0,0.0
350,0.0,168144.4669313568,37117.18326951779,0.0,0.0,0.0,0.0,0.0
351,0.0,171569.14889631065,37349.18416108514,0.0,0.0,0.0,0.0,0.0
352,0.0,173064.890745187,38162.04048372994,0.0,0.0,0.0,0.0,0.0
353,0.0,175818.78041184173,38962.30077170066,0.0,0.0,0.0,0.0,0.0
354,0.0,175441.05398858464,39138.783918251596,0.0,0.0,0.0,0.0,0.0
355,0.0,174372.08076401392,38976.135874954074,0.0,0.0,0.0,0.0,0.0
356,0.0,175552.1550963709,39590.10571792423,0.0,0.0,0.0,0.0,0.0
357,0.0,174593.80954184296,39361.86672994859,0.0,0.0,0.0,0.0,0.0
358,0.0,174392.34142616828,40069.58141633996,0.0,0.0,0.0,0.0,0.0
359,0.0,175539.93018112815,40198.73174155249,0.0,0.0,0.0,0.0,0.0
360,0.0,175695.00525972678,41279.68575793575,0.0,0.0,0.0,0.0,0.0
361,0.0,177899.24698383088,41067.33847496425,0.0,0.0,0.0,0.0,0.0
362,0.0,174904.46373418445,41643.53941502145,0.0,0.0,0.0,0.0,0.0
363,0.0,178323.53394530792,42274.86332258645,0.0,0.0,0.0,0.0,0.0
364,0.0,179312.25675029808,42348.784071006296,0.0,0.0,0.0,0.0,0.0
365,0.0,183738.74214432106,43062.01352741501,0.0,0.0,0.0,0.0,0.0
366,0.0,180146.99305441184,43551.717310123764,0.0,0.0,0.0,0.0,0.0
367,0.0,178895.1610723582,44069.98824580897,0.0,0.0,0.0,0.0,0.0
368,0.0,182591.40212524813,45027.848242573375,0.0,0.0,0.0,0.0,0.0
369,0.0,186443.4627773529,45998.22617795642,0.0,0.0,0.0,0.0,0.0
370,0.0,187539.08376139254,46324.68079369294,0.0,0.0,0.0,0.0,0.0
371,0.0,192308.5663710666,46986.11139693392,0.0,0.0,0.0,0.0,0.0
372,0.0,195730.11498539872,48305.71297930973,0.0,0.0,0.0,0.0,0.0
373,0.0,196170.49464222632,48375.49687040112,0.0,0.0,0.0,0.0,0.0
374,0.0,197791.7900837968,48727.33841684287,0.0,0.0,0.0,0.0,0.0
375,0.0,200197.30152712855,48990.04609226251,0.0,0.0,0.0,0.0,0.0
376,0.0,203266.76244850666,49001.61321575938,0.0,0.0,0.0,0.0,0.0
377,0.0,204711.83292503507,49448.49779964342,0.0,0.0,0.0,0.0,0.0
378,0.0,208960.06714587144,49495.89100454544,0.0,0.0,0.0,0.0,0.0
379,0.0,204888.3440520993,49610.20626232442,0.0,0.0,0.0,0.0,0.0
380,0.0,208745.0175011647,50055.530292542106,0.0,0.0,0.0,0.0,0.0
381,0.0,211734.28743759764,49763.37652650277,0.0,0.0,0.0,0.0,0.0
382,0.0,213168.56179509737,50203.29141991182,0.0,0.0,0.0,0.0,0.0
383,0.0,212681.37448082445,50132.87061181632,0.0,0.0,0.0,0.0,0.0
384,0.0,216198.192001975,50752.956965000965,0.0,0.0,0.0,0.0,0.0
385,0.0,217740.84320409934,52091.22352404589,0.0,0.0,0.0,0.0,0.0
386,0.0,218957.2130880141,51792.18337880866,0.0,0.0,0.0,0.0,0.0
387,0.0,220673.5634067357,53064.38685224497,0.0,0.0,0.0,0.0,0.0
388,0.0,219418.82385143763,53277.93072404375,0.0,0.0,0.0,0.0,0.0
389,0.0,223117.78034409226,54086.15023829234,0.0,0.0,0.0,0.0,0.0
390,0.0,225895.1778542131,53702.70654942645,0.0,0.0,0.0,0.0,0.0
391,0.0,224154.81164179722,54289.62079158884,0.0,0.0,0.0,0.0,0.0
392,0.0,223245.2426902107,54918.58463943122,0.0,0.0,0.0,0.0,0.0
393,0.0,225211.73320677492,55966.55605139657,0.0,0.0,0.0,0.0,0.0
394,0.0,226913.67335748932,56267.074441832265,0.0,0.0,0.0,0.0,0.0
395,0.0,231481.3899596287,56161.19941150006,0.0,0.0,0.0,0.0,0.0
396,0.0,233097.1169528841,55980.26482685636,0.0,0.0,0.0,0.0,0.0
397,0.0,231725.71396323177,56267.60283147209,0.0,0.0,0.0,0.0,0.0
398,0.0,235059.23966342217,56782.81030852166,0.0,0.0,0.0,0.0,0.0
399,0.0,235450.1210369804,57610.969614080095,0.0,0.0,0.0,0.0,0.0
400,0.0,235733.25704070827,57444.54755413271,0.0,0.0,0.0,0.0,0.0
401,0.0,241761.53692858134,57659.03159971878,0.0,0.0,0.0,0.0,0.0
402,0.0,246464.6389547048,57984.056268125954,0.0,0.0,0.0,0.0,0.0
403,0.0,251574.1573362166,57771.64620547424,0.0,0.0,0.0,0.0,0.0
404,0.0,245869.39120590923,58604.23627816784,0.0,0.0,0.0,0.0,0.0
405,0.0,251352.63047509824,59257.20546895187,0.0,0.0,0.0,0.0,0.0
406,0.0,255851.56985861354,60832.18538207612,0.0,0.0,0.0,0.0,0.0
407,0.0,261568.98742110145,59876.96304802809,0.0,0.0,0.0,0.0,0.0
408,0.0,262115.51271613536,60397.029968121606,0.0,0.0,0.0,0.0,0.0
409,0.0,255279.5939571893,60463.685343688994,0.0,0.0,0.0,0.0,0.0
410,0.0,255892.881754484,60603.67597438925,0.0,0.0,0.0,0.0,0.0
411,0.0,246317.83627442262,60373.76397336232,0.0,0.0,0.0,0.0,0.0
412,0.0,247217.15299655026,60133.36281391762,0.0,0.0,0.0,0.0,0.0
413,0.0,252102.78615747084,60561.064302227926,0.0,0.0,0.0,0.0,0.0
414,0.0,249237.3701430055,61895.41051689275,0.0,0.0,0.0,0.0,0.0
415,0.0,249092.08883695997,62765.05938535441,0.0,0.0,0.0,0.0,0.0
416,0.0,250964.69613434686,62585.198683856426,0.0,0.0,0.0,0.0,0.0
417,0.0,250691.51691981682,62947.90381692503,0.0,0.0,0.0,0.0,0.0
418,0.0,252338.38101180966,63445.57494847202,0.0,0.0,0.0,0.0,0.0
419,0.0,248245.233844413,63280.7335895727,0.0,0.0,0.0,0.0,0.0
420,0.0,244506.92025596433,64170.41688529157,0.0,0.0,0.0,0.0,0.0
421,0.0,243071.62852060416,64084.40909102829,0.0,0.0,0.0,0.0,0.0
422,0.0,244492.3637205877,64343.56193763628,0.0,0.0,0.0,0.0,0.0
423,0.0,248790.14816136906,64217.02687271594,0.0,0.0,0.0,0.0,0.0
424,0.0,243712.9030188273,65137.48337090565,0.0,0.0,0.0,0.0,0.0
425,0.0,243875.68322552976,65114.976114245,0.0,0.0,0.0,0.0,0.0
426,0.0,248466.14091443413,66544.41652323675,0.0,0.0,0.0,0.0,0.0
427,0.0,251108.9641817073,67232.62920857989,0.0,0.0,0.0,0.0,0.0
428,0.0,251999.4117274173,68921.57959952294,0.0,0.0,0.0,0.0,0.0
429,0.0,248385.16045331056,69846.559476344,0.0,0.0,0.0,0.0,0.0
430,0.0,250839.1101305773,70771.22775926924,0.0,0.0,0.0,0.0,0.0
431,0.0,257787.81332505267,70421.75018677326,0.0,0.0,0.0,0.0,0.0
432,0.0,264820.69016631413,71772.06768974439,0.0,0.0,0.0,0.0,0.0
433,0.0,267694.21003837575,71646.5815176656,0.0,0.0,0.0,0.0,0.0
434,0.0,271737.36721722066,72710.47553853165,0.0,0.0,0.0,0.0,0.0
435,0.0,270702.5925408288,73413.65474049769,0.0,0.0,0.0,0.0,0.0
436,0.0,270384.5391821621,73571.18131986048,0.0,0.0,0.0,0.0,0.0
437,0.0,272067.16861149634,73871.84736001471,0.0,0.0,0.0,0.0,0.0
438,0.0,276709.87123285595,73868.41924244548,0.0,0.0,0.0,0.0,0.0
439,0.0,276095.9007845967,74845.32945979254,0.0,0.0,0.0,0.0,0.0
440,0.0,277344.184593501,75057.38459871274,0.0,0.0,0.0,0.0,0.0
441,0.0,278182.8774013706,74944.96922779338,0.0,0.0,0.0,0.0,0.0
442,0.0,279370.9333505914,75910.94728817741,0.0,0.0,0.0,0.0,0.0
443,0.0,283687.0282296854,77083.42294579551,0.0,0.0,0.0,0.0,0.0
444,0.0,289861.10885476787,77466.20753852477,0.0,0.0,0.0,0.0,0.0
445,0.0,297742.6275239062,78493.33345160968,0.0,0.0,0.0,0.0,0.0
446,0.0,297708.8569023929,78665.76618757694,0.0,0.0,0.0,0.0,0.0
447,0.0,304607.3211731996,79422.53348073983,0.0,0.0,0.0,0.0,0.0
448,0.0,309079.90676495957,80923.35739813933,0.0,0.0,0.0,0.0,0.0
449,0.0,300797.2218745893,82939.56696714343,0.0,0.0,0.0,0.0,0.0
450,0.0,305001.0401089569,83678.03187637066,0.0,0.0,0.0,0.0,0.0
451,0.0,309322.8129949361,83326.2018820811,0.0,0.0,0.0,0.0,0.0
452,0.0,314092.3973108644,83939.67999019353,0.0,0.0,0.0,0.0,0.0
453,0.0,317052.7323213067,83392.97279680871,0.0,0.0,0.0,0.0,0.0
454,0.0,306882.277062158,82098.90734181809,0.0,0.0,0.0,0.0,0.0
455,0.0,307398.96372983826,82755.38953848567,0.0,0.0,0.0,0.0,0.0
456,0.0,311127.14543987194,82873.94579445345,0.0,0.0,0.0,0.0,0.0
457,0.0,320600.32257813535,83382.99322442253,0.0,0.0,0.0,0.0,0.0
458,0.0,321298.68682409916,83870.69987399582,0.0,0.0,0.0,0.0,0.0
459,0.0,325890.4121602843,83152.55610697833,0.0,0.0,0.0,0.0,0.0
460,0.0,326161.19690538326,83285.4958594167,0.0,0.0,0.0,0.0,0.0
461,0.0,329611.69925070816,83710.00162695296,0.0,0.0,0.0,0.0,0.0
462,0.0,327651.4861067955,84234.04028387627,0.0,0.0,0.0,0.0,0.0
463,0.0,320532.02004149376,83640.20642263508,0.0,0.0,0.0,0.0,0.0
464,0.0,320420.8433768974,84711.18630167656,0.0,0.0,0.0,0.0,0.0
465,0.0,323870.9893186407,84340.97143653412,0.0,0.0,0.0,0.0,0.0
466,0.0,330595.0147134608,85723.46211575561,0.0,0.0,0.0,0.0,0.0
467,0.0,326676.39432679536,88936.73206985708,0.0,0.0,0.0,0.0,0.0
468,0.0,331544.78491789347,90645.567269901,0.0,0.0,0.0,0.0,0.0
469,0.0,333363.6433832148,92859.96715621019,0.0,0.0,0.0,0.0,0.0
470,0.0,337162.48895044194,95119.54949755353,0.0,0.0,0.0,0.0,0.0
471,0.0,345233.39998596784,95282.3486711877,0.0,0.0,0.0,0.0,0.0
472,0.0,350475.36208668933,97459.49925812159,0.0,0.0,0.0,0.0,0.0
473,0.0,348922.9996157115,97883.39073745682,0.0,0.0,0.0,0.0,0.0
474,0.0,353706.6375673466,97098.09265622991,0.0,0.0,0.0,0.0,0.0
475,0.0,361274.4030768528,98223.36460566238,0.0,0.0,0.0,0.0,0.0
476,0.0,366894.3042119704,99865.64463522204,0.0,0.0,0.0,0.0,0.0
477,0.0,378909.50523273495,100965.90051860988,0.0,0.0,0.0,0.0,0.0
478,0.0,387974.28101783263,101024.54699356658,0.0,0.0,0.0,0.0,0.0
479,0.0,398938.6708392865,103487.26580806402,0.0,0.0,0.0,0.0,0.0
480,0.0,407243.1700253487,105734.93868956724,0.0,0.0,0.0,0.0,0.0
481,0.0,410086.3294781716,106427.36484477157,0.0,0.0,0.0,0.0,0.0
482,0.0,421857.8359890188,106645.74684776925,0.0,0.0,0.0,0.0,0.0
483,0.0,428097.9148911817,109684.28840329414,0.0,0.0,0.0,0.0,0.0
484,0.0,432660.7360442997,113040.76259875113,0.0,0.0,0.0,0.0,0.0
485,0.0,430474.9345507879,112764.3910082118,0.0,0.0,0.0,0.0,0.0
486,0.0,444956.1336998327,113795.81692339682,0.0,0.0,0.0,0.0,0.0
487,0.0,459792.86440138606,114808.88285566105,0.0,0.0,0.0,0.0,0.0
488,0.0,458302.76729162614,115866.81822181605,0.0,0.0,0.0,0.0,0.0
489,0.0,466818.6821292951,116140.8573957746,0.0,0.0,0.0,0.0,0.0
490,0.0,471788.2029152259,117672.76294247391,0.0,0.0,0.0,0.0,0.0
491,0.0,460310.74658546183,117965.6923417887,0.0,0.0,0.0,0.0,0.0
492,0.0,472332.9647941983,119281.89297047976,0.0,0.0,0.0,0.0,0.0
493,0.0,486958.6564762375,119959.99117306573,0.0,0.0,0.0,0.0,0.0
494,0.0,488527.2354790828,120727.369822534,0.0,0.0,0.0,0.0,0.0
495,0.0,499521.6486099979,121678.73228846815,0.0,0.0,0.0,0.0,0.0
496,0.0,510835.0008641965,122962.50045085613,0.0,0.0,0.0,0.0,0.0
497,0.0,519165.28355581,125046.69528729307,0.0,0.0,0.0,0.0,0.0
498,0.0,526346.6709804912,125623.68553116654,0.0,0.0,0.0,0.0,0.0
499,0.0,532530.8276282054,127594.69262075839,0.0,0.0,0.0,0.0,0.0
500,0.0,540351.3213469513,125930.93141335544,0.0,0.0,0.0,0.0,0.0
501,0.0,538199.6646697263,126907.54854402939,0.0,0.0,0.0,0.0,0.0
502,0.0,539971.7026645488,126526.64583793265,0.0,0.0,0.0,0.0,0.0
503,0.0,546643.5900913582,128367.98457113536,0.0,0.0,0.0,0.0,0.0
504,0.0,551277.7454284725,130036.30691970604,0.0,0.0,0.0,0.0,0.0
505,0.0,552010.6759302635,130124.31471819842,0.0,0.0,0.0,0.0,0.0
506,0.0,556408.8418695648,129560.04308140311,0.0,0.0,0.0,0.0,0.0
507,0.0,562331.1400255979,130657.44077322155,0.0,0.0,0.0,0.0,0.0
508,0.0,568301.1591488031,132765.02494460085,0.0,0.0,0.0,0.0,0.0
509,0.0,567649.3817802187,134396.27664322653,0.0,0.0,0.0,0.0,0.0
510,0.0,584282.1558880009,137474.77204268248,0.0,0.0,0.0,0.0,0.0
511,0.0,592831.7309439334,136915.89478162437,0.0,0.0,0.0,0.0,0.0
512,0.0,589663.2167157311,138707.01911620563,0.0,0.0,0.0,0.0,0.0
513,0.0,598378.3324319059,139252.18565438956,0.0,0.0,0.0,0.0,0.0
514,0.0,594961.3217271976,142789.31000352796,0.0,0.0,0.0,0.0,0.0
515,0.0,613020.923831307,143367.6015742379,0.0,0.0,0.0,0.0,0.0
516,0.0,630018.5351233329,144293.86422728392,0.0,0.0,0.0,0.0,0.0
517,0.0,634610.2119763532,148469.47797002396,0.0,0.0,0.0,0.0,0.0
518,0.0,646413.1637762826,150308.40009806797,0.0,0.0,0.0,0.0,0.0
519,0.0,653068.7271652466,152424.86902065072,0.0,0.0,0.0,0.0,0.0
520,0.0,665178.605355643,152494.38391784552,0.0,0.0,0.0,0.0,0.0
521,0.0,675116.2809931887,153538.21461497617,0.0,0.0,0.0,0.0,0.0
522,0.0,689263.1150398715,153365.31546345438,0.0,0.0,0.0,0.0,0.0
523,0.0,690391.904407804,155489.39739254565,0.0,0.0,0.0,0.0,0.0
524,0.0,697867.5669328725,156073.28350985787,0.0,0.0,0.0,0.0,0.0
525,0.0,712565.7227456556,157577.35354739602,0.0,0.0,0.0,0.0,0.0
526,0.0,717858.8241267145,156630.11603265294,0.0,0.0,0.0,0.0,0.0
527,0.0,724741.3506459242,156589.96667890047,0.0,0.0,0.0,0.0,0.0
528,0.0,733498.4975597498,158678.4021376593,0.0,0.0,0.0,0.0,0.0
529,0.0,744389.4029246306,159118.0401140356,0.0,0.0,0.0,0.0,0.0
530,0.0,754591.0304097629,160209.37181522866,0.0,0.0,0.0,0.0,0.0
531,0.0,765162.9570160119,162027.43409069645,0.0,0.0,0.0,0.0,0.0
532,0.0,765969.0126309673,161185.4944083624,0.0,0.0,0.0,0.0,0.0
533,0.0,780077.2225197434,160698.22384391064,0.0,0.0,0.0,0.0,0.0
534,0.0,781344.9276758971,161077.1996257111,0.0,0.0,0.0,0.0,0.0
535,0.0,777576.9153532487,160964.96555007508,0.0,0.0,0.0,0.0,0.0
536,0.0,787976.4703541019,164319.09637983597,0.0,0.0,0.0,0.0,0.0
537,0.0,781041.4173795143,163866.52340694497,0.0,0.0,0.0,0.0,0.0
538,0.0,785078.8887168469,164534.47627701442,0.0,0.0,0.0,0.0,0.0
539,0.0,771317.3702708893,163795.94008017486,0.0,0.0,0.0,0.0,0.0
540,0.0,776304.0445288918,163941.11263311922,0.0,0.0,0.0,0.0,0.0
541,0.0,780105.4137089339,163590.44166418194,0.0,0.0,0.0,0.0,0.0
542,0.0,786038.370679287,165377.1468283781,0.0,0.0,0.0,0.0,0.0
543,0.0,790208.3160279766,167877.2190811073,0.0,0.0,0.0,0.0,0.0
544,0.0,790687.6480281687,171974.73462180348,0.0,0.0,0.0,0.0,0.0
545,0.0,791421.821609253,171160.41331915732,0.0,0.0,0.0,0.0,0.0
546,0.0,799712.1298771914,175283.46354766106,0.0,0.0,0.0,0.0,0.0
547,0.0,789767.462294957,178105.4191397307,0.0,0.0,0.0,0.0,0.0
548,0.0,808265.4360026802,180523.7734652313,0.0,0.0,0.0,0.0,0.0
549,0.0,812544.913756791,181977.28350744167,0.0,0.0,0.0,0.0,0.0
550,0.0,827763.8750489841,184598.09725874825,0.0,0.0,0.0,0.0,0.0
551,0.0,830906.7353643845,185975.57601432188,0.0,0.0,0.0,0.0,0.0
552,0.0,845167.7083487392,186895.45478595927,0.0,0.0,0.0,0.0,0.0
553,0.0,866197.1586959445,186405.0806798786,0.0,0.0,0.0,0.0,0.0
554,0.0,861368.1477160442,187292.66744800453,0.0,0.0,0.0,0.0,0.0
555,0.0,855556.9752999735,187156.0334994024,0.0,0.0,0.0,0.0,0.0
556,0.0,857819.5511458127,190109.72358362333,0.0,0.0,0.0,0.0,0.0
557,0.0,863254.6726677024,189736.2870301323,0.0,0.0,0.0,0.0,0.0
558,0.0,855732.384860994,192466.57342298186,0.0,0.0,0.0,0.0,0.0
559,0.0,858529.2375219918,192116.15303763267,0.0,0.0,0.0,0.0,0.0
560,0.0,866738.7497560559,195563.0481787206,0.0,0.0,0.0,0.0,0.0
561,0.0,880298.2034419501,195244.1631853718,0.0,0.0,0.0,0.0,0.0
562,0.0,897017.8570641265,199651.3429847084,0.0,0.0,0.0,0.0,0.0
563,0.0,900671.7456928507,201984.9188543648,0.0,0.0,0.0,0.0,0.0
564,0.0,909497.6911425344,204069.52451119162,0.0,0.0,0.0,0.0,0.0
565,0.0,930755.5296555688,207881.57822508292,0.0,0.0,0.0,0.0,0.0
566,0.0,935373.5083751229,207167.66454391982,0.0,0.0,0.0,0.0,0.0
567,0.0,951734.9397892187,209439.1804484086,0.0,0.0,0.0,0.0,0.0
568,0.0,947677.3498568055,211869.67315291372,0.0,0.0,0.0,0.0,0.0
569,0.0,958913.8561053044,211032.81464318343,0.0,0.0,0.0,0.0,0.0
570,0.0,971566.1884635205,212053.4476358641,0.0,0.0,0.0,0.0,0.0
571,0.0,985344.1236822618,211536.47404557772,0.0,0.0,0.0,0.0,0.0
572,0.0,991874.0211457431,212811.43660366628,0.0,0.0,0.0,0.0,0.0
573,0.0,1002264.4011062018,213174.19138772145,0.0,0.0,0.0,0.0,0.0
574,0.0,999140.687851524,214168.35707377183,0.0,0.0,0.0,0.0,0.0
575,0.0,981289.9578367587,214441.35424780688,0.0,0.0,0.0,0.0,0.0
576,0.0,994462.887200727,214849.240821102,0.0,0.0,0.0,0.0,0.0
577,0.0,995454.2943795505,216386.04176355162,0.0,0.0,0.0,0.0,0.0
578,0.0,990062.3480034857,217321.2327064465,0.0,0.0,0.0,0.0,0.0
579,0.0,994997.6248969375,216916.40735682155,0.0,0.0,0.0,0.0,0.0
580,0.0,1009635.357012993,220148.32067354402,0.0,0.0,0.0,0.0,0.0
581,0.0,1007259.796913639,223488.95610989246,0.0,0.0,0.0,0.0,0.0
582,0.0,1022863.4187996532,225213.06292337395,0.0,0.0,0.0,0.0,0.0
583,0.0,1023100.0091774405,230539.53837876648,0.0,0.0,0.0,0.0,0.0
584,0.0,1042276.7828340469,232634.86335871415,0.0,0.0,0.0,0.0,0.0
585,0.0,1056145.8612981585,239330.41224620966,0.0,0.0,0.0,0.0,0.0
586,0.0,1056246.4571795422,245637.82150193083,0.0,0.0,0.0,0.0,0.0
587,0.0,1070384.950205212,248494.96415811862,0.0,0.0,0.0,0.0,0.0
588,0.0,1095288.1027379239,252283.27218457687,0.0,0.0,0.0,0.0,0.0
589,0.0,1126950.3255655882,254993.92709897153,0.0,0.0,0.0,0.0,0.0
590,0.0,1154992.2103268087,262557.599665585,0.0,0.0,0.0,0.0,0.0
591,0.0,1183439.0336098918,266996.4179251532,0.0,0.0,0.0,0.0,0.0
592,0.0,1149006.5506349402,270965.626479178,0.0,0.0,0.0,0.0,0.0
593,0.0,1179711.3457647378,270787.4427826967,0.0,0.0,0.0,0.0,0.0
594,0.0,1181056.0440408932,270946.16620667744,0.0,0.0,0.0,0.0,0.0
595,0.0,1174089.079505509,268081.83680191863,0.0,0.0,0.0,0.0,0.0
596,0.0,1183354.3023903163,269984.10882659507,0.0,0.0,0.0,0.0,0.0
597,0.0,1160951.0933197378,267706.23390928336,0.0,0.0,0.0,0.0,0.0
598,0.0,1180756.5604235488,267082.82711920893,0.0,0.0,0.0,0.0,0.0
599,0.0,1194830.6485059648,267903.1200208168,0.0,0.0,0.0,0.0,0.0
600,0.0,1211313.2801144428,272287.3293881969,0.0,0.0,0.0,0.0,0.0
601,0.0,1201192.907997265,273591.48104107444,0.0,0.0,0.0,0.0,0.0
602,0.0,1233863.3629406581,280829.48066750047,0.0,0.0,0.0,0.0,0.0
603,0.0,1244873.1929474717,282465.4369884598,0.0,0.0,0.0,0.0,0.0
604,0.0,1262066.6866868576,289151.0509423421,0.0,0.0,0.0,0.0,0.0
605,0.0,1283243.9729461223,292076.58711927204,0.0,0.0,0.0,0.0,0.0
606,0.0,1308988.5474879863,301093.8219764413,0.0,0.0,0.0,0.0,0.0
607,0.0,1340736.7623961584,299688.8913197698,0.0,0.0,0.0,0.0,0.0
608,0.0,1360770.6074432721,301447.0523356519,0.0,0.0,0.0,0.0,0.0
609,0.0,1330630.508860961,302882.38662814605,0.0,0.0,0.0,0.0,0.0
610,0.0,1345942.6635740555,300528.40475568245,0.0,0.0,0.0,0.0,0.0
611,0.0,1336449.66712218,298157.6528165756,0.0,0.0,0.0,0.0,0.0
612,0.0,1338613.260165468,296065.2228561313,0.0,0.0,0.0,0.0,0.0
613,0.0,1334652.9042106979,296222.3565009404,0.0,0.0,0.0,0.0,0.0
614,0.0,1337533.180860678,297063.550631395,0.0,0.0,0.0,0.0,0.0
615,0.0,1341097.586075611,298932.4098923336,0.0,0.0,0.0,0.0,0.0
616,0.0,1355316.7289179387,296094.9160938415,0.0,0.0,0.0,0.0,0.0
617,0.0,1344308.1364389947,300411.4853596155,0.0,0.0,0.0,0.0,0.0
618,0.0,1334914.6500623613,299218.4704976123,0.0,0.0,0.0,0.0,0.0
619,0.0,1307369.6722803528,302780.02565869153,0.0,0.0,0.0,0.0,0.0
620,0.0,1307320.0245791175,303855.62310283433,0.0,0.0,0.0,0.0,0.0
621,0.0,1319619.7968346276,309211.24263394804,0.0,0.0,0.0,0.0,0.0
622,0.0,1348413.959077602,314187.38767908455,0.0,0.0,0.0,0.0,0.0
623,0.0,1348540.9389809263,318551.5371441359,0.0,0.0,0.0,0.0,0.0
624,0.0,1363510.424560292,321862.5997228396,0.0,0.0,0.0,0.0,0.0
625,0.0,1379164.593595598,327663.1892968335,0.0,0.0,0.0,0.0,0.0
626,0.0,1411297.8647601986,332628.24888607196,0.0,0.0,0.0,0.0,0.0
627,0.0,1432622.394705618,347272.2606667471,0.0,0.0,0.0,0.0,0.0
628,0.0,1471056.4370037427,356885.52187362564,0.0,0.0,0.0,0.0,0.0
629,0.0,1486907.021133126,370555.0863877056,0.0,0.0,0.0,0.0,0.0
630,0.0,1519469.0230811965,377150.0316590742,0.0,0.0,0.0,0.0,0.0
631,0.0,1549385.9598683037,383551.41950281465,0.0,0.0,0.0,0.0,0.0
632,0.0,1603493.6302118935,382860.6643496966,0.0,0.0,0.0,0.0,0.0
633,0.0,1614039.994249586,384035.56794977374,0.0,0.0,0.0,0.0,0.0
634,0.0,1542182.6114826766,388162.7298860029,0.0,0.0,0.0,0.0,0.0
635,0.0,1544727.641774869,387960.24045379827,0.0,0.0,0.0,0.0,0.0
636,0.0,1574670.7808931987,389007.11928167415,0.0,0.0,0.0,0.0,0.0
637,0.0,1568583.871429966,388496.8738260331,0.0,0.0,0.0,0.0,0.0
638,0.0,1606367.4141282137,392767.32161492464,0.0,0.0,0.0,0.0,0.0
639,0.0,1631159.89931179,395368.6561719687,0.0,0.0,0.0,0.0,0.0
640,0.0,1649328.7046963552,398107.08788714075,0.0,0.0,0.0,0.0,0.0
641,0.0,1624508.6113355486,398528.8579091041,0.0,0.0,0.0,0.0,0.0
642,0.0,1645334.5267218295,395695.02449532854,0.0,0.0,0.0,0.0,0.0
643,0.0,1683332.4296276907,398739.0105035521,0.0,0.0,0.0,0.0,0.0
644,0.0,1722032.1272064627,405101.27103519463,0.0,0.0,0.0,0.0,0.0
645,0.0,1764645.6276661716,407892.3266748742,0.0,0.0,0.0,0.0,0.0
646,0.0,1780936.1595017947,412721.62661330204,0.0,0.0,0.0,0.0,0.0
647,0.0,1792250.2634316862,414174.9965466775,0.0,0.0,0.0,0.0,0.0
648,0.0,1821297.6105218932,412445.1095736131,0.0,0.0,0.0,0.0,0.0
649,0.0,1861800.4209989933,414274.7352473227,0.0,0.0,0.0,0.0,0.0
650,0.0,1876834.4542899996,424117.1931401704,0.0,0.0,0.0,0.0,0.0
651,0.0,1913284.7873764215,426135.00719463127,0.0,0.0,0.0,0.0,0.0
652,0.0,1934326.0564159965,431656.75388278184,0.0,0.0,0.0,0.0,0.0
653,0.0,1958955.7535726442,433925.21801904397,0.0,0.0,0.0,0.0,0.0
654,0.0,1931225.91310345,433737.6015000984,0.0,0.0,0.0,0.0,0.0
655,0.0,1957096.0510866863,438949.5557404888,0.0,0.0,0.0,0.0,0.0
656,0.0,1948636.6703641475,442122.9417490701,0.0,0.0,0.0,0.0,0.0
657,0.0,1954640.4185911696,447869.49974957027,0.0,0.0,0.0,0.0,0.0
658,0.0,1932624.7494328904,445009.14168742334,0.0,0.0,0.0,0.0,0.0
659,0.0,1939646.6695997855,446645.56112423167,0.0,0.0,0.0,0.0,0.0
660,0.0,1921578.2156438697,445196.26873440953,0.0,0.0,0.0,0.0,0.0
661,0.0,1936698.8614905942,444416.32236391323,0.0,0.0,0.0,0.0,0.0
662,0.0,1947388.9318980016,452877.94839735155,0.0,0.0,0.0,0.0,0.0
663,0.0,1972333.5560236413,457311.2738139211,0.0,0.0,0.0,0.0,0.0
664,0.0,2007877.0080156552,460303.842807199,0.0,0.0,0.0,0.0,0.0
665,0.0,2036432.1388045587,460634.40522970876,0.0,0.0,0.0,0.0,0.0
666,0.0,2076229.5298208962,456457.7059364787,0.0,0.0,0.0,0.0,0.0
667,0.0,2069091.4967278545,459043.25770294364,0.0,0.0,0.0,0.0,0.0
668,0.0,2026077.8874537204,459461.99512770853,0.0,0.0,0.0,0.0,0.0
669,0.0,2023173.7993201697,464233.54931422457,0.0,0.0,0.0,0.0,0.0
670,0.0,2042491.5184958775,464127.02604367107,0.0,0.0,0.0,0.0,0.0
671,0.0,2059648.4876472668,463681.1502103612,0.0,0.0,0.0,0.0,0.0
672,0.0,2066720.8742884274,461096.54179251165,0.0,0.0,0.0,0.0,0.0
673,0.0,2058485.0824290277,468399.840254848,0.0,0.0,0.0,0.0,0.0
674,0.0,2050863.6422276045,467875.7663200865,0.0,0.0,0.0,0.0,0.0
675,0.0,2051688.3377494568,465523.9140310244,0.0,0.0,0.0,0.0,0.0
676,0.0,2041967.536042752,462849.40129940055,0.0,0.0,0.0,0.0,0.0
677,0.0,1971248.4723373847,469130.7915357366,0.0,0.0,0.0,0.0,0.0
678,0.0,1977114.5761530485,471522.34872803814,0.0,0.0,0.0,0.0,0.0
679,0.0,1962830.4521997597,478006.3925434148,0.0,0.0,0.0,0.0,0.0
680,0.0,1952046.0435189675,479546.4703364437,0.0,0.0,0.0,0.0,0.0
681,0.0,1946115.3772455784,477960.3997958596,0.0,0.0,0.0,0.0,0.0
682,0.0,1928271.26370538,478962.4160362454,0.0,0.0,0.0,0.0,0.0
683,0.0,1922528.0360127434,483491.7618284621,0.0,0.0,0.0,0.0,0.0
684,0.0,1959863.2903836835,479931.9662001316,0.0,0.0,0.0,0.0,0.0
685,0.0,1986990.8760271117,483805.6472881385,0.0,0.0,0.0,0.0,0.0
686,0.0,2010466.7313443106,494789.99236215604,0.0,0.0,0.0,0.0,0.0
687,0.0,2010503.7104937388,496521.07256346836,0.0,0.0,0.0,0.0,0.0
688,0.0,2018943.58892434,503086.5440411279,0.0,0.0,0.0,0.0,0.0
689,0.0,1995649.4610001643,506030.55477464554,0.0,0.0,0.0,0.0,0.0
690,0.0,1991122.7278012563,505876.03928481723,0.0,0.0,0.0,0.0,0.0
691,0.0,2043254.3447883227,507062.24032590905,0.0,0.0,0.0,0.0,0.0
692,0.0,2035616.424163275,507403.04663451714,0.0,0.0,0.0,0.0,0.0
693,0.0,2002709.3605659187,505379.6191195019,0.0,0.0,0.0,0.0,0.0
694,0.0,2006560.2171753342,505923.4510302531,0.0,0.0,0.0,0.0,0.0
695,0.0,1940537.161906259,509029.64685111935,0.0,0.0,0.0,0.0,0.0
696,0.0,1750666.6428873506,523189.8794827912,0.0,0.0,0.0,0.0,0.0
697,0.0,1763549.0549566273,519622.50137304317,0.0,0.0,0.0,0.0,0.0
698,0.0,1803876.699963556,531692.4469964904,0.0,0.0,0.0,0.0,0.0
699,0.0,1798437.3502715009,556713.892142953,0.0,0.0,0.0,0.0,0.0
700,0.0,1754819.6161121011,552624.8051257263,0.0,0.0,0.0,0.0,0.0
701,0.0,1712433.155638417,545143.4654356332,0.0,0.0,0.0,0.0,0.0
702,0.0,1724800.8644330027,548989.657669016,0.0,0.0,0.0,0.0,0.0
703,0.0,1758277.077682455,550240.5421087907,0.0,0.0,0.0,0.0,0.0
704,0.0,1744302.9238371742,570648.2630425175,0.0,0.0,0.0,0.0,0.0
705,0.0,1725041.4670061828,564344.7320634313,0.0,0.0,0.0,0.0,0.0
706,0.0,1738685.7708205679,572655.4022414554,0.0,0.0,0.0,0.0,0.0
707,0.0,1771851.6047529278,582115.2263927906,0.0,0.0,0.0,0.0,0.0
708,0.0,1767637.615940858,582891.8889080426,0.0,0.0,0.0,0.0,0.0
709,0.0,1798210.6324639474,590400.4703761383,0.0,0.0,0.0,0.0,0.0
710,0.0,1846188.1051593688,591455.2845447336,0.0,0.0,0.0,0.0,0.0
711,0.0,1886476.6293924784,605938.2992230294,0.0,0.0,0.0,0.0,0.0
712,0.0,1884878.6730845983,620335.0111384438,0.0,0.0,0.0,0.0,0.0
713,0.0,1910736.7600134516,622502.8333284874,0.0,0.0,0.0,0.0,0.0
714,0.0,1969594.4203232278,629520.2768293545,0.0,0.0,0.0,0.0,0.0
715,0.0,1995132.6691685773,647952.9778773927,0.0,0.0,0.0,0.0,0.0
716,0.0,1980645.1039331697,641480.0033442376,0.0,0.0,0.0,0.0,0.0
717,0.0,2008170.9953655943,637208.897578561,0.0,0.0,0.0,0.0,0.0
718,0.0,2037824.2841865951,641848.2258794815,0.0,0.0,0.0,0.0,0.0
719,0.0,2024394.4284396537,631716.5501819137,0.0,0.0,0.0,0.0,0.0
720,0.0,1993249.2854621096,628506.8074543404,0.0,0.0,0.0,0.0,0.0
721,0.0,2028313.197810246,631432.1488851012,0.0,0.0,0.0,0.0,0.0
722,0.0,1995940.4454995994,637058.8535993365,0.0,0.0,0.0,0.0,0.0
723,0.0,2020069.43316777,639287.058257146,0.0,0.0,0.0,0.0,0.0
724,0.0,2052634.8783640289,661590.4541848747,0.0,0.0,0.0,0.0,0.0
725,0.0,2012649.567955392,676330.5009397567,0.0,0.0,0.0,0.0,0.0
726,0.0,2049167.9112754718,683699.1820068725,0.0,0.0,0.0,0.0,0.0
727,0.0,2093731.7567231003,693188.5105609433,0.0,0.0,0.0,0.0,0.0
728,0.0,2161035.3764068154,699569.1871175056,0.0,0.0,0.0,0.0,0.0
729,0.0,2167183.410584974,708890.28420892,0.0,0.0,0.0,0.0,0.0
730,0.0,2164569.7590337624,711513.3184655883,0.0,0.0,0.0,0.0,0.0
731,0.0,2235480.0112143126,718894.5608444649,0.0,0.0,0.0,0.0,0.0
732,0.0,2307852.362664233,724357.6419928074,0.0,0.0,0.0,0.0,0.0
733,0.0,2234849.6382126664,725947.3624916557,0.0,0.0,0.0,0.0,0.0
734,0.0,2287914.519143563,732553.483473085,0.0,0.0,0.0,0.0,0.0
735,0.0,2273304.8805802898,733302.0807554726,0.0,0.0,0.0,0.0,0.0
736,0.0,2313290.918967189,720567.7462350752,0.0,0.0,0.0,0.0,0.0
737,0.0,2365089.0129421083,722050.3968191004,0.0,0.0,0.0,0.0,0.0
738,0.0,2257675.985875384,725379.8358338407,0.0,0.0,0.0,0.0,0.0
739,0.0,2265898.427828356,722296.4141520241,0.0,0.0,0.0,0.0,0.0
740,0.0,2266768.9667715603,711286.3848841818,0.0,0.0,0.0,0.0,0.0
741,0.0,2256826.2941760262,715303.6847843819,0.0,0.0,0.0,0.0,0.0
742,0.0,2188057.838012231,722001.0088169049,0.0,0.0,0.0,0.0,0.0
743,0.0,2215399.8924011216,723122.5130705783,0.0,0.0,0.0,0.0,0.0
744,0.0,2220949.224803403,723203.2223302549,0.0,0.0,0.0,0.0,0.0
745,0.0,2221552.169980635,716641.8785555493,0.0,0.0,0.0,0.0,0.0
746,0.0,2243308.278688003,728056.497029117,0.0,0.0,0.0,0.0,0.0
747,0.0,2289061.515239274,747126.2046353511,0.0,0.0,0.0,0.0,0.0
748,0.0,2324395.6150359274,778651.1227749294,0.0,0.0,0.0,0.0,0.0
749,0.0,2396433.6525332425,788304.4678898334,0.0,0.0,0.0,0.0,0.0
750,0.0,2385439.3150134864,806962.9721613458,0.0,0.0,0.0,0.0,0.0
751,0.0,2383294.045620258,807075.2217768292,0.0,0.0,0.0,0.0,0.0
752,0.0,2464788.2814042876,821087.7309248141,0.0,0.0,0.0,0.0,0.0
753,0.0,2428704.7663464393,845067.6828459923,0.0,0.0,0.0,0.0,0.0
754,0.0,2539870.707112719,869225.9496041441,0.0,0.0,0.0,0.0,0.0
755,0.0,2577501.0998118436,887804.3251364127,0.0,0.0,0.0,0.0,0.0
756,0.0,2631886.7438093587,881132.8403255364,0.0,0.0,0.0,0.0,0.0
757,0.0,2636318.9849727163,899523.4145564804,0.0,0.0,0.0,0.0,0.0
758,0.0,2655141.1850332515,898646.6460103953,0.0,0.0,0.0,0.0,0.0
759,0.0,2639255.1992901876,901605.1057912171,0.0,0.0,0.0,0.0,0.0
760,0.0,2739310.771743477,901710.2343928597,0.0,0.0,0.0,0.0,0.0
761,0.0,2622703.381075602,921287.8764487074,0.0,0.0,0.0,0.0,0.0
762,0.0,2664681.102240791,894960.5673967763,0.0,0.0,0.0,0.0,0.0
763,0.0,2718290.5831359546,896819.0100936837,0.0,0.0,0.0,0.0,0.0
764,0.0,2673045.7577654966,907281.2378660202,0.0,0.0,0.0,0.0,0.0
765,0.0,2640589.0167262144,903785.4497869387,0.0,0.0,0.0,0.0,0.0
766,0.0,2625126.586261847,911134.3127385092,0.0,0.0,0.0,0.0,0.0
767,0.0,2614258.7521605347,919690.0960592855,0.0,0.0,0.0,0.0,0.0
768,0.0,2711404.5170648894,925658.689723853,0.0,0.0,0.0,0.0,0.0
769,0.0,2714791.7006242615,934995.6748364444,0.0,0.0,0.0,0.0,0.0
770,0.0,2634672.149445281,928137.5339455724,0.0,0.0,0.0,0.0,0.0
771,0.0,2632294.693986408,938376.8500624391,0.0,0.0,0.0,0.0,0.0
772,0.0,2636557.3354269178,940549.76649015,0.0,0.0,0.0,0.0,0.0
773,0.0,2698213.7965559755,940911.0822424566,0.0,0.0,0.0,0.0,0.0
774,0.0,2769496.1060241903,960663.3898777635,0.0,0.0,0.0,0.0,0.0
775,0.0,2749973.79538671,966901.5324654764,0.0,0.0,0.0,0.0,0.0
776,0.0,2743765.466741015,961702.8142116776,0.0,0.0,0.0,0.0,0.0
777,0.0,2864379.564518825,961430.2849773082,0.0,0.0,0.0,0.0,0.0
778,0.0,2791933.454963924,1002638.1365169404,0.0,0.0,0.0,0.0,0.0
779,0.0,2870066.860921581,1016573.5828911348,0.0,0.0,0.0,0.0,0.0
780,0.0,2970245.2935211775,1022088.5923414433,0.0,0.0,0.0,0.0,0.0
781,0.0,3013015.0074855518,1041518.9208362956,0.0,0.0,0.0,0.0,0.0
782,0.0,2686146.579431369,1017606.5057735558,0.0,0.0,0.0,0.0,0.0
783,0.0,2749228.3500374528,1015175.1070756881,0.0,0.0,0.0,0.0,0.0
784,0.0,2816879.9124536407,1045448.4421302901,0.0,0.0,0.0,0.0,0.0
785,0.0,2866015.5579939606,1041593.4000021538,0.0,0.0,0.0,0.0,0.0
786,0.0,2964127.8493075,1033433.0146016228,0.0,0.0,0.0,0.0,0.0
787,0.0,2981262.8166749543,1036510.3759301128,0.0,0.0,0.0,0.0,0.0
788,0.0,3019965.7701204666,1033789.8860723192,0.0,0.0,0.0,0.0,0.0
789,0.0,3046448.509680973,1053448.4504490916,0.0,0.0,0.0,0.0,0.0
790,0.0,3083174.431067299,1086057.7062251072,0.0,0.0,0.0,0.0,0.0
791,0.0,3117370.39149529,1099055.5586196338,0.0,0.0,0.0,0.0,0.0
792,0.0,3254493.039994384,1145027.1479271776,0.0,0.0,0.0,0.0,0.0
793,0.0,3390158.569163625,1169185.9439021812,0.0,0.0,0.0,0.0,0.0
794,0.0,3544768.8353446564,1185043.1195753955,0.0,0.0,0.0,0.0,0.0
795,0.0,3637935.2235174743,1222313.7325978437,0.0,0.0,0.0,0.0,0.0
796,0.0,3744463.6488339584,1256939.4553235238,0.0,0.0,0.0,0.0,0.0
797,0.0,3803460.6072249874,1275015.1385132405,0.0,0.0,0.0,0.0,0.0
798,0.0,3882168.331331081,1270593.87463408,0.0,0.0,0.0,0.0,0.0
799,0.0,3964311.335639853,1280466.4083924452,0.0,0.0,0.0,0.0,0.0
800,0.0,4026603.3125566673,1284036.5186432258,0.0,0.0,0.0,0.0,0.0
801,0.0,4117974.4194809715,1277397.1754403652,0.0,0.0,0.0,0.0,0.0
802,0.0,4055590.0547339553,1285812.613503491,0.0,0.0,0.0,0.0,0.0
803,0.0,4099266.011276075,1284519.5898144261,0.0,0.0,0.0,0.0,0.0
804,0.0,4091871.737784768,1281745.5392354126,0.0,0.0,0.0,0.0,0.0
805,0.0,4064439.771749695,1279732.2002716812,0.0,0.0,0.0,0.0,0.0
806,0.0,4031177.751952073,1301621.4137407183,0.0,0.0,0.0,0.0,0.0
807,0.0,3994151.154658128,1289151.2726258533,0.0,0.0,0.0,0.0,0.0
808,0.0,4046458.4948201505,1274076.0330249374,0.0,0.0,0.0,0.0,0.0
809,0.0,4030420.599462298,1299159.7921013164,0.0,0.0,0.0,0.0,0.0
810,0.0,4067037.5787238097,1319858.4321168151,0.0,0.0,0.0,0.0,0.0
811,0.0,4123694.6018651184,1303242.6789881745,0.0,0.0,0.0,0.0,0.0
812,0.0,4140286.0021897824,1300206.5936588177,0.0,0.0,0.0,0.0,0.0
813,0.0,4214803.677820061,1290454.4298288506,0.0,0.0,0.0,0.0,0.0
814,0.0,4285232.586102825,1313792.3016194128,0.0,0.0,0.0,0.0,0.0
815,0.0,4334692.817035756,1337243.6654861153,0.0,0.0,0.0,0.0,0.0
816,0.0,4428131.202276812,1366192.6309116276,0.0,0.0,0.0,0.0,0.0
817,0.0,4453093.636017543,1407914.4459159719,0.0,0.0,0.0,0.0,0.0
818,0.0,4540181.959790636,1408776.4590581427,0.0,0.0,0.0,0.0,0.0
819,0.0,4617580.652582055,1424358.8427546679,0.0,0.0,0.0,0.0,0.0
820,0.0,4770758.076523807,1434816.0860702284,0.0,0.0,0.0,0.0,0.0
821,0.0,4887947.135829789,1474171.5748966278,0.0,0.0,0.0,0.0,0.0
822,0.0,4864913.237058358,1488881.8376046445,0.0,0.0,0.0,0.0,0.0
823,0.0,4779827.460044856,1480595.9299057939,0.0,0.0,0.0,0.0,0.0
824,0.0,4747192.513077938,1499493.2142036383,0.0,0.0,0.0,0.0,0.0
825,0.0,4733216.082061886,1494013.8730607647,0.0,0.0,0.0,0.0,0.0
826,0.0,4772510.00044071,1481513.9485480355,0.0,0.0,0.0,0.0,0.0
827,0.0,4791195.575641058,1482571.6090422713,0.0,0.0,0.0,0.0,0.0
828,0.0,4850096.402955491,1494446.331679515,0.0,0.0,0.0,0.0,0.0
829,0.0,4946690.927362645,1536291.4039624739,0.0,0.0,0.0,0.0,0.0
830,0.0,4992065.259351081,1554288.2378763875,0.0,0.0,0.0,0.0,0.0
831,0.0,5083499.59907381,1559374.4487655722,0.0,0.0,0.0,0.0,0.0
832,0.0,5180959.487255823,1580476.8644339931,0.0,0.0,0.0,0.0,0.0
833,0.0,5244390.752050502,1592458.4588361883,0.0,0.0,0.0,0.0,0.0
834,0.0,5315103.013955711,1595187.8121537135,0.0,0.0,0.0,0.0,0.0
835,0.0,5473245.878789382,1606801.9989874773,0.0,0.0,0.0,0.0,0.0
836,0.0,5543230.024993331,1617875.912074355,0.0,0.0,0.0,0.0,0.0
837,0.0,5588761.65498392,1603996.4000739867,0.0,0.0,0.0,0.0,0.0
838,0.0,5686838.407707165,1631521.466954948,0.0,0.0,0.0,0.0,0.0
839,0.0,5669513.676039674,1621881.9854056109,0.0,0.0,0.0,0.0,0.0
840,0.0,5769897.222666151,1643092.692072618,0.0,0.0,0.0,0.0,0.0
841,0.0,5907189.488288064,1645065.9817828408,0.0,0.0,0.0,0.0,0.0
842,0.0,5974915.641103578,1666011.4136753075,0.0,0.0,0.0,0.0,0.0
843,0.0,5905434.131522939,1664604.3694375206,0.0,0.0,0.0,0.0,0.0
844,0.0,5904851.022238988,1652936.7661648542,0.0,0.0,0.0,0.0,0.0
845,0.0,5904658.089272617,1651242.9648614852,0.0,0.0,0.0,0.0,0.0
846,0.0,5792475.059108303,1665521.3674544957,0.0,0.0,0.0,0.0,0.0
847,0.0,5731283.435730404,1643089.4167680899,0.0,0.0,0.0,0.0,0.0
848,0.0,5732976.621694403,1646875.7698604867,0.0,0.0,0.0,0.0,0.0
849,0.0,5689241.867193718,1641336.738654544,0.0,0.0,0.0,0.0,0.0
850,0.0,5623668.314260689,1635637.0057309717,0.0,0.0,0.0,0.0,0.0
851,0.0,5321520.468847138,1636668.6427926237,0.0,0.0,0.0,0.0,0.0
852,0.0,5443287.1795894755,1652315.7978337458,0.0,0.0,0.0,0.0,0.0
853,0.0,5357035.125093957,1661557.701548408,0.0,0.0,0.0,0.0,0.0
854,0.0,5455891.970501595,1703975.4965988619,0.0,0.0,0.0,0.0,0.0
855,0.0,5596915.492972259,1729559.4162673103,0.0,0.0,0.0,0.0,0.0
856,0.0,5636207.130376416,1748222.7770212812,0.0,0.0,0.0,0.0,0.0
857,0.0,5771888.606919596,1791063.765368101,0.0,0.0,0.0,0.0,0.0
858,0.0,5804822.630044277,1814180.5920386426,0.0,0.0,0.0,0.0,0.0
859,0.0,6045127.660376481,1815786.7490283675,0.0,0.0,0.0,0.0,0.0
860,0.0,6137524.07903953,1890109.8460073,0.0,0.0,0.0,0.0,0.0
861,0.0,6207206.75429649,1914334.232200488,0.0,0.0,0.0,0.0,0.0
862,0.0,6228871.746956314,1925461.0162481985,0.0,0.0,0.0,0.0,0.0
863,0.0,6368394.14179332,1956961.6751743883,0.0,0.0,0.0,0.0,0.0
864,0.0,6283287.957829568,1960002.0494056344,0.0,0.0,0.0,0.0,0.0
865,0.0,6162123.6367012765,1948787.5762795557,0.0,0.0,0.0,0.0,0.0
866,0.0,6326857.631175281,1943190.825146992,0.0,0.0,0.0,0.0,0.0
867,0.0,6260812.656077213,1910829.5582990118,0.0,0.0,0.0,0.0,0.0
868,0.0,6311014.646244754,1907729.6539738488,0.0,0.0,0.0,0.0,0.0
869,0.0,6399257.564943105,1888277.1840136733,0.0,0.0,0.0,0.0,0.0
870,0.0,6422401.468901631,1858499.0787645115,0.0,0.0,0.0,0.0,0.0
871,0.0,6418601.439741684,1896107.4586753442,0.0,0.0,0.0,0.0,0.0
872,0.0,6411683.729576995,1894501.9438838586,0.0,0.0,0.0,0.0,0.0
873,0.0,6257039.50041161,1884089.6964842442,0.0,0.0,0.0,0.0,0.0
874,0.0,6325750.92815445,1915535.4083487322,0.0,0.0,0.0,0.0,0.0
875,0.0,6296066.507296483,1906086.9310325307,0.0,0.0,0.0,0.0,0.0
876,0.0,6238761.3747710725,1903891.5669688305,0.0,0.0,0.0,0.0,0.0
877,0.0,6304814.963821029,1913660.089434035,0.0,0.0,0.0,0.0,0.0
878,0.0,6231180.010374863,1866412.5443744168,0.0,0.0,0.0,0.0,0.0
879,0.0,6216025.612476904,1860229.5521915008,0.0,0.0,0.0,0.0,0.0
880,0.0,6324651.467484063,1940481.4360795878,0.0,0.0,0.0,0.0,0.0
881,0.0,6399159.20944573,2017764.1364271578,0.0,0.0,0.0,0.0,0.0
882,0.0,6372738.24829061,2059870.5311910198,0.0,0.0,0.0,0.0,0.0
883,0.0,6506037.221562396,2029096.4361793264,0.0,0.0,0.0,0.0,0.0
884,0.0,6516012.154778586,2067933.7255617806,0.0,0.0,0.0,0.0,0.0
885,0.0,6641452.222748614,2061192.0757501493,0.0,0.0,0.0,0.0,0.0
886,0.0,6578791.144404535,2089451.7986319577,0.0,0.0,0.0,0.0,0.0
887,0.0,6580329.700327151,2081995.4776481984,0.0,0.0,0.0,0.0,0.0
888,0.0,6651811.455863409,2091668.3507788884,0.0,0.0,0.0,0.0,0.0
889,0.0,6723480.044552944,2119351.642828551,0.0,0.0,0.0,0.0,0.0
890,0.0,6799971.850400444,2079469.181415159,0.0,0.0,0.0,0.0,0.0
891,0.0,6558276.028869296,2144095.7794849216,0.0,0.0,0.0,0.0,0.0
892,0.0,6563443.313845428,2179968.350327663,0.0,0.0,0.0,0.0,0.0
893,0.0,6583983.121274478,2210596.7029164913,0.0,0.0,0.0,0.0,0.0
894,0.0,6737466.847841823,2243130.5327427443,0.0,0.0,0.0,0.0,0.0
895,0.0,6699428.249703693,2274238.0962185753,0.0,0.0,0.0,0.0,0.0
896,0.0,7010646.098488072,2254276.079167571,0.0,0.0,0.0,0.0,0.0
897,0.0,6992945.886364157,2268958.962878492,0.0,0.0,0.0,0.0,0.0
898,0.0,6886136.778640251,2277812.634932751,0.0,0.0,0.0,0.0,0.0
899,0.0,6945162.807540022,2272175.2266984703,0.0,0.0,0.0,0.0,0.0
900,0.0,7069478.643409725,2299404.165033302,0.0,0.0,0.0,0.0,0.0
901,0.0,7187003.211382583,2345498.5229454124,0.0,0.0,0.0,0.0,0.0
902,0.0,7411482.219125407,2390794.4431419102,0.0,0.0,0.0,0.0,0.0
903,0.0,7528392.338446887,2429950.544841256,0.0,0.0,0.0,0.0,0.0
904,0.0,7566143.935298483,2425295.5769895026,0.0,0.0,0.0,0.0,0.0
905,0.0,7730490.777162526,2404827.86546524,0.0,0.0,0.0,0.0,0.0
906,0.0,7712362.238494947,2419152.526705718,0.0,0.0,0.0,0.0,0.0
907,0.0,7601287.830345644,2451201.7007226,0.0,0.0,0.0,0.0,0.0
908,0.0,7751449.7031149985,2428118.8839972876,0.0,0.0,0.0,0.0,0.0
909,0.0,7969473.197433788,2478775.691395896,0.0,0.0,0.0,0.0,0.0
910,0.0,8066347.332925681,2499762.9441051143,0.0,0.0,0.0,0.0,0.0
911,0.0,8229464.700013472,2529143.0982671985,0.0,0.0,0.0,0.0,0.0
912,0.0,8488813.353132024,2572668.2758249333,0.0,0.0,0.0,0.0,0.0
913,0.0,8479085.85241355,2589023.413002595,0.0,0.0,0.0,0.0,0.0
914,0.0,8655533.574154101,2642716.480971976,0.0,0.0,0.0,0.0,0.0
915,0.0,9048616.439902807,2648158.485863719,0.0,0.0,0.0,0.0,0.0
916,0.0,9019362.731457606,2728747.715041506,0.0,0.0,0.0,0.0,0.0
917,0.0,9000271.023081448,2747792.772320659,0.0,0.0,0.0,0.0,0.0
918,0.0,9004907.96044291,2738897.8052386534,0.0,0.0,0.0,0.0,0.0
919,0.0,9050203.154372523,2765582.3939020936,0.0,0.0,0.0,0.0,0.0
920,0.0,9309045.727249978,2768828.018582047,0.0,0.0,0.0,0.0,0.0
921,0.0,9414658.17991632,2827184.2163003143,0.0,0.0,0.0,0.0,0.0
922,0.0,9562161.285938097,2823523.977036717,0.0,0.0,0.0,0.0,0.0
923,0.0,9836765.216150714,2883601.0248192446,0.0,0.0,0.0,0.0,0.0
924,0.0,1.003438617883421E7,2891580.3459296804,0.0,0.0,0.0,0.0,0.0
925,0.0,9937871.00667622,2960056.600999205,0.0,0.0,0.0,0.0,0.0
926,0.0,1.0019775427419478E7,2970049.4937654473,0.0,0.0,0.0,0.0,0.0
927,0.0,9953507.29481979,2954809.2268964155,0.0,0.0,0.0,0.0,0.0
928,0.0,9723413.171546483,2908066.5147192385,0.0,0.0,0.0,0.0,0.0
929,0.0,9729443.116027877,2952965.388157022,0.0,0.0,0.0,0.0,0.0
930,0.0,9659566.164158393,2950904.749976698,0.0,0.0,0.0,0.0,0.0
931,0.0,9588542.780419108,2922512.4069082094,0.0,0.0,0.0,0.0,0.0
932,0.0,9720396.357775271,2899344.610250773,0.0,0.0,0.0,0.0,0.0
933,0.0,9686151.093407013,2911427.744765959,0.0,0.0,0.0,0.0,0.0
934,0.0,9947493.073642846,2965888.36629903,0.0,0.0,0.0,0.0,0.0
935,0.0,1.0136644277390148E7,3036700.787629962,0.0,0.0,0.0,0.0,0.0
936,0.0,1.0339724143810302E7,3128880.159088265,0.0,0.0,0.0,0.0,0.0
937,0.0,1.03339747796297E7,3198352.180670558,0.0,0.0,0.0,0.0,0.0
938,0.0,1.0642484964548623E7,3158692.4025641815,0.0,0.0,0.0,0.0,0.0
939,0.0,1.0985825860829674E7,3231111.0611954057,0.0,0.0,0.0,0.0,0.0
940,0.0,1.1169008077975312E7,3311433.715333533,0.0,0.0,0.0,0.0,0.0
941,0.0,1.1398094983864259E7,3314989.5415265453,0.0,0.0,0.0,0.0,0.0
942,0.0,1.1557308779136349E7,3379830.579666498,0.0,0.0,0.0,0.0,0.0
943,0.0,1.1930072812098915E7,3424211.216986772,0.0,0.0,0.0,0.0,0.0
944,0.0,1.2208884851051569E7,3427067.8882332225,0.0,0.0,0.0,0.0,0.0
945,0.0,1.2290521546033576E7,3472692.3041225313,0.0,0.0,0.0,0.0,0.0
946,0.0,1.2498306940735381E7,3452013.8998376685,0.0,0.0,0.0,0.0,0.0
947,0.0,1.249359241489455E7,3492977.798931758,0.0,0.0,0.0,0.0,0.0
948,0.0,1.270022331253464E7,3487288.279161311,0.0,0.0,0.0,0.0,0.0
949,0.0,1.283652722224559E7,3501539.3477913802,0.0,0.0,0.0,0.0,0.0
950,0.0,1.2889414012152482E7,3485240.9799335264,0.0,0.0,0.0,0.0,0.0
951,0.0,1.273043903731797E7,3479932.9189317306,0.0,0.0,0.0,0.0,0.0
952,0.0,1.2868562967161076E7,3532664.0583473877,0.0,0.0,0.0,0.0,0.0
953,0.0,1.2627447668116424E7,3535038.4936613394,0.0,0.0,0.0,0.0,0.0
954,0.0,1.2759598308874268E7,3553764.432764692,0.0,0.0,0.0,0.0,0.0
955,0.0,1.2951611434486717E7,3614491.366793552,0.0,0.0,0.0,0.0,0.0
956,0.0,1.2928540612424696E7,3576642.7022108543,0.0,0.0,0.0,0.0,0.0
957,0.0,1.2964534369460516E7,3587907.816385725,0.0,0.0,0.0,0.0,0.0
958,0.0,1.310657051160188E7,3595187.588378821,0.0,0.0,0.0,0.0,0.0
959,0.0,1.2943187595618973E7,3577537.922416681,0.0,0.0,0.0,0.0,0.0
960,0.0,1.2902980506269151E7,3649351.6939861416,0.0,0.0,0.0,0.0,0.0
961,0.0,1.305841024274031E7,3744730.5471759425,0.0,0.0,0.0,0.0,0.0
962,0.0,1.3309172242193937E7,3854598.0104526817,0.0,0.0,0.0,0.0,0.0
963,0.0,1.3819267260152366E7,3924134.994950781,0.0,0.0,0.0,0.0,0.0
964,0.0,1.3777616415541716E7,3940612.025218548,0.0,0.0,0.0,0.0,0.0
965,0.0,1.3943873778047387E7,4006238.822683596,0.0,0.0,0.0,0.0,0.0
966,0.0,1.393199554778789E7,4026353.4983794033,0.0,0.0,0.0,0.0,0.0
967,0.0,1.4124942038813215E7,4044283.016817721,0.0,0.0,0.0,0.0,0.0
968,0.0,1.4311164069029467E7,4034911.37188134,0.0,0.0,0.0,0.0,0.0
969,0.0,1.4591470876907174E7,4023684.9379637036,0.0,0.0,0.0,0.0,0.0
970,0.0,1.4176184643205933E7,4068092.6231763596,0.0,0.0,0.0,0.0,0.0
971,0.0,1.404009559072273E7,4050916.3875256507,0.0,0.0,0.0,0.0,0.0
972,0.0,1.4296959044924926E7,4050397.6373244394,0.0,0.0,0.0,0.0,0.0
973,0.0,1.4257463984388694E7,4110111.4736895855,0.0,0.0,0.0,0.0,0.0
974,0.0,1.4394962772657009E7,4122919.0743467463,0.0,0.0,0.0,0.0,0.0
975,0.0,1.4661298429126007E7,4159014.130540357,0.0,0.0,0.0,0.0,0.0
976,0.0,1.4827984687662361E7,4123329.0744992704,0.0,0.0,0.0,0.0,0.0
977,0.0,1.4985740201892534E7,4162122.8708678894,0.0,0.0,0.0,0.0,0.0
978,0.0,1.5131617330820058E7,4101748.6909958324,0.0,0.0,0.0,0.0,0.0
979,0.0,1.4765269386087857E7,4130783.7839295105,0.0,0.0,0.0,0.0,0.0
980,0.0,1.457269810760454E7,4095532.2900196817,0.0,0.0,0.0,0.0,0.0
981,0.0,1.442493555549455E7,4033532.800566107,0.0,0.0,0.0,0.0,0.0
982,0.0,1.44515553663826E7,3946850.987174483,0.0,0.0,0.0,0.0,0.0
983,0.0,1.4670365583893076E7,3928641.8711016052,0.0,0.0,0.0,0.0,0.0
984,0.0,1.4711702702707164E7,3956896.8416746757,0.0,0.0,0.0,0.0,0.0
985,0.0,1.4707158854235694E7,4037365.1670548776,0.0,0.0,0.0,0.0,0.0
986,0.0,1.4701928953253819E7,4057498.7328586527,0.0,0.0,0.0,0.0,0.0
987,0.0,1.482923197652606E7,4050082.1464048,0.0,0.0,0.0,0.0,0.0
988,0.0,1.4316024769359853E7,4067386.2065108083,0.0,0.0,0.0,0.0,0.0
989,0.0,1.404465230894897E7,4203911.2323828945,0.0,0.0,0.0,0.0,0.0
990,0.0,1.3957306979881624E7,4293012.442725188,0.0,0.0,0.0,0.0,0.0
991,0.0,1.4193387895825922E7,4320983.317361249,0.0,0.0,0.0,0.0,0.0
992,0.0,1.4662397298435088E7,4375238.9397062175,0.0,0.0,0.0,0.0,0.0
993,0.0,1.4762987224447435E7,4365339.727781242,0.0,0.0,0.0,0.0,0.0
994,0.0,1.539270095095192E7,4424581.653538244,0.0,0.0,0.0,0.0,0.0
995,0.0,1.5770813265410814E7,4637653.814390844,0.0,0.0,0.0,0.0,0.0
996,0.0,1.6063875078051371E7,4598263.691643285,0.0,0.0,0.0,0.0,0.0
997,0.0,1.6451032002711352E7,4667806.221156894,0.0,0.0,0.0,0.0,0.0
998,0.0,1.652645314279197E7,4826841.03356696,0.0,0.0,0.0,0.0,0.0
999,0.0,1.6779834148584068E7,4734685.595740918,0.0,0.0,0.0,0.0,0.0
1000,0.0,1.6981156032084126E7,4787331.309714283,0.0,0.0,0.0,0.0,0.0
