1,0.0,0.0,0.0,0.0,0.0,13248.0,-13248.29124000005,0.0
2,0.0,0.0,0.0,0.0,0.0,13191.0,-13191.291240000075,0.0
3,0.0,0.0,0.0,0.0,0.0,12682.0,-12682.291240000146,0.0
4,0.0,0.0,0.0,0.0,0.0,12663.0,-12663.291239999893,0.0
5,0.0,0.0,0.0,0.0,0.0,12386.0,-12386.291239999999,0.0
6,0.0,0.0,0.0,0.0,0.0,12711.0,-12711.291239999875,0.0
7,0.0,0.0,0.0,0.0,0.0,12414.0,-12414.291239999811,0.0
8,0.0,0.0,0.0,0.0,0.0,12349.0,-12349.291239999819,0.0
9,0.0,0.0,0.0,0.0,0.0,12102.0,-12102.291239999899,0.0
10,0.0,0.0,0.0,0.0,0.0,12271.0,-12271.291239999915,0.0
11,0.0,0.0,0.0,0.0,0.0,12346.0,-12346.291239999868,0.0
12,0.0,0.0,0.0,0.0,0.0,12356.0,-12356.29124000005,0.0
13,0.0,0.0,0.0,0.0,0.0,12252.0,-12252.29123999996,0.0
14,0.0,0.0,0.0,0.0,0.0,12144.0,-12144.29123999986,0.0
15,0.0,0.0,0.0,0.0,0.0,12469.0,-12469.291239999595,0.0
16,0.0,0.0,0.0,0.0,0.0,12453.0,-12453.291239999502,0.0
17,0.0,0.0,0.0,0.0,0.0,12464.0,-12464.29123999935,0.0
18,0.0,0.0,0.0,0.0,0.0,12435.0,-12435.291239999435,0.0
19,0.0,0.0,0.0,0.0,0.0,12335.0,-12335.291239999435,0.0
20,0.0,0.0,0.0,0.0,0.0,12276.0,-12276.291239999324,0.0
21,0.0,0.0,0.0,0.0,0.0,12186.0,-12186.291239999013,0.0
22,0.0,0.0,0.0,0.0,0.0,12146.0,-12146.291239999084,0.0
23,0.0,0.0,0.0,0.0,0.0,12114.0,-12114.291239999093,0.0
24,0.0,0.0,0.0,0.0,0.0,11937.0,-11937.291239999267,0.0
25,0.0,0.0,0.0,0.0,0.0,12207.0,-12207.291239999353,0.0
26,0.0,0.0,0.0,0.0,0.0,12009.0,-12009.29123999916,0.0
27,0.0,0.0,0.0,0.0,0.0,12362.0,-12362.291239998965,0.0
28,0.0,0.0,0.0,0.0,0.0,12526.0,-12526.291239998554,0.0
29,0.0,0.0,0.0,0.0,0.0,12564.0,-12564.291239998704,0.0
30,0.0,0.0,0.0,0.0,0.0,12612.0,-12612.291239998978,0.0
31,0.0,0.0,0.0,0.0,0.0,11273.0,-11519.195727343385,245.90448734434113
32,0.0,0.0,0.0,0.0,0.0,12750.0,-12750.291239998976,0.0
33,0.0,0.0,0.0,0.0,0.0,12813.0,-12813.291239998449,0.0
34,0.0,0.0,0.0,0.0,0.0,12737.0,-12737.291239998342,0.0
35,0.0,0.0,0.0,0.0,0.0,12738.0,-12738.291239998305,0.0
36,0.0,0.0,0.0,0.0,0.0,12603.0,-12603.291239998469,0.0
37,0.0,0.0,0.0,0.0,0.0,10542.0,-10542.291239998669,0.0
38,0.0,0.0,0.0,0.0,0.0,12585.0,-12585.291239998478,0.0
39,0.0,0.0,0.0,0.0,0.0,12417.0,-12417.291239998243,0.0
40,0.0,0.0,0.0,0.0,0.0,12592.0,-12592.291239998545,0.0
41,0.0,0.0,0.0,0.0,0.0,12506.0,-12506.291239998596,0.0
42,0.0,0.0,0.0,0.0,0.0,12412.0,-12412.291239998647,0.0
43,0.0,0.0,0.0,0.0,0.0,12443.0,-12443.29123999851,0.0
44,0.0,0.0,0.0,0.0,0.0,12548.0,-12548.291239998722,0.0
45,0.0,0.0,0.0,0.0,0.0,12358.0,-12358.291239998714,0.0
46,0.0,0.0,0.0,0.0,0.0,12286.0,-12286.29123999839,0.0
47,0.0,0.0,0.0,0.0,0.0,12248.0,-12248.291239998622,0.0
48,0.0,0.0,0.0,0.0,0.0,12238.0,-12238.291239998916,0.0
49,0.0,0.0,0.0,0.0,0.0,11744.0,-11744.291239998869,0.0
50,0.0,0.0,0.0,0.0,0.0,12180.0,-12180.291239998847,0.0
51,0.0,0.0,0.0,0.0,0.0,12176.0,-12176.291239998909,0.0
52,0.0,0.0,0.0,0.0,0.0,10755.0,-11362.295386723732,607.0041467244876
53,0.0,0.0,0.0,0.0,0.0,12108.0,-12108.291239999411,0.0
54,0.0,0.0,0.0,0.0,0.0,12085.0,-12085.2912399994,0.0
55,0.0,0.0,0.0,0.0,0.0,12105.0,-12105.291239999515,0.0
56,0.0,0.0,0.0,0.0,0.0,12157.0,-12157.291239999604,0.0
57,0.0,0.0,0.0,0.0,0.0,12053.0,-12053.29123999953,0.0
58,0.0,0.0,0.0,0.0,0.0,12152.0,-12152.291239999497,0.0
59,0.0,0.0,0.0,0.0,0.0,12077.0,-12077.291239999227,0.0
60,0.0,0.0,0.0,0.0,0.0,12116.0,-12116.291239999631,0.0
61,0.0,0.0,0.0,0.0,0.0,12118.0,-12118.291239999173,0.0
62,0.0,0.0,0.0,0.0,0.0,12283.0,-12283.291239999138,0.0
63,0.0,0.0,0.0,0.0,0.0,12442.0,-12442.291239999055,0.0
64,0.0,0.0,0.0,0.0,0.0,12401.0,-12401.29123999909,0.0
65,0.0,0.0,0.0,0.0,0.0,12594.0,-12594.29123999943,0.0
66,0.0,0.0,0.0,0.0,0.0,12815.0,-12815.291239999264,0.0
67,0.0,0.0,0.0,0.0,0.0,12948.0,-12948.291239999293,0.0
68,0.0,0.0,0.0,0.0,0.0,13108.0,-13108.291239999431,0.0
69,0.0,0.0,0.0,0.0,0.0,13168.0,-13168.291239999475,0.0
70,0.0,0.0,0.0,0.0,0.0,13162.0,-13162.291239998769,0.0
71,0.0,0.0,0.0,0.0,0.0,13121.0,-13121.291239999302,0.0
72,0.0,0.0,0.0,0.0,0.0,13282.0,-13282.291239999577,0.0
73,0.0,0.0,0.0,0.0,0.0,13585.0,-13585.29123999969,0.0
74,0.0,0.0,0.0,0.0,0.0,13638.0,-13638.291240000253,0.0
75,0.0,0.0,0.0,0.0,0.0,13802.0,-13802.291240000453,0.0
76,0.0,0.0,0.0,0.0,0.0,13733.0,-13733.291240000432,0.0
77,0.0,0.0,0.0,0.0,0.0,13873.0,-13873.291239999928,0.0
78,0.0,0.0,0.0,0.0,0.0,13995.0,-13995.291239999668,0.0
79,0.0,0.0,0.0,0.0,0.0,14145.0,-14145.291239999851,0.0
80,0.0,0.0,0.0,0.0,0.0,12949.0,-13373.727446244911,424.4362062449726
81,0.0,0.0,0.0,0.0,0.0,14305.0,-14305.291240000153,0.0
82,0.0,0.0,0.0,0.0,0.0,14477.0,-14477.291240000202,0.0
83,0.0,0.0,0.0,0.0,0.0,14265.0,-14265.291240000763,0.0
84,0.0,0.0,0.0,0.0,0.0,14894.0,-14894.291240001388,0.0
85,0.0,0.0,0.0,0.0,0.0,14832.0,-14832.291240000803,0.0
86,0.0,0.0,0.0,0.0,0.0,15027.0,-15027.291240000446,0.0
87,0.0,0.0,0.0,0.0,0.0,15062.0,-15062.291240000737,0.0
88,0.0,0.0,0.0,0.0,0.0,15004.0,-15004.291240000679,0.0
89,0.0,0.0,0.0,0.0,0.0,14966.0,-14966.29124000064,0.0
90,0.0,0.0,0.0,0.0,0.0,15105.0,-15105.291240000963,0.0
91,0.0,0.0,0.0,0.0,0.0,15506.0,-15506.291240000937,0.0
92,0.0,0.0,0.0,0.0,0.0,15331.0,-15331.291240001097,0.0
93,0.0,0.0,0.0,0.0,0.0,16020.0,-16020.29124000174,0.0
94,0.0,0.0,0.0,0.0,0.0,16126.0,-16126.291240002085,0.0
95,0.0,0.0,0.0,0.0,0.0,16260.0,-16260.29124000224,0.0
96,0.0,0.0,0.0,0.0,0.0,16377.0,-16377.291240002225,0.0
97,0.0,0.0,0.0,0.0,0.0,16492.0,-16492.291240002036,0.0
98,0.0,0.0,0.0,0.0,0.0,16664.0,-16664.291240001963,0.0
99,0.0,0.0,0.0,0.0,0.0,16856.0,-16856.291240001323,0.0
100,0.0,0.0,0.0,0.0,0.0,17048.0,-17048.29124000098,0.0
101,0.0,0.0,0.0,0.0,0.0,17328.0,-17328.291240000828,0.0
102,0.0,0.0,0.0,0.0,0.0,17295.0,-17295.29124000144,0.0
103,0.0,0.0,0.0,0.0,0.0,17698.0,-17698.291240001974,0.0
104,0.0,0.0,0.0,0.0,0.0,17903.0,-17903.291240001894,0.0
105,0.0,0.0,0.0,0.0,0.0,18245.0,-18245.29124000184,0.0
106,0.0,0.0,0.0,0.0,0.0,18476.0,-18476.29124000182,0.0
107,0.0,0.0,0.0,0.0,0.0,18541.0,-18541.29124000166,0.0
108,0.0,0.0,0.0,0.0,0.0,19016.0,-19016.291240001607,0.0
109,0.0,0.0,0.0,0.0,0.0,18731.0,-18731.291240001672,0.0
110,0.0,0.0,0.0,0.0,0.0,19278.0,-19278.291240001647,0.0
111,0.0,0.0,0.0,0.0,0.0,19653.0,-19653.29124000215,0.0
112,0.0,0.0,0.0,0.0,0.0,19726.0,-19726.29124000197,0.0
113,0.0,0.0,0.0,0.0,0.0,19953.0,-19953.291240001876,0.0
114,0.0,0.0,0.0,0.0,0.0,20201.0,-20201.291240001967,0.0
115,0.0,0.0,0.0,0.0,0.0,20353.0,-20353.29124000245,0.0
116,0.0,0.0,0.0,0.0,0.0,20440.0,-20440.291240002418,0.0
117,0.0,0.0,0.0,0.0,0.0,20599.0,-20599.291240002403,0.0
118,0.0,0.0,0.0,0.0,0.0,21023.0,-21023.2912400025,0.0
119,0.0,0.0,0.0,0.0,0.0,21034.0,-21034.291240002378,0.0
120,0.0,0.0,0.0,0.0,0.0,21202.0,-21202.291240002283,0.0
121,0.0,0.0,0.0,0.0,0.0,21339.0,-21339.29124000226,0.0
122,0.0,0.0,0.0,0.0,0.0,21408.0,-21408.291240002654,0.0
123,0.0,0.0,0.0,0.0,0.0,21590.0,-21590.291240002804,0.0
124,0.0,0.0,0.0,0.0,0.0,21894.0,-21894.29124000245,0.0
125,0.0,0.0,0.0,0.0,0.0,22117.0,-22117.29124000256,0.0
126,0.0,0.0,0.0,0.0,0.0,22412.0,-22412.29124000251,0.0
127,0.0,0.0,0.0,0.0,0.0,22418.0,-22418.29124000272,0.0
128,0.0,0.0,0.0,0.0,0.0,22906.0,-22906.291240002134,0.0
129,0.0,0.0,0.0,0.0,0.0,23013.0,-23013.291240001847,0.0
130,0.0,0.0,0.0,0.0,0.0,23353.0,-23353.291240001912,0.0
131,0.0,0.0,0.0,0.0,0.0,23593.0,-23593.291240001938,0.0
132,0.0,0.0,0.0,0.0,0.0,23929.0,-23929.29124000216,0.0
133,0.0,0.0,0.0,0.0,0.0,23852.0,-23852.291240002098,0.0
134,0.0,0.0,0.0,0.0,0.0,24241.0,-24241.291240002116,0.0
135,0.0,0.0,0.0,0.0,0.0,24627.0,-24627.291240002083,0.0
136,0.0,0.0,0.0,0.0,0.0,24638.0,-24638.291240002425,0.0
137,0.0,0.0,0.0,0.0,0.0,24818.0,-24818.291240002232,0.0
138,0.0,0.0,0.0,0.0,0.0,24914.0,-24914.29124000184,0.0
139,0.0,0.0,0.0,0.0,0.0,25061.0,-25061.291240001905,0.0
140,0.0,0.0,0.0,0.0,0.0,25376.0,-25376.291240002087,0.0
141,0.0,0.0,0.0,0.0,0.0,25723.0,-25723.291240001898,0.0
142,0.0,0.0,0.0,0.0,0.0,25854.0,-25854.291240001978,0.0
143,0.0,0.0,0.0,0.0,0.0,26140.0,-26140.291240002123,0.0
144,0.0,0.0,0.0,0.0,0.0,26540.0,-26540.291240001683,0.0
145,0.0,0.0,0.0,0.0,0.0,26498.0,-26498.291240001046,0.0
146,0.0,0.0,0.0,0.0,0.0,26264.0,-26264.291240000763,0.0
147,0.0,0.0,0.0,0.0,0.0,26866.0,-26866.29124000088,0.0
148,0.0,0.0,0.0,0.0,0.0,27007.0,-27007.291240000908,0.0
149,0.0,0.0,0.0,0.0,0.0,27330.0,-27330.291240001454,0.0
150,0.0,0.0,0.0,0.0,0.0,27674.0,-27674.291240001206,0.0
151,0.0,0.0,0.0,0.0,0.0,27758.0,-27758.291240000515,0.0
152,0.0,0.0,0.0,0.0,0.0,28015.0,-28015.291240000657,0.0
153,0.0,0.0,0.0,0.0,0.0,28141.0,-28141.291240000803,0.0
154,0.0,0.0,0.0,0.0,0.0,28163.0,-28163.291240000355,0.0
155,0.0,0.0,0.0,0.0,0.0,28658.0,-28658.29124000073,0.0
156,0.0,0.0,0.0,0.0,0.0,27572.0,-27572.291240001134,0.0
157,0.0,0.0,0.0,0.0,0.0,28713.0,-28713.291240001145,0.0
158,0.0,0.0,0.0,0.0,0.0,28660.0,-28660.291240000843,0.0
159,0.0,0.0,0.0,0.0,0.0,29017.0,-29017.291240000675,0.0
160,0.0,0.0,0.0,0.0,0.0,28578.0,-28578.291240001512,0.0
161,0.0,0.0,0.0,0.0,0.0,29879.0,-29879.291240001305,0.0
162,0.0,0.0,0.0,0.0,0.0,30167.0,-30167.29124000182,0.0
163,0.0,0.0,0.0,0.0,0.0,30356.0,-30356.291240001603,0.0
164,0.0,0.0,0.0,0.0,0.0,30714.0,-30714.291240002218,0.0
165,0.0,0.0,0.0,0.0,0.0,31006.0,-31006.291240002287,0.0
166,0.0,0.0,0.0,0.0,0.0,30555.0,-30555.291240002083,0.0
167,0.0,0.0,0.0,0.0,0.0,31446.0,-31446.291240002483,0.0
168,0.0,0.0,0.0,0.0,0.0,31995.0,-31995.291240002956,0.0
169,0.0,0.0,0.0,0.0,0.0,32174.0,-32174.291240002967,0.0
170,0.0,0.0,0.0,0.0,0.0,32595.0,-32595.291240003018,0.0
171,0.0,0.0,0.0,0.0,0.0,32721.0,-32721.29124000312,0.0
172,0.0,0.0,0.0,0.0,0.0,33178.0,-33178.29124000322,0.0
173,0.0,0.0,0.0,0.0,0.0,33774.0,-33774.291240004095,0.0
174,0.0,0.0,0.0,0.0,0.0,34028.0,-34028.29124000448,0.0
175,0.0,0.0,0.0,0.0,0.0,34229.0,-34229.29124000464,0.0
176,0.0,0.0,0.0,0.0,0.0,33096.0,-33096.29124000402,0.0
177,0.0,0.0,0.0,0.0,0.0,35139.0,-35139.29124000401,0.0
178,0.0,0.0,0.0,0.0,0.0,35587.0,-35587.291240003935,0.0
179,0.0,0.0,0.0,0.0,0.0,36029.0,-36029.29124000402,0.0
180,0.0,0.0,0.0,0.0,0.0,36334.0,-36334.291240003826,0.0
181,0.0,0.0,0.0,0.0,0.0,35680.0,-35680.29124000359,0.0
182,0.0,0.0,0.0,0.0,0.0,37121.0,-37121.29124000361,0.0
183,0.0,0.0,0.0,0.0,0.0,37525.0,-37525.29124000385,0.0
184,0.0,0.0,0.0,0.0,0.0,37911.0,-37911.29124000461,0.0
185,0.0,0.0,0.0,0.0,0.0,38192.0,-38192.2912400042,0.0
186,0.0,0.0,0.0,0.0,0.0,38933.0,-38933.29124000354,0.0
187,0.0,0.0,0.0,0.0,0.0,38928.0,-38928.291240002894,0.0
188,0.0,0.0,0.0,0.0,0.0,39729.0,-39729.29124000299,0.0
189,0.0,0.0,0.0,0.0,0.0,40478.0,-40478.29124000353,0.0
190,0.0,0.0,0.0,0.0,0.0,39956.0,-39956.291240003935,0.0
191,0.0,0.0,0.0,0.0,0.0,41130.0,-41130.29124000392,0.0
192,0.0,0.0,0.0,0.0,0.0,33510.0,-38444.80200063773,4934.510760633545
193,0.0,0.0,0.0,0.0,0.0,41300.0,-41300.2912400043,0.0
194,0.0,0.0,0.0,0.0,0.0,37818.0,-37818.291240004386,0.0
195,0.0,0.0,0.0,0.0,0.0,40727.0,-40727.2912400051,0.0
196,0.0,0.0,0.0,0.0,0.0,42471.0,-42471.291240004975,0.0
197,0.0,0.0,0.0,0.0,0.0,42573.0,-42573.29124000533,0.0
198,0.0,0.0,0.0,0.0,0.0,43181.0,-43181.29124000495,0.0
199,0.0,0.0,0.0,0.0,0.0,43376.0,-43376.29124000482,0.0
200,0.0,0.0,0.0,0.0,0.0,40672.0,-40672.29124000518,0.0
201,0.0,0.0,0.0,0.0,0.0,44576.0,-44576.291240005085,0.0
202,0.0,0.0,0.0,0.0,0.0,44687.0,-44687.29124000481,0.0
203,0.0,0.0,0.0,0.0,0.0,45393.0,-45393.291240004866,0.0
204,0.0,0.0,0.0,0.0,0.0,45856.0,-45856.29124000446,0.0
205,0.0,0.0,0.0,0.0,0.0,46062.0,-46062.291240004575,0.0
206,0.0,0.0,0.0,0.0,0.0,46562.0,-46562.291240004226,0.0
207,0.0,0.0,0.0,0.0,0.0,46983.0,-46983.29124000436,0.0
208,0.0,0.0,0.0,0.0,0.0,47372.0,-47372.29124000443,0.0
209,0.0,0.0,0.0,0.0,0.0,47328.0,-47328.291240005456,0.0
210,0.0,0.0,0.0,0.0,0.0,47756.0,-47756.29124000578,0.0
211,0.0,0.0,0.0,0.0,0.0,48207.0,-48207.29124000633,0.0
212,0.0,0.0,0.0,0.0,0.0,48476.0,-48476.29124000695,0.0
213,0.0,0.0,0.0,0.0,0.0,49178.0,-49178.29124000661,0.0
214,0.0,0.0,0.0,0.0,0.0,49503.0,-49503.29124000675,0.0
215,0.0,0.0,0.0,0.0,0.0,50081.0,-50081.29124000685,0.0
216,0.0,0.0,0.0,0.0,0.0,48250.0,-48250.29124000809,0.0
217,0.0,0.0,0.0,0.0,0.0,51132.0,-51132.291240007835,0.0
218,0.0,0.0,0.0,0.0,0.0,51148.0,-51148.29124000759,0.0
219,0.0,0.0,0.0,0.0,0.0,51343.0,-51343.29124000738,0.0
220,0.0,0.0,0.0,0.0,0.0,52495.0,-52495.291240006125,0.0
221,0.0,0.0,0.0,0.0,0.0,52363.0,-52363.2912400063,0.0
222,0.0,0.0,0.0,0.0,0.0,53712.0,-53712.29124000515,0.0
223,0.0,0.0,0.0,0.0,0.0,54471.0,-54471.291240004546,0.0
224,0.0,0.0,0.0,0.0,0.0,54538.0,-54538.29124000466,0.0
225,0.0,0.0,0.0,0.0,0.0,55128.0,-55128.291240004546,0.0
226,0.0,0.0,0.0,0.0,0.0,55289.0,-55289.291240004895,0.0
227,0.0,0.0,0.0,0.0,0.0,57142.0,-57142.29124000442,0.0
228,0.0,0.0,0.0,0.0,0.0,57839.0,-57839.29124000512,0.0
229,0.0,0.0,0.0,0.0,0.0,58124.0,-58124.29124000562,0.0
230,0.0,0.0,0.0,0.0,0.0,52990.0,-54679.66326293032,1689.3720229243281
231,0.0,0.0,0.0,0.0,0.0,55526.0,-55526.29124000591,0.0
232,0.0,0.0,0.0,0.0,0.0,59429.0,-59429.29124000633,0.0
233,0.0,0.0,0.0,0.0,0.0,60397.0,-60397.29124000578,0.0
234,0.0,0.0,0.0,0.0,0.0,60323.0,-60323.29124000685,0.0
235,0.0,0.0,0.0,0.0,0.0,56976.0,-58064.50549263998,1088.214252634088
236,0.0,0.0,0.0,0.0,0.0,60322.0,-60322.291240005376,0.0
237,0.0,0.0,0.0,0.0,0.0,60643.0,-60643.2912400064,0.0
238,0.0,0.0,0.0,0.0,0.0,61443.0,-61443.29124000734,0.0
239,0.0,0.0,0.0,0.0,0.0,62186.0,-62186.2912400075,0.0
240,0.0,0.0,0.0,0.0,0.0,63513.0,-63513.29124000756,0.0
241,0.0,0.0,0.0,0.0,0.0,63582.0,-63582.2912400074,0.0
242,0.0,0.0,0.0,0.0,0.0,63993.0,-63993.29124000657,0.0
243,0.0,0.0,0.0,0.0,0.0,64524.0,-64524.291240006256,0.0
244,0.0,0.0,0.0,0.0,0.0,65138.0,-65138.29124000609,0.0
245,0.0,0.0,0.0,0.0,0.0,66244.0,-66244.29124000581,0.0
246,0.0,0.0,0.0,0.0,0.0,66937.0,-66937.29124000642,0.0
247,0.0,0.0,0.0,0.0,0.0,66515.0,-66515.2912400078,0.0
248,0.0,0.0,0.0,0.0,0.0,67790.0,-67790.29124000878,0.0
249,0.0,0.0,0.0,0.0,0.0,68122.0,-68122.29124000925,0.0
250,0.0,0.0,0.0,0.0,0.0,68618.0,-68618.29124000954,0.0
251,0.0,0.0,0.0,0.0,0.0,69324.0,-69324.29124000935,0.0
252,0.0,0.0,0.0,0.0,0.0,69297.0,-69297.2912400094,0.0
253,0.0,0.0,0.0,0.0,0.0,69603.0,-69603.29124001024,0.0
254,0.0,0.0,0.0,0.0,0.0,70256.0,-70256.29124001044,0.0
255,0.0,0.0,0.0,0.0,0.0,64327.0,-67999.49699195474,3672.2057519436294
256,0.0,0.0,0.0,0.0,0.0,71134.0,-71134.29124001178,0.0
257,0.0,0.0,0.0,0.0,0.0,70953.0,-70953.29124001163,0.0
258,0.0,0.0,0.0,0.0,0.0,70743.0,-70743.29124001245,0.0
259,0.0,0.0,0.0,0.0,0.0,71600.0,-71600.29124001297,0.0
260,0.0,0.0,0.0,0.0,0.0,72227.0,-72227.2912400139,0.0
261,0.0,0.0,0.0,0.0,0.0,73680.0,-73680.29124001437,0.0
262,0.0,0.0,0.0,0.0,0.0,74393.0,-74393.29124001424,0.0
263,0.0,0.0,0.0,0.0,0.0,75470.0,-75470.29124001395,0.0
264,0.0,0.0,0.0,0.0,0.0,75662.0,-75662.29124001198,0.0
265,0.0,0.0,0.0,0.0,0.0,76216.0,-76216.29124001354,0.0
266,0.0,0.0,0.0,0.0,0.0,76651.0,-76651.29124001283,0.0
267,0.0,0.0,0.0,0.0,0.0,77201.0,-77201.29124001274,0.0
268,0.0,0.0,0.0,0.0,0.0,78898.0,-78898.29124001274,0.0
269,0.0,0.0,0.0,0.0,0.0,79104.0,-79104.29124001245,0.0
270,0.0,0.0,0.0,0.0,0.0,80643.0,-80643.29124001114,0.0
271,0.0,0.0,0.0,0.0,0.0,82229.0,-82229.29124001115,0.0
272,0.0,0.0,0.0,0.0,0.0,82012.0,-82012.29124001028,0.0
273,0.0,0.0,0.0,0.0,0.0,82140.0,-82140.29124001166,0.0
274,0.0,0.0,0.0,0.0,0.0,81725.0,-81725.29124001272,0.0
275,0.0,0.0,0.0,0.0,0.0,81865.0,-81865.29124001252,0.0
276,0.0,0.0,0.0,0.0,0.0,81335.0,-81335.2912400134,0.0
277,0.0,0.0,0.0,0.0,0.0,81847.0,-81847.29124001326,0.0
278,0.0,0.0,0.0,0.0,0.0,81085.0,-81085.29124001249,0.0
279,0.0,0.0,0.0,0.0,0.0,81972.0,-81972.2912400124,0.0
280,0.0,0.0,0.0,0.0,0.0,83079.0,-83079.29124001165,0.0
281,0.0,0.0,0.0,0.0,0.0,82786.0,-82786.29124001178,0.0
282,0.0,0.0,0.0,0.0,0.0,84239.0,-84239.29124001096,0.0
283,0.0,0.0,0.0,0.0,0.0,85322.0,-85322.2912400114,0.0
284,0.0,0.0,0.0,0.0,0.0,83185.0,-83185.29124001227,0.0
285,0.0,0.0,0.0,0.0,0.0,85206.0,-85206.291240013,0.0
286,0.0,0.0,0.0,0.0,0.0,87776.0,-87776.29124001392,0.0
287,0.0,0.0,0.0,0.0,0.0,85985.0,-85985.29124001409,0.0
288,0.0,0.0,0.0,0.0,0.0,88613.0,-88613.29124001622,0.0
289,0.0,0.0,0.0,0.0,0.0,87743.0,-87743.29124001718,0.0
290,0.0,0.0,0.0,0.0,0.0,92291.0,-92291.29124001735,0.0
291,0.0,0.0,0.0,0.0,0.0,93516.0,-93516.29124001623,0.0
292,0.0,0.0,0.0,0.0,0.0,95094.0,-95094.29124001699,0.0
293,0.0,0.0,0.0,0.0,0.0,95498.0,-95498.29124001929,0.0
294,0.0,0.0,0.0,0.0,0.0,92931.0,-92931.29124002001,0.0
295,0.0,0.0,0.0,0.0,0.0,93636.0,-93636.29124002057,0.0
296,0.0,0.0,0.0,0.0,0.0,92873.0,-92873.29124002054,0.0
297,0.0,0.0,0.0,0.0,0.0,92999.0,-92999.29124002051,0.0
298,0.0,0.0,0.0,0.0,0.0,91948.0,-91948.29124002178,0.0
299,0.0,0.0,0.0,0.0,0.0,92919.0,-92919.2912400228,0.0
300,0.0,0.0,0.0,0.0,0.0,93284.0,-93284.29124002077,0.0
301,0.0,0.0,0.0,0.0,0.0,93303.0,-93303.29124002106,0.0
302,0.0,0.0,0.0,0.0,0.0,94834.0,-94834.29124002246,0.0
303,0.0,0.0,0.0,0.0,0.0,96144.0,-96144.29124001955,0.0
304,0.0,0.0,0.0,0.0,0.0,97616.0,-97616.29124001997,0.0
305,0.0,0.0,0.0,0.0,0.0,98960.0,-98960.2912400202,0.0
306,0.0,0.0,0.0,0.0,0.0,100394.0,-100394.2912400219,0.0
307,0.0,0.0,0.0,0.0,0.0,93554.0,-94731.31072930087,1177.0194892801483
308,0.0,0.0,0.0,0.0,0.0,100741.0,-100741.29124002074,0.0
309,0.0,0.0,0.0,0.0,0.0,100637.0,-100637.29124002127,0.0
310,0.0,0.0,0.0,0.0,0.0,101489.0,-101489.29124002453,0.0
311,0.0,0.0,0.0,0.0,0.0,102207.0,-102207.2912400231,0.0
312,0.0,0.0,0.0,0.0,0.0,103445.0,-103445.29124002432,0.0
313,0.0,0.0,0.0,0.0,0.0,103486.0,-103486.29124002629,0.0
314,0.0,0.0,0.0,0.0,0.0,102979.0,-102979.29124002467,0.0
315,0.0,0.0,0.0,0.0,0.0,103700.0,-103700.29124002534,0.0
316,0.0,0.0,0.0,0.0,0.0,104200.0,-104200.29124002423,0.0
317,0.0,0.0,0.0,0.0,0.0,100880.0,-100880.29124002559,0.0
318,0.0,0.0,0.0,0.0,0.0,105501.0,-105501.29124002415,0.0
319,0.0,0.0,0.0,0.0,0.0,106073.0,-106073.29124002384,0.0
320,0.0,0.0,0.0,0.0,0.0,108280.0,-108280.29124002293,0.0
321,0.0,0.0,0.0,0.0,0.0,109513.0,-109513.29124002499,0.0
322,0.0,0.0,0.0,0.0,0.0,106580.0,-106580.29124002805,0.0
323,0.0,0.0,0.0,0.0,0.0,111248.0,-111248.29124002732,0.0
324,0.0,0.0,0.0,0.0,0.0,113210.0,-113210.2912400286,0.0
325,0.0,0.0,0.0,0.0,0.0,113425.0,-113425.29124003075,0.0
326,0.0,0.0,0.0,0.0,0.0,115671.0,-115671.29124003166,0.0
327,0.0,0.0,0.0,0.0,0.0,116831.0,-116831.29124003355,0.0
328,0.0,0.0,0.0,0.0,0.0,117637.0,-117637.29124003163,0.0
329,0.0,0.0,0.0,0.0,0.0,118452.0,-118452.29124003132,0.0
330,0.0,0.0,0.0,0.0,0.0,118895.0,-118895.29124003173,0.0
331,0.0,0.0,0.0,0.0,0.0,119844.0,-119844.29124003103,0.0
332,0.0,0.0,0.0,0.0,0.0,120972.0,-120972.29124003096,0.0
333,0.0,0.0,0.0,0.0,0.0,121616.0,-121616.29124003115,0.0
334,0.0,0.0,0.0,0.0,0.0,121783.0,-121783.29124003396,0.0
335,0.0,0.0,0.0,0.0,0.0,122105.0,-122105.29124003416,0.0
336,0.0,0.0,0.0,0.0,0.0,105109.0,-115608.51879521432,10499.227555180034
337,0.0,0.0,0.0,0.0,0.0,118399.0,-118399.29124003588,0.0
338,0.0,0.0,0.0,0.0,0.0,124163.0,-124163.29124003855,0.0
339,0.0,0.0,0.0,0.0,0.0,125226.0,-125226.29124004042,0.0
340,0.0,0.0,0.0,0.0,0.0,125464.0,-125464.29124004015,0.0
341,0.0,0.0,0.0,0.0,0.0,127527.0,-127527.29124003706,0.0
342,0.0,0.0,0.0,0.0,0.0,128568.0,-128568.29124003588,0.0
343,0.0,0.0,0.0,0.0,0.0,128404.0,-128404.29124003567,0.0
344,0.0,0.0,0.0,0.0,0.0,127447.0,-127447.29124003439,0.0
345,0.0,0.0,0.0,0.0,0.0,128204.0,-128204.2912400346,0.0
346,0.0,0.0,0.0,0.0,0.0,127793.0,-127793.29124003508,0.0
347,0.0,0.0,0.0,0.0,0.0,128538.0,-128538.29124003387,0.0
348,0.0,0.0,0.0,0.0,0.0,128616.0,-128616.29124003547,0.0
349,0.0,0.0,0.0,0.0,0.0,130188.0,-130188.29124003733,0.0
350,0.0,0.0,0.0,0.0,0.0,129822.0,-129822.291240037,0.0
351,0.0,0.0,0.0,0.0,0.0,129551.0,-129551.29124003717,0.0
352,0.0,0.0,0.0,0.0,0.0,131087.0,-131087.29124003847,0.0
353,0.0,0.0,0.0,0.0,0.0,132382.0,-132382.2912400345,0.0
354,0.0,0.0,0.0,0.0,0.0,126170.0,-126170.29124003391,0.0
355,0.0,0.0,0.0,0.0,0.0,130282.0,-130282.29124003251,0.0
356,0.0,0.0,0.0,0.0,0.0,128469.0,-128469.29124003286,0.0
357,0.0,0.0,0.0,0.0,0.0,130124.0,-130124.29124003144,0.0
358,0.0,0.0,0.0,0.0,0.0,130824.0,-130824.29124002942,0.0
359,0.0,0.0,0.0,0.0,0.0,132571.0,-132571.2912400312,0.0
360,0.0,0.0,0.0,0.0,0.0,133623.0,-133623.29124003148,0.0
361,0.0,0.0,0.0,0.0,0.0,134258.0,-134258.2912400327,0.0
362,0.0,0.0,0.0,0.0,0.0,133706.0,-133706.29124003425,0.0
363,0.0,0.0,0.0,0.0,0.0,131188.0,-131188.29124003503,0.0
364,0.0,0.0,0.0,0.0,0.0,134486.0,-134486.29124003532,0.0
365,0.0,0.0,0.0,0.0,0.0,126777.0,-126777.29124003276,0.0
366,0.0,0.0,0.0,0.0,0.0,135715.0,-135715.29124003398,0.0
367,0.0,0.0,0.0,0.0,0.0,122780.0,-123380.8864052475,600.5951652178946
368,0.0,0.0,0.0,0.0,0.0,138572.0,-138572.29124002968,0.0
369,0.0,0.0,0.0,0.0,0.0,140513.0,-140513.2912400292,0.0
370,0.0,0.0,0.0,0.0,0.0,143171.0,-143171.29124003078,0.0
371,0.0,0.0,0.0,0.0,0.0,146476.0,-146476.29124002968,0.0
372,0.0,0.0,0.0,0.0,0.0,149141.0,-149141.29124002927,0.0
373,0.0,0.0,0.0,0.0,0.0,149543.0,-149543.29124002898,0.0
374,0.0,0.0,0.0,0.0,0.0,151038.0,-151038.2912400317,0.0
375,0.0,0.0,0.0,0.0,0.0,151608.0,-151608.2912400338,0.0
376,0.0,0.0,0.0,0.0,0.0,151952.0,-151952.29124003663,0.0
377,0.0,0.0,0.0,0.0,0.0,152396.0,-152396.2912400364,0.0
378,0.0,0.0,0.0,0.0,0.0,153591.0,-153591.2912400364,0.0
379,0.0,0.0,0.0,0.0,0.0,153141.0,-153141.29124003768,0.0
380,0.0,0.0,0.0,0.0,0.0,155829.0,-155829.29124003742,0.0
381,0.0,0.0,0.0,0.0,0.0,156023.0,-156023.29124003777,0.0
382,0.0,0.0,0.0,0.0,0.0,155916.0,-155916.29124003954,0.0
383,0.0,0.0,0.0,0.0,0.0,157521.0,-157521.29124004056,0.0
384,0.0,0.0,0.0,0.0,0.0,159846.0,-159846.29124004225,0.0
385,0.0,0.0,0.0,0.0,0.0,161172.0,-161172.2912400414,0.0
386,0.0,0.0,0.0,0.0,0.0,162930.0,-162930.29124004245,0.0
387,0.0,0.0,0.0,0.0,0.0,156194.0,-156194.29124004312,0.0
388,0.0,0.0,0.0,0.0,0.0,164018.0,-164018.29124004213,0.0
389,0.0,0.0,0.0,0.0,0.0,166338.0,-166338.29124004164,0.0
390,0.0,0.0,0.0,0.0,0.0,167470.0,-167470.29124004103,0.0
391,0.0,0.0,0.0,0.0,0.0,156476.0,-156476.29124003978,0.0
392,0.0,0.0,0.0,0.0,0.0,169994.0,-169994.29124004277,0.0
393,0.0,0.0,0.0,0.0,0.0,157128.0,-159377.34555345168,2249.054313403874
394,0.0,0.0,0.0,0.0,0.0,172916.0,-172916.29124004385,0.0
395,0.0,0.0,0.0,0.0,0.0,173986.0,-173986.2912400429,0.0
396,0.0,0.0,0.0,0.0,0.0,174201.0,-174201.29124004568,0.0
397,0.0,0.0,0.0,0.0,0.0,175317.0,-175317.29124004487,0.0
398,0.0,0.0,0.0,0.0,0.0,176400.0,-176400.29124004478,0.0
399,0.0,0.0,0.0,0.0,0.0,170239.0,-170239.29124004656,0.0
400,0.0,0.0,0.0,0.0,0.0,177738.0,-177738.29124004577,0.0
401,0.0,0.0,0.0,0.0,0.0,174663.0,-174663.29124004592,0.0
402,0.0,0.0,0.0,0.0,0.0,183154.0,-183154.2912400462,0.0
403,0.0,0.0,0.0,0.0,0.0,184856.0,-184856.29124004632,0.0
404,0.0,0.0,0.0,0.0,0.0,183787.0,-183787.29124004417,0.0
405,0.0,0.0,0.0,0.0,0.0,174887.0,-174887.29124004458,0.0
406,0.0,0.0,0.0,0.0,0.0,188184.0,-188184.29124004452,0.0
407,0.0,0.0,0.0,0.0,0.0,190009.0,-190009.2912400435,0.0
408,0.0,0.0,0.0,0.0,0.0,189657.0,-189657.29124004365,0.0
409,0.0,0.0,0.0,0.0,0.0,188679.0,-188679.29124004493,0.0
410,0.0,0.0,0.0,0.0,0.0,188893.0,-188893.2912400426,0.0
411,0.0,0.0,0.0,0.0,0.0,189353.0,-189353.2912400414,0.0
412,0.0,0.0,0.0,0.0,0.0,185275.0,-185275.2912400415,0.0
413,0.0,0.0,0.0,0.0,0.0,192768.0,-192768.29124004245,0.0
414,0.0,0.0,0.0,0.0,0.0,192587.0,-192587.29124004353,0.0
415,0.0,0.0,0.0,0.0,0.0,193247.0,-193247.29124004307,0.0
416,0.0,0.0,0.0,0.0,0.0,194980.0,-194980.29124004152,0.0
417,0.0,0.0,0.0,0.0,0.0,195220.0,-195220.2912400383,0.0
418,0.0,0.0,0.0,0.0,0.0,196607.0,-196607.291240036,0.0
419,0.0,0.0,0.0,0.0,0.0,196402.0,-196402.29124003413,0.0
420,0.0,0.0,0.0,0.0,0.0,196834.0,-196834.2912400335,0.0
421,0.0,0.0,0.0,0.0,0.0,198350.0,-198350.2912400333,0.0
422,0.0,0.0,0.0,0.0,0.0,199381.0,-199381.2912400311,0.0
423,0.0,0.0,0.0,0.0,0.0,200208.0,-200208.29124002715,0.0
424,0.0,0.0,0.0,0.0,0.0,200295.0,-200295.29124002712,0.0
425,0.0,0.0,0.0,0.0,0.0,185254.0,-185254.29124002397,0.0
426,0.0,0.0,0.0,0.0,0.0,201148.0,-201148.29124002717,0.0
427,0.0,0.0,0.0,0.0,0.0,203107.0,-203107.29124002735,0.0
428,0.0,0.0,0.0,0.0,0.0,205416.0,-205416.29124002936,0.0
429,0.0,0.0,0.0,0.0,0.0,205333.0,-205333.29124003235,0.0
430,0.0,0.0,0.0,0.0,0.0,206826.0,-206826.29124003107,0.0
431,0.0,0.0,0.0,0.0,0.0,209440.0,-209440.2912400311,0.0
432,0.0,0.0,0.0,0.0,0.0,212650.0,-212650.29124003212,0.0
433,0.0,0.0,0.0,0.0,0.0,214704.0,-214704.2912400332,0.0
434,0.0,0.0,0.0,0.0,0.0,188795.0,-196319.27965241642,7523.988412379995
435,0.0,0.0,0.0,0.0,0.0,216168.0,-216168.29124003573,0.0
436,0.0,0.0,0.0,0.0,0.0,216858.0,-216858.29124003017,0.0
437,0.0,0.0,0.0,0.0,0.0,219671.0,-219671.2912400276,0.0
438,0.0,0.0,0.0,0.0,0.0,223771.0,-223771.29124002586,0.0
439,0.0,0.0,0.0,0.0,0.0,222790.0,-222790.29124002348,0.0
440,0.0,0.0,0.0,0.0,0.0,224763.0,-224763.2912400245,0.0
441,0.0,0.0,0.0,0.0,0.0,228435.0,-228435.2912400208,0.0
442,0.0,0.0,0.0,0.0,0.0,230928.0,-230928.29124002214,0.0
443,0.0,0.0,0.0,0.0,0.0,233640.0,-233640.29124001774,0.0
444,0.0,0.0,0.0,0.0,0.0,217290.0,-222161.83979608107,4871.548556064845
445,0.0,0.0,0.0,0.0,0.0,237516.0,-237516.29124001862,0.0
446,0.0,0.0,0.0,0.0,0.0,241540.0,-241540.29124002066,0.0
447,0.0,0.0,0.0,0.0,0.0,245601.0,-245601.29124002383,0.0
448,0.0,0.0,0.0,0.0,0.0,246323.0,-246323.2912400242,0.0
449,0.0,0.0,0.0,0.0,0.0,245124.0,-245124.29124002668,0.0
450,0.0,0.0,0.0,0.0,0.0,211007.0,-230587.78475285158,19580.493512827743
451,0.0,0.0,0.0,0.0,0.0,221502.0,-221502.29124002517,0.0
452,0.0,0.0,0.0,0.0,0.0,248864.0,-248864.29124003008,0.0
453,0.0,0.0,0.0,0.0,0.0,252720.0,-252720.29124002618,0.0
454,0.0,0.0,0.0,0.0,0.0,248795.0,-248795.29124002965,0.0
455,0.0,0.0,0.0,0.0,0.0,250762.0,-250762.29124002994,0.0
456,0.0,0.0,0.0,0.0,0.0,201817.0,-230400.57584156902,28583.284601537664
457,0.0,0.0,0.0,0.0,0.0,245457.0,-245457.2912400336,0.0
458,0.0,0.0,0.0,0.0,0.0,264168.0,-264168.2912400335,0.0
459,0.0,0.0,0.0,0.0,0.0,261601.0,-261601.2912400342,0.0
460,0.0,0.0,0.0,0.0,0.0,260519.0,-260519.29124003014,0.0
461,0.0,0.0,0.0,0.0,0.0,256688.0,-256688.29124002781,0.0
462,0.0,0.0,0.0,0.0,0.0,261460.0,-261460.29124002735,0.0
463,0.0,0.0,0.0,0.0,0.0,253676.0,-253676.29124002976,0.0
464,0.0,0.0,0.0,0.0,0.0,262006.0,-262006.29124002712,0.0
465,0.0,0.0,0.0,0.0,0.0,263713.0,-263713.2912400214,0.0
466,0.0,0.0,0.0,0.0,0.0,250158.0,-250158.29124002054,0.0
467,0.0,0.0,0.0,0.0,0.0,268925.0,-268925.2912400219,0.0
468,0.0,0.0,0.0,0.0,0.0,231314.0,-240254.29436613183,8940.003126106807
469,0.0,0.0,0.0,0.0,0.0,276187.0,-276187.2912400252,0.0
470,0.0,0.0,0.0,0.0,0.0,279892.0,-279892.2912400239,0.0
471,0.0,0.0,0.0,0.0,0.0,282814.0,-282814.291240019,0.0
472,0.0,0.0,0.0,0.0,0.0,285774.0,-285774.29124001943,0.0
473,0.0,0.0,0.0,0.0,0.0,288830.0,-288830.29124001693,0.0
474,0.0,0.0,0.0,0.0,0.0,291683.0,-291683.29124001454,0.0
475,0.0,0.0,0.0,0.0,0.0,293302.0,-293302.29124001827,0.0
476,0.0,0.0,0.0,0.0,0.0,298877.0,-298877.2912400145,0.0
477,0.0,0.0,0.0,0.0,0.0,305846.0,-305846.2912400161,0.0
478,0.0,0.0,0.0,0.0,0.0,311567.0,-311567.2912400159,0.0
479,0.0,0.0,0.0,0.0,0.0,316373.0,-316373.29124001,0.0
480,0.0,0.0,0.0,0.0,0.0,319487.0,-319487.29124000826,0.0
481,0.0,0.0,0.0,0.0,0.0,293050.0,-293050.29124000756,0.0
482,0.0,0.0,0.0,0.0,0.0,324124.0,-324124.2912400053,0.0
483,0.0,0.0,0.0,0.0,0.0,314720.0,-314720.29123999726,0.0
484,0.0,0.0,0.0,0.0,0.0,334544.0,-334544.29123999394,0.0
485,0.0,0.0,0.0,0.0,0.0,335235.0,-335235.29123999417,0.0
486,0.0,0.0,0.0,0.0,0.0,341259.0,-341259.291239995,0.0
487,0.0,0.0,0.0,0.0,0.0,330769.0,-330769.291239992,0.0
488,0.0,0.0,0.0,0.0,0.0,349463.0,-349463.29123999714,0.0
489,0.0,0.0,0.0,0.0,0.0,354750.0,-354750.2912400003,0.0
490,0.0,0.0,0.0,0.0,0.0,356716.0,-356716.29124000156,0.0
491,0.0,0.0,0.0,0.0,0.0,357409.0,-357409.2912400024,0.0
492,0.0,0.0,0.0,0.0,0.0,360695.0,-360695.29124000645,0.0
493,0.0,0.0,0.0,0.0,0.0,362563.0,-362563.2912400034,0.0
494,0.0,0.0,0.0,0.0,0.0,365735.0,-365735.2912400011,0.0
495,0.0,0.0,0.0,0.0,0.0,335718.0,-350395.2523785093,14676.961138515744
496,0.0,0.0,0.0,0.0,0.0,369829.0,-369829.29124000075,0.0
497,0.0,0.0,0.0,0.0,0.0,384513.0,-384513.2912399963,0.0
498,0.0,0.0,0.0,0.0,0.0,388955.0,-388955.2912399968,0.0
499,0.0,0.0,0.0,0.0,0.0,372654.0,-372654.2912399935,0.0
500,0.0,0.0,0.0,0.0,0.0,392327.0,-392327.29124000657,0.0
501,0.0,0.0,0.0,0.0,0.0,389914.0,-389914.29124000994,0.0
502,0.0,0.0,0.0,0.0,0.0,384202.0,-384202.29124000744,0.0
503,0.0,0.0,0.0,0.0,0.0,396752.0,-396752.2912400125,0.0
504,0.0,0.0,0.0,0.0,0.0,403516.0,-403516.29124002485,0.0
505,0.0,0.0,0.0,0.0,0.0,406443.0,-406443.2912400229,0.0
506,0.0,0.0,0.0,0.0,0.0,408494.0,-408494.2912400181,0.0
507,0.0,0.0,0.0,0.0,0.0,413102.0,-413102.29124002624,0.0
508,0.0,0.0,0.0,0.0,0.0,413605.0,-413605.2912400253,0.0
509,0.0,0.0,0.0,0.0,0.0,417408.0,-417408.29124002735,0.0
510,0.0,0.0,0.0,0.0,0.0,426462.0,-426462.2912400301,0.0
511,0.0,0.0,0.0,0.0,0.0,430374.0,-430374.2912400281,0.0
512,0.0,0.0,0.0,0.0,0.0,432008.0,-432008.29124003113,0.0
513,0.0,0.0,0.0,0.0,0.0,438549.0,-438549.2912400329,0.0
514,0.0,0.0,0.0,0.0,0.0,442269.0,-442269.2912400321,0.0
515,0.0,0.0,0.0,0.0,0.0,452695.0,-452695.29124002595,0.0
516,0.0,0.0,0.0,0.0,0.0,459317.0,-459317.2912400196,0.0
517,0.0,0.0,0.0,0.0,0.0,463011.0,-463011.2912400125,0.0
518,0.0,0.0,0.0,0.0,0.0,469991.0,-469991.29124001553,0.0
519,0.0,0.0,0.0,0.0,0.0,473399.0,-473399.2912400126,0.0
520,0.0,0.0,0.0,0.0,0.0,477903.0,-477903.2912400105,0.0
521,0.0,0.0,0.0,0.0,0.0,480258.0,-480258.2912400125,0.0
522,0.0,0.0,0.0,0.0,0.0,487696.0,-487696.29124001594,0.0
523,0.0,0.0,0.0,0.0,0.0,489347.0,-489347.2912400125,0.0
524,0.0,0.0,0.0,0.0,0.0,493118.0,-493118.29124000575,0.0
525,0.0,0.0,0.0,0.0,0.0,497905.0,-497905.2912400032,0.0
526,0.0,0.0,0.0,0.0,0.0,495059.0,-495059.2912399953,0.0
527,0.0,0.0,0.0,0.0,0.0,482336.0,-482336.2912399929,0.0
528,0.0,0.0,0.0,0.0,0.0,509008.0,-509008.2912399992,0.0
529,0.0,0.0,0.0,0.0,0.0,514697.0,-514697.2912400004,0.0
530,0.0,0.0,0.0,0.0,0.0,519335.0,-519335.2912400042,0.0
531,0.0,0.0,0.0,0.0,0.0,516086.0,-516086.2912399993,0.0
532,0.0,0.0,0.0,0.0,0.0,522114.0,-522114.291239999,0.0
533,0.0,0.0,0.0,0.0,0.0,529109.0,-529109.2912399776,0.0
534,0.0,0.0,0.0,0.0,0.0,526526.0,-526526.291239975,0.0
535,0.0,0.0,0.0,0.0,0.0,531833.0,-531833.2912399761,0.0
536,0.0,0.0,0.0,0.0,0.0,538488.0,-538488.2912399744,0.0
537,0.0,0.0,0.0,0.0,0.0,535220.0,-535220.2912399836,0.0
538,0.0,0.0,0.0,0.0,0.0,538291.0,-538291.2912399818,0.0
539,0.0,0.0,0.0,0.0,0.0,531644.0,-531644.2912399853,0.0
540,0.0,0.0,0.0,0.0,0.0,484976.0,-506718.5029941838,21742.21175418303
541,0.0,0.0,0.0,0.0,0.0,536729.0,-536729.2912400123,0.0
542,0.0,0.0,0.0,0.0,0.0,542088.0,-542088.2912400048,0.0
543,0.0,0.0,0.0,0.0,0.0,545292.0,-545292.2912400027,0.0
544,0.0,0.0,0.0,0.0,0.0,547715.0,-547715.2912400169,0.0
545,0.0,0.0,0.0,0.0,0.0,550879.0,-550879.291240009,0.0
546,0.0,0.0,0.0,0.0,0.0,536111.0,-536111.291240007,0.0
547,0.0,0.0,0.0,0.0,0.0,560780.0,-560780.2912400034,0.0
548,0.0,0.0,0.0,0.0,0.0,574214.0,-574214.2912400088,0.0
549,0.0,0.0,0.0,0.0,0.0,574800.0,-574800.291240008,0.0
550,0.0,0.0,0.0,0.0,0.0,573846.0,-573846.2912400131,0.0
551,0.0,0.0,0.0,0.0,0.0,589086.0,-589086.2912400032,0.0
552,0.0,0.0,0.0,0.0,0.0,597243.0,-597243.291240005,0.0
553,0.0,0.0,0.0,0.0,0.0,605710.0,-605710.2912400017,0.0
554,0.0,0.0,0.0,0.0,0.0,607014.0,-607014.2912400062,0.0
555,0.0,0.0,0.0,0.0,0.0,609036.0,-609036.2912400066,0.0
556,0.0,0.0,0.0,0.0,0.0,614754.0,-614754.2912400105,0.0
557,0.0,0.0,0.0,0.0,0.0,600484.0,-600484.2912399954,0.0
558,0.0,0.0,0.0,0.0,0.0,618940.0,-618940.2912399956,0.0
559,0.0,0.0,0.0,0.0,0.0,619904.0,-619904.2912399861,0.0
560,0.0,0.0,0.0,0.0,0.0,622573.0,-622573.2912399855,0.0
561,0.0,0.0,0.0,0.0,0.0,629551.0,-629551.2912399864,0.0
562,0.0,0.0,0.0,0.0,0.0,640715.0,-640715.2912400023,0.0
563,0.0,0.0,0.0,0.0,0.0,635696.0,-635696.2912400241,0.0
564,0.0,0.0,0.0,0.0,0.0,654607.0,-654607.2912400173,0.0
565,0.0,0.0,0.0,0.0,0.0,664582.0,-664582.2912400358,0.0
566,0.0,0.0,0.0,0.0,0.0,666957.0,-666957.2912400228,0.0
567,0.0,0.0,0.0,0.0,0.0,682370.0,-682370.2912400193,0.0
568,0.0,0.0,0.0,0.0,0.0,681930.0,-681930.29124002,0.0
569,0.0,0.0,0.0,0.0,0.0,685881.0,-685881.2912400188,0.0
570,0.0,0.0,0.0,0.0,0.0,684634.0,-684634.2912400072,0.0
571,0.0,0.0,0.0,0.0,0.0,694990.0,-694990.2912400062,0.0
572,0.0,0.0,0.0,0.0,0.0,699232.0,-699232.2912400054,0.0
573,0.0,0.0,0.0,0.0,0.0,706974.0,-706974.2912400017,0.0
574,0.0,0.0,0.0,0.0,0.0,709967.0,-709967.2912400127,0.0
575,0.0,0.0,0.0,0.0,0.0,647055.0,-672189.3849372531,25134.093697248427
576,0.0,0.0,0.0,0.0,0.0,714064.0,-714064.291240009,0.0
577,0.0,0.0,0.0,0.0,0.0,720926.0,-720926.2912400092,0.0
578,0.0,0.0,0.0,0.0,0.0,716586.0,-716586.2912400144,0.0
579,0.0,0.0,0.0,0.0,0.0,714770.0,-714770.2912400267,0.0
580,0.0,0.0,0.0,0.0,0.0,719764.0,-719764.291240035,0.0
581,0.0,0.0,0.0,0.0,0.0,720842.0,-720842.291240024,0.0
582,0.0,0.0,0.0,0.0,0.0,728436.0,-728436.2912400365,0.0
583,0.0,0.0,0.0,0.0,0.0,732044.0,-732044.2912400378,0.0
584,0.0,0.0,0.0,0.0,0.0,746285.0,-746285.2912400324,0.0
585,0.0,0.0,0.0,0.0,0.0,759936.0,-759936.2912400289,0.0
586,0.0,0.0,0.0,0.0,0.0,773335.0,-773335.2912400141,0.0
587,0.0,0.0,0.0,0.0,0.0,786502.0,-786502.2912400194,0.0
588,0.0,0.0,0.0,0.0,0.0,780558.0,-780558.2912400085,0.0
589,0.0,0.0,0.0,0.0,0.0,810500.0,-810500.291240033,0.0
590,0.0,0.0,0.0,0.0,0.0,825205.0,-825205.2912400323,0.0
591,0.0,0.0,0.0,0.0,0.0,843892.0,-843892.2912400245,0.0
592,0.0,0.0,0.0,0.0,0.0,842471.0,-842471.2912400428,0.0
593,0.0,0.0,0.0,0.0,0.0,850340.0,-850340.2912400628,0.0
594,0.0,0.0,0.0,0.0,0.0,849215.0,-849215.2912400614,0.0
595,0.0,0.0,0.0,0.0,0.0,844737.0,-844737.2912400601,0.0
596,0.0,0.0,0.0,0.0,0.0,847775.0,-847775.2912400598,0.0
597,0.0,0.0,0.0,0.0,0.0,839755.0,-839755.2912400676,0.0
598,0.0,0.0,0.0,0.0,0.0,847987.0,-847987.2912400631,0.0
599,0.0,0.0,0.0,0.0,0.0,847333.0,-847333.291240064,0.0
600,0.0,0.0,0.0,0.0,0.0,863558.0,-863558.2912400644,0.0
601,0.0,0.0,0.0,0.0,0.0,867162.0,-867162.2912401073,0.0
602,0.0,0.0,0.0,0.0,0.0,866424.0,-866424.2912401189,0.0
603,0.0,0.0,0.0,0.0,0.0,892697.0,-892697.2912401132,0.0
604,0.0,0.0,0.0,0.0,0.0,855638.0,-865211.9286514453,9573.637411335156
605,0.0,0.0,0.0,0.0,0.0,922634.0,-922634.2912401062,0.0
606,0.0,0.0,0.0,0.0,0.0,940412.0,-940412.2912400976,0.0
607,0.0,0.0,0.0,0.0,0.0,957731.0,-957731.291240104,0.0
608,0.0,0.0,0.0,0.0,0.0,959551.0,-959551.2912400977,0.0
609,0.0,0.0,0.0,0.0,0.0,948221.0,-948221.2912401159,0.0
610,0.0,0.0,0.0,0.0,0.0,954740.0,-954740.2912401007,0.0
611,0.0,0.0,0.0,0.0,0.0,958381.0,-958381.2912400775,0.0
612,0.0,0.0,0.0,0.0,0.0,961626.0,-961626.2912400629,0.0
613,0.0,0.0,0.0,0.0,0.0,959603.0,-959603.2912400682,0.0
614,0.0,0.0,0.0,0.0,0.0,958910.0,-958910.2912400452,0.0
615,0.0,0.0,0.0,0.0,0.0,963738.0,-963738.2912400396,0.0
616,0.0,0.0,0.0,0.0,0.0,961710.0,-961710.2912400331,0.0
617,0.0,0.0,0.0,0.0,0.0,891051.0,-900672.344713696,9621.053473673715
618,0.0,0.0,0.0,0.0,0.0,965898.0,-965898.2912400132,0.0
619,0.0,0.0,0.0,0.0,0.0,955811.0,-955811.2912400168,0.0
620,0.0,0.0,0.0,0.0,0.0,966381.0,-966381.2912400046,0.0
621,0.0,0.0,0.0,0.0,0.0,971344.0,-971344.2912399891,0.0
622,0.0,0.0,0.0,0.0,0.0,979606.0,-979606.2912399871,0.0
623,0.0,0.0,0.0,0.0,0.0,982811.0,-982811.2912399941,0.0
624,0.0,0.0,0.0,0.0,0.0,993352.0,-993352.2912400044,0.0
625,0.0,0.0,0.0,0.0,0.0,1007071.0,-1007071.2912400209,0.0
626,0.0,0.0,0.0,0.0,0.0,1026057.0,-1026057.2912400169,0.0
627,0.0,0.0,0.0,0.0,0.0,1042342.0,-1042342.291240032,0.0
628,0.0,0.0,0.0,0.0,0.0,1070654.0,-1070654.2912400397,0.0
629,0.0,0.0,0.0,0.0,0.0,1079480.0,-1079480.2912400637,0.0
630,0.0,0.0,0.0,0.0,0.0,1109439.0,-1109439.2912400789,0.0
631,0.0,0.0,0.0,0.0,0.0,1124754.0,-1124754.2912400826,0.0
632,0.0,0.0,0.0,0.0,0.0,1144099.0,-1144099.2912400626,0.0
633,0.0,0.0,0.0,0.0,0.0,1139885.0,-1139885.2912400663,0.0
634,0.0,0.0,0.0,0.0,0.0,1118054.0,-1118054.29124007,0.0
635,0.0,0.0,0.0,0.0,0.0,1138498.0,-1138498.2912400512,0.0
636,0.0,0.0,0.0,0.0,0.0,1142662.0,-1142662.291240029,0.0
637,0.0,0.0,0.0,0.0,0.0,1134434.0,-1134434.291240025,0.0
638,0.0,0.0,0.0,0.0,0.0,1147821.0,-1147821.2912400272,0.0
639,0.0,0.0,0.0,0.0,0.0,1157802.0,-1157802.291240034,0.0
640,0.0,0.0,0.0,0.0,0.0,1170028.0,-1170028.2912400325,0.0
641,0.0,0.0,0.0,0.0,0.0,1162620.0,-1162620.2912400388,0.0
642,0.0,0.0,0.0,0.0,0.0,1179434.0,-1179434.2912400502,0.0
643,0.0,0.0,0.0,0.0,0.0,1143521.0,-1143521.2912400581,0.0
644,0.0,0.0,0.0,0.0,0.0,1232362.0,-1232362.291240085,0.0
645,0.0,0.0,0.0,0.0,0.0,1178528.0,-1178528.2912400775,0.0
646,0.0,0.0,0.0,0.0,0.0,1241534.0,-1241534.2912400602,0.0
647,0.0,0.0,0.0,0.0,0.0,1260822.0,-1260822.2912400626,0.0
648,0.0,0.0,0.0,0.0,0.0,1255054.0,-1255054.2912400572,0.0
649,0.0,0.0,0.0,0.0,0.0,1284496.0,-1284496.291240051,0.0
650,0.0,0.0,0.0,0.0,0.0,1292593.0,-1292593.2912400488,0.0
651,0.0,0.0,0.0,0.0,0.0,1300091.0,-1300091.2912400356,0.0
652,0.0,0.0,0.0,0.0,0.0,1317881.0,-1317881.2912400248,0.0
653,0.0,0.0,0.0,0.0,0.0,1319322.0,-1319322.2912400058,0.0
654,0.0,0.0,0.0,0.0,0.0,1302341.0,-1302341.2912400148,0.0
655,0.0,0.0,0.0,0.0,0.0,1325254.0,-1325254.2912400034,0.0
656,0.0,0.0,0.0,0.0,0.0,1324291.0,-1324291.2912399939,0.0
657,0.0,0.0,0.0,0.0,0.0,1329596.0,-1329596.2912399997,0.0
658,0.0,0.0,0.0,0.0,0.0,1330782.0,-1330782.2912400155,0.0
659,0.0,0.0,0.0,0.0,0.0,1339019.0,-1339019.2912400053,0.0
660,0.0,0.0,0.0,0.0,0.0,1335594.0,-1335594.291240022,0.0
661,0.0,0.0,0.0,0.0,0.0,1337207.0,-1337207.291240033,0.0
662,0.0,0.0,0.0,0.0,0.0,1349799.0,-1349799.2912400328,0.0
663,0.0,0.0,0.0,0.0,0.0,1364831.0,-1364831.2912400374,0.0
664,0.0,0.0,0.0,0.0,0.0,1367887.0,-1367887.291240051,0.0
665,0.0,0.0,0.0,0.0,0.0,1397649.0,-1397649.2912400472,0.0
666,0.0,0.0,0.0,0.0,0.0,1414082.0,-1414082.2912400598,0.0
667,0.0,0.0,0.0,0.0,0.0,1388213.0,-1388213.2912400644,0.0
668,0.0,0.0,0.0,0.0,0.0,1327511.0,-1327995.6819251482,484.3906850741878
669,0.0,0.0,0.0,0.0,0.0,1423968.0,-1423968.2912400796,0.0
670,0.0,0.0,0.0,0.0,0.0,1427570.0,-1427570.2912401038,0.0
671,0.0,0.0,0.0,0.0,0.0,1432032.0,-1432032.2912400975,0.0
672,0.0,0.0,0.0,0.0,0.0,1375492.0,-1375492.2912401143,0.0
673,0.0,0.0,0.0,0.0,0.0,1439812.0,-1439812.2912400826,0.0
674,0.0,0.0,0.0,0.0,0.0,1433046.0,-1433046.291240091,0.0
675,0.0,0.0,0.0,0.0,0.0,1429484.0,-1429484.2912401159,0.0
676,0.0,0.0,0.0,0.0,0.0,1421176.0,-1421176.2912401177,0.0
677,0.0,0.0,0.0,0.0,0.0,1419972.0,-1419972.2912401194,0.0
678,0.0,0.0,0.0,0.0,0.0,1427716.0,-1427716.2912401112,0.0
679,0.0,0.0,0.0,0.0,0.0,1356787.0,-1356787.2912401438,0.0
680,0.0,0.0,0.0,0.0,0.0,1431450.0,-1431450.2912401485,0.0
681,0.0,0.0,0.0,0.0,0.0,1441393.0,-1441393.291240147,0.0
682,0.0,0.0,0.0,0.0,0.0,1437088.0,-1437088.2912401552,0.0
683,0.0,0.0,0.0,0.0,0.0,1428220.0,-1428220.2912401455,0.0
684,0.0,0.0,0.0,0.0,0.0,1442965.0,-1442965.291240117,0.0
685,0.0,0.0,0.0,0.0,0.0,1463941.0,-1463941.2912401252,0.0
686,0.0,0.0,0.0,0.0,0.0,1473067.0,-1473067.2912401024,0.0
687,0.0,0.0,0.0,0.0,0.0,1478820.0,-1478820.2912401108,0.0
688,0.0,0.0,0.0,0.0,0.0,1486891.0,-1486891.2912401287,0.0
689,0.0,0.0,0.0,0.0,0.0,1482341.0,-1482341.2912401282,0.0
690,0.0,0.0,0.0,0.0,0.0,1492340.0,-1492340.2912401534,0.0
691,0.0,0.0,0.0,0.0,0.0,1497884.0,-1497884.2912401606,0.0
692,0.0,0.0,0.0,0.0,0.0,1494304.0,-1494304.2912401818,0.0
693,0.0,0.0,0.0,0.0,0.0,1482122.0,-1482122.2912402293,0.0
694,0.0,0.0,0.0,0.0,0.0,1464278.0,-1464278.291240232,0.0
695,0.0,0.0,0.0,0.0,0.0,1478683.0,-1478683.2912401983,0.0
696,0.0,0.0,0.0,0.0,0.0,1461203.0,-1461203.291240206,0.0
697,0.0,0.0,0.0,0.0,0.0,1466009.0,-1466009.291240225,0.0
698,0.0,0.0,0.0,0.0,0.0,1452957.0,-1452957.2912402235,0.0
699,0.0,0.0,0.0,0.0,0.0,1462296.0,-1462296.2912402262,0.0
700,0.0,0.0,0.0,0.0,0.0,1337838.0,-1373321.7969944666,35483.50575427107
701,0.0,0.0,0.0,0.0,0.0,1455099.0,-1455099.2912402204,0.0
702,0.0,0.0,0.0,0.0,0.0,1474901.0,-1474901.291240197,0.0
703,0.0,0.0,0.0,0.0,0.0,1510250.0,-1510250.2912402104,0.0
704,0.0,0.0,0.0,0.0,0.0,1422128.0,-1422128.2912401962,0.0
705,0.0,0.0,0.0,0.0,0.0,1560502.0,-1560502.2912402377,0.0
706,0.0,0.0,0.0,0.0,0.0,1489656.0,-1489656.2912402404,0.0
707,0.0,0.0,0.0,0.0,0.0,1585708.0,-1585708.291240212,0.0
708,0.0,0.0,0.0,0.0,0.0,1551801.0,-1551801.2912401692,0.0
709,0.0,0.0,0.0,0.0,0.0,1614795.0,-1614795.2912401753,0.0
710,0.0,0.0,0.0,0.0,0.0,1653277.0,-1653277.2912401468,0.0
711,0.0,0.0,0.0,0.0,0.0,1645191.0,-1645191.2912401303,0.0
712,0.0,0.0,0.0,0.0,0.0,1683363.0,-1683363.291240153,0.0
713,0.0,0.0,0.0,0.0,0.0,1714440.0,-1714440.291240158,0.0
714,0.0,0.0,0.0,0.0,0.0,1708315.0,-1708315.2912401394,0.0
715,0.0,0.0,0.0,0.0,0.0,1746378.0,-1746378.2912401087,0.0
716,0.0,0.0,0.0,0.0,0.0,1715244.0,-1715244.2912400763,0.0
717,0.0,0.0,0.0,0.0,0.0,1776729.0,-1776729.291240077,0.0
718,0.0,0.0,0.0,0.0,0.0,1780854.0,-1780854.2912400905,0.0
719,0.0,0.0,0.0,0.0,0.0,1781756.0,-1781756.2912400807,0.0
720,0.0,0.0,0.0,0.0,0.0,1764420.0,-1764420.2912400246,0.0
721,0.0,0.0,0.0,0.0,0.0,1777789.0,-1777789.2912400137,0.0
722,0.0,0.0,0.0,0.0,0.0,1777089.0,-1777089.291240041,0.0
723,0.0,0.0,0.0,0.0,0.0,1792716.0,-1792716.2912400377,0.0
724,0.0,0.0,0.0,0.0,0.0,1816132.0,-1816132.2912399794,0.0
725,0.0,0.0,0.0,0.0,0.0,1702672.0,-1705613.2946126156,2941.0033726332695
726,0.0,0.0,0.0,0.0,0.0,1838896.0,-1838896.2912399643,0.0
727,0.0,0.0,0.0,0.0,0.0,1874000.0,-1874000.2912399538,0.0
728,0.0,0.0,0.0,0.0,0.0,1916595.0,-1916595.2912399252,0.0
729,0.0,0.0,0.0,0.0,0.0,1919418.0,-1919418.2912399357,0.0
730,0.0,0.0,0.0,0.0,0.0,1963943.0,-1963943.2912399042,0.0
731,0.0,0.0,0.0,0.0,0.0,1987314.0,-1987314.291239913,0.0
732,0.0,0.0,0.0,0.0,0.0,1845379.0,-1914120.8796043952,68741.58836449728
733,0.0,0.0,0.0,0.0,0.0,2002253.0,-2002253.2912398921,0.0
734,0.0,0.0,0.0,0.0,0.0,1665023.0,-1924112.5786195549,259089.28737965197
735,0.0,0.0,0.0,0.0,0.0,2035782.0,-2035782.291239907,0.0
736,0.0,0.0,0.0,0.0,0.0,2056570.0,-2056570.2912399285,0.0
737,0.0,0.0,0.0,0.0,0.0,2056984.0,-2056984.291239922,0.0
738,0.0,0.0,0.0,0.0,0.0,2033419.0,-2033419.2912399336,0.0
739,0.0,0.0,0.0,0.0,0.0,1953897.0,-1953897.2912398975,0.0
740,0.0,0.0,0.0,0.0,0.0,2014168.0,-2014168.2912399136,0.0
741,0.0,0.0,0.0,0.0,0.0,2018120.0,-2018120.2912399445,0.0
742,0.0,0.0,0.0,0.0,0.0,2025600.0,-2025600.2912399212,0.0
743,0.0,0.0,0.0,0.0,0.0,2047569.0,-2047569.2912399252,0.0
744,0.0,0.0,0.0,0.0,0.0,2070987.0,-2070987.291239962,0.0
745,0.0,0.0,0.0,0.0,0.0,2093819.0,-2093819.2912399804,0.0
746,0.0,0.0,0.0,0.0,0.0,2061312.0,-2061312.2912399808,0.0
747,0.0,0.0,0.0,0.0,0.0,2130367.0,-2130367.291239972,0.0
748,0.0,0.0,0.0,0.0,0.0,2140218.0,-2140218.29124,0.0
749,0.0,0.0,0.0,0.0,0.0,2150687.0,-2150687.29123996,0.0
750,0.0,0.0,0.0,0.0,0.0,2093144.0,-2093144.2912399897,0.0
751,0.0,0.0,0.0,0.0,0.0,2187908.0,-2187908.291239988,0.0
752,0.0,0.0,0.0,0.0,0.0,2263723.0,-2263723.291239972,0.0
753,0.0,0.0,0.0,0.0,0.0,2267798.0,-2267798.291239975,0.0
754,0.0,0.0,0.0,0.0,0.0,2318059.0,-2318059.2912399746,0.0
755,0.0,0.0,0.0,0.0,0.0,2333546.0,-2333546.2912399787,0.0
756,0.0,0.0,0.0,0.0,0.0,2374608.0,-2374608.2912399843,0.0
757,0.0,0.0,0.0,0.0,0.0,2379644.0,-2379644.2912399564,0.0
758,0.0,0.0,0.0,0.0,0.0,2388358.0,-2388358.291239968,0.0
759,0.0,0.0,0.0,0.0,0.0,2382543.0,-2382543.2912399387,0.0
760,0.0,0.0,0.0,0.0,0.0,2412061.0,-2412061.2912399448,0.0
761,0.0,0.0,0.0,0.0,0.0,2375936.0,-2375936.2912399797,0.0
762,0.0,0.0,0.0,0.0,0.0,2368638.0,-2368638.291239994,0.0
763,0.0,0.0,0.0,0.0,0.0,2376821.0,-2376821.291240051,0.0
764,0.0,0.0,0.0,0.0,0.0,2379350.0,-2379350.2912400453,0.0
765,0.0,0.0,0.0,0.0,0.0,2393385.0,-2393385.291240094,0.0
766,0.0,0.0,0.0,0.0,0.0,2394774.0,-2394774.291240087,0.0
767,0.0,0.0,0.0,0.0,0.0,2420435.0,-2420435.2912401063,0.0
768,0.0,0.0,0.0,0.0,0.0,2056428.0,-2246345.9442034974,189917.65296333295
769,0.0,0.0,0.0,0.0,0.0,2470966.0,-2470966.291240138,0.0
770,0.0,0.0,0.0,0.0,0.0,2291015.0,-2291015.291240142,0.0
771,0.0,0.0,0.0,0.0,0.0,2486582.0,-2486582.291240166,0.0
772,0.0,0.0,0.0,0.0,0.0,2514957.0,-2514957.291240181,0.0
773,0.0,0.0,0.0,0.0,0.0,2560851.0,-2560851.291240176,0.0
774,0.0,0.0,0.0,0.0,0.0,2584106.0,-2584106.2912402004,0.0
775,0.0,0.0,0.0,0.0,0.0,2572192.0,-2572192.291240219,0.0
776,0.0,0.0,0.0,0.0,0.0,2562080.0,-2562080.291240215,0.0
777,0.0,0.0,0.0,0.0,0.0,2645661.0,-2645661.2912402228,0.0
778,0.0,0.0,0.0,0.0,0.0,2620736.0,-2620736.291240236,0.0
779,0.0,0.0,0.0,0.0,0.0,2673913.0,-2673913.291240179,0.0
780,0.0,0.0,0.0,0.0,0.0,2704667.0,-2704667.2912402162,0.0
781,0.0,0.0,0.0,0.0,0.0,2744560.0,-2744560.2912401785,0.0
782,0.0,0.0,0.0,0.0,0.0,2667103.0,-2667103.291240231,0.0
783,0.0,0.0,0.0,0.0,0.0,2688544.0,-2688544.2912401655,0.0
784,0.0,0.0,0.0,0.0,0.0,2730512.0,-2730512.291240135,0.0
785,0.0,0.0,0.0,0.0,0.0,2785976.0,-2785976.29124015,0.0
786,0.0,0.0,0.0,0.0,0.0,2641811.0,-2641811.291240195,0.0
787,0.0,0.0,0.0,0.0,0.0,2815600.0,-2815600.291240198,0.0
788,0.0,0.0,0.0,0.0,0.0,2831214.0,-2831214.291240193,0.0
789,0.0,0.0,0.0,0.0,0.0,2854933.0,-2854933.291240179,0.0
790,0.0,0.0,0.0,0.0,0.0,2931404.0,-2931404.291240194,0.0
791,0.0,0.0,0.0,0.0,0.0,2952159.0,-2952159.2912401725,0.0
792,0.0,0.0,0.0,0.0,0.0,2861290.0,-2870408.6224823957,9118.331242149601
793,0.0,0.0,0.0,0.0,0.0,3116105.0,-3116105.2912402283,0.0
794,0.0,0.0,0.0,0.0,0.0,3165238.0,-3165238.291240155,0.0
795,0.0,0.0,0.0,0.0,0.0,3200440.0,-3200440.291240162,0.0
796,0.0,0.0,0.0,0.0,0.0,3255304.0,-3255304.2912401576,0.0
797,0.0,0.0,0.0,0.0,0.0,3244066.0,-3244066.2912402167,0.0
798,0.0,0.0,0.0,0.0,0.0,3352691.0,-3352691.291240211,0.0
799,0.0,0.0,0.0,0.0,0.0,3318580.0,-3318580.291240239,0.0
800,0.0,0.0,0.0,0.0,0.0,3430562.0,-3430562.2912402162,0.0
801,0.0,0.0,0.0,0.0,0.0,3338633.0,-3338633.2912401855,0.0
802,0.0,0.0,0.0,0.0,0.0,3482474.0,-3482474.2912400924,0.0
803,0.0,0.0,0.0,0.0,0.0,3487032.0,-3487032.291240086,0.0
804,0.0,0.0,0.0,0.0,0.0,3486454.0,-3486454.2912401743,0.0
805,0.0,0.0,0.0,0.0,0.0,3493165.0,-3493165.2912401045,0.0
806,0.0,0.0,0.0,0.0,0.0,3449710.0,-3449710.291240064,0.0
807,0.0,0.0,0.0,0.0,0.0,3472036.0,-3472036.291239964,0.0
808,0.0,0.0,0.0,0.0,0.0,3243041.0,-3243041.2912399294,0.0
809,0.0,0.0,0.0,0.0,0.0,3445517.0,-3445517.291240028,0.0
810,0.0,0.0,0.0,0.0,0.0,3521314.0,-3521314.2912399406,0.0
811,0.0,0.0,0.0,0.0,0.0,3556615.0,-3556615.29123997,0.0
812,0.0,0.0,0.0,0.0,0.0,3544617.0,-3544617.2912399163,0.0
813,0.0,0.0,0.0,0.0,0.0,3565977.0,-3565977.291239921,0.0
814,0.0,0.0,0.0,0.0,0.0,3575605.0,-3575605.291239952,0.0
815,0.0,0.0,0.0,0.0,0.0,3615383.0,-3615383.2912399713,0.0
816,0.0,0.0,0.0,0.0,0.0,3670085.0,-3670085.291240065,0.0
817,0.0,0.0,0.0,0.0,0.0,3723985.0,-3723985.291240107,0.0
818,0.0,0.0,0.0,0.0,0.0,3653298.0,-3653298.2912401464,0.0
819,0.0,0.0,0.0,0.0,0.0,3722903.0,-3722903.291240135,0.0
820,0.0,0.0,0.0,0.0,0.0,3864712.0,-3864712.291240208,0.0
821,0.0,0.0,0.0,0.0,0.0,3850349.0,-3850349.291240203,0.0
822,0.0,0.0,0.0,0.0,0.0,3969446.0,-3969446.2912401366,0.0
823,0.0,0.0,0.0,0.0,0.0,3922835.0,-3922835.2912400947,0.0
824,0.0,0.0,0.0,0.0,0.0,3915520.0,-3915520.291240107,0.0
825,0.0,0.0,0.0,0.0,0.0,3928330.0,-3928330.2912400654,0.0
826,0.0,0.0,0.0,0.0,0.0,3757019.0,-3757019.2912400537,0.0
827,0.0,0.0,0.0,0.0,0.0,3924339.0,-3924339.2912400775,0.0
828,0.0,0.0,0.0,0.0,0.0,3952380.0,-3952380.2912400854,0.0
829,0.0,0.0,0.0,0.0,0.0,3822663.0,-3822663.291240096,0.0
830,0.0,0.0,0.0,0.0,0.0,4099342.0,-4099342.2912400533,0.0
831,0.0,0.0,0.0,0.0,0.0,4177637.0,-4177637.291240003,0.0
832,0.0,0.0,0.0,0.0,0.0,4247463.0,-4247463.2912401,0.0
833,0.0,0.0,0.0,0.0,0.0,4264210.0,-4264210.2912401315,0.0
834,0.0,0.0,0.0,0.0,0.0,4273162.0,-4273162.291240222,0.0
835,0.0,0.0,0.0,0.0,0.0,4376423.0,-4376423.291240241,0.0
836,0.0,0.0,0.0,0.0,0.0,4183675.0,-4183675.291240193,0.0
837,0.0,0.0,0.0,0.0,0.0,4435923.0,-4435923.291240158,0.0
838,0.0,0.0,0.0,0.0,0.0,4455833.0,-4455833.291240144,0.0
839,0.0,0.0,0.0,0.0,0.0,4463125.0,-4463125.29124025,0.0
840,0.0,0.0,0.0,0.0,0.0,4517294.0,-4517294.291240279,0.0
841,0.0,0.0,0.0,0.0,0.0,4598046.0,-4598046.29124035,0.0
842,0.0,0.0,0.0,0.0,0.0,3721561.0,-4162465.2834803234,440903.99223997025
843,0.0,0.0,0.0,0.0,0.0,4550622.0,-4550622.291240319,0.0
844,0.0,0.0,0.0,0.0,0.0,4069208.0,-4069208.291240228,0.0
845,0.0,0.0,0.0,0.0,0.0,4573978.0,-4573978.291240302,0.0
846,0.0,0.0,0.0,0.0,0.0,4558803.0,-4558803.291240286,0.0
847,0.0,0.0,0.0,0.0,0.0,4568621.0,-4568621.291240257,0.0
848,0.0,0.0,0.0,0.0,0.0,3578700.0,-4070175.9328653202,491475.6416250584
849,0.0,0.0,0.0,0.0,0.0,3896052.0,-3961066.5878976686,65014.29665747713
850,0.0,0.0,0.0,0.0,0.0,4306139.0,-4306139.2912401855,0.0
851,0.0,0.0,0.0,0.0,0.0,4405648.0,-4405648.291240148,0.0
852,0.0,0.0,0.0,0.0,0.0,4458058.0,-4458058.291240189,0.0
853,0.0,0.0,0.0,0.0,0.0,4537659.0,-4537659.291240256,0.0
854,0.0,0.0,0.0,0.0,0.0,4563957.0,-4563957.291240268,0.0
855,0.0,0.0,0.0,0.0,0.0,4606215.0,-4606215.2912403345,0.0
856,0.0,0.0,0.0,0.0,0.0,4294842.0,-4294842.2912403215,0.0
857,0.0,0.0,0.0,0.0,0.0,4799129.0,-4799129.291240307,0.0
858,0.0,0.0,0.0,0.0,0.0,4311257.0,-4459166.692215959,147909.40097566316
859,0.0,0.0,0.0,0.0,0.0,4940253.0,-4940253.291240277,0.0
860,0.0,0.0,0.0,0.0,0.0,4989892.0,-4989892.291240301,0.0
861,0.0,0.0,0.0,0.0,0.0,5115994.0,-5115994.291240309,0.0
862,0.0,0.0,0.0,0.0,0.0,5164194.0,-5164194.291240398,0.0
863,0.0,0.0,0.0,0.0,0.0,5049346.0,-5049346.29124043,0.0
864,0.0,0.0,0.0,0.0,0.0,5245342.0,-5245342.291240492,0.0
865,0.0,0.0,0.0,0.0,0.0,5220881.0,-5220881.291240502,0.0
866,0.0,0.0,0.0,0.0,0.0,5234832.0,-5234832.291240483,0.0
867,0.0,0.0,0.0,0.0,0.0,5267003.0,-5267003.291240547,0.0
868,0.0,0.0,0.0,0.0,0.0,5285080.0,-5285080.291240398,0.0
869,0.0,0.0,0.0,0.0,0.0,5269432.0,-5269432.29124033,0.0
870,0.0,0.0,0.0,0.0,0.0,4567020.0,-4803200.9045218155,236180.6132814502
871,0.0,0.0,0.0,0.0,0.0,5296073.0,-5296073.29124035,0.0
872,0.0,0.0,0.0,0.0,0.0,5328848.0,-5328848.291240254,0.0
873,0.0,0.0,0.0,0.0,0.0,5259349.0,-5259349.291240351,0.0
874,0.0,0.0,0.0,0.0,0.0,5242584.0,-5242584.291240513,0.0
875,0.0,0.0,0.0,0.0,0.0,5393798.0,-5393798.291240554,0.0
876,0.0,0.0,0.0,0.0,0.0,5338159.0,-5338159.291240458,0.0
877,0.0,0.0,0.0,0.0,0.0,5304627.0,-5304627.291240365,0.0
878,0.0,0.0,0.0,0.0,0.0,5291484.0,-5291484.291240438,0.0
879,0.0,0.0,0.0,0.0,0.0,5298141.0,-5298141.291240565,0.0
880,0.0,0.0,0.0,0.0,0.0,5379201.0,-5379201.291240598,0.0
881,0.0,0.0,0.0,0.0,0.0,5488617.0,-5488617.291240649,0.0
882,0.0,0.0,0.0,0.0,0.0,4833497.0,-4996404.83839809,162907.5471573644
883,0.0,0.0,0.0,0.0,0.0,5470999.0,-5470999.291240718,0.0
884,0.0,0.0,0.0,0.0,0.0,5661899.0,-5661899.291240679,0.0
885,0.0,0.0,0.0,0.0,0.0,5697114.0,-5697114.291240616,0.0
886,0.0,0.0,0.0,0.0,0.0,5392456.0,-5399721.97813829,7265.68689755135
887,0.0,0.0,0.0,0.0,0.0,5696731.0,-5696731.291240796,0.0
888,0.0,0.0,0.0,0.0,0.0,5679732.0,-5679732.291240799,0.0
889,0.0,0.0,0.0,0.0,0.0,5749420.0,-5749420.291240804,0.0
890,0.0,0.0,0.0,0.0,0.0,5810255.0,-5810255.291240753,0.0
891,0.0,0.0,0.0,0.0,0.0,5443160.0,-5443160.291240806,0.0
892,0.0,0.0,0.0,0.0,0.0,5936978.0,-5936978.291240841,0.0
893,0.0,0.0,0.0,0.0,0.0,5918599.0,-5918599.29124082,0.0
894,0.0,0.0,0.0,0.0,0.0,5511914.0,-5774985.031837834,263070.7405968197
895,0.0,0.0,0.0,0.0,0.0,6021884.0,-6021884.291241116,0.0
896,0.0,0.0,0.0,0.0,0.0,6020299.0,-6020299.291241158,0.0
897,0.0,0.0,0.0,0.0,0.0,6215828.0,-6215828.2912410265,0.0
898,0.0,0.0,0.0,0.0,0.0,6232336.0,-6232336.291241062,0.0
899,0.0,0.0,0.0,0.0,0.0,6255972.0,-6255972.291240878,0.0
900,0.0,0.0,0.0,0.0,0.0,6398230.0,-6398230.291240676,0.0
901,0.0,0.0,0.0,0.0,0.0,6438466.0,-6438466.291240502,0.0
902,0.0,0.0,0.0,0.0,0.0,6533779.0,-6533779.291240542,0.0
903,0.0,0.0,0.0,0.0,0.0,6565823.0,-6565823.291240596,0.0
904,0.0,0.0,0.0,0.0,0.0,6360752.0,-6360752.291240572,0.0
905,0.0,0.0,0.0,0.0,0.0,6669414.0,-6669414.2912405105,0.0
906,0.0,0.0,0.0,0.0,0.0,6645638.0,-6645638.291240486,0.0
907,0.0,0.0,0.0,0.0,0.0,6752966.0,-6752966.291240346,0.0
908,0.0,0.0,0.0,0.0,0.0,6799735.0,-6799735.291240307,0.0
909,0.0,0.0,0.0,0.0,0.0,6926786.0,-6926786.2912401715,0.0
910,0.0,0.0,0.0,0.0,0.0,7048872.0,-7048872.29124013,0.0
911,0.0,0.0,0.0,0.0,0.0,7090362.0,-7090362.291240138,0.0
912,0.0,0.0,0.0,0.0,0.0,7219975.0,-7219975.291240025,0.0
913,0.0,0.0,0.0,0.0,0.0,7223521.0,-7223521.291240048,0.0
914,0.0,0.0,0.0,0.0,0.0,7206978.0,-7206978.291240042,0.0
915,0.0,0.0,0.0,0.0,0.0,7556176.0,-7556176.291240035,0.0
916,0.0,0.0,0.0,0.0,0.0,7510687.0,-7510687.291239958,0.0
917,0.0,0.0,0.0,0.0,0.0,7339432.0,-7368617.6197257405,29185.328485674996
918,0.0,0.0,0.0,0.0,0.0,7652977.0,-7652977.291240061,0.0
919,0.0,0.0,0.0,0.0,0.0,7682354.0,-7682354.291240029,0.0
920,0.0,0.0,0.0,0.0,0.0,7820933.0,-7820933.291240031,0.0
921,0.0,0.0,0.0,0.0,0.0,7875286.0,-7875286.291239868,0.0
922,0.0,0.0,0.0,0.0,0.0,7406088.0,-7406088.291239823,0.0
923,0.0,0.0,0.0,0.0,0.0,7999922.0,-7999922.291239825,0.0
924,0.0,0.0,0.0,0.0,0.0,8214964.0,-8214964.291239912,0.0
925,0.0,0.0,0.0,0.0,0.0,8224800.0,-8224800.291239902,0.0
926,0.0,0.0,0.0,0.0,0.0,8015243.0,-8015243.291240139,0.0
927,0.0,0.0,0.0,0.0,0.0,8232653.0,-8232653.291240025,0.0
928,0.0,0.0,0.0,0.0,0.0,8131514.0,-8131514.291239772,0.0
929,0.0,0.0,0.0,0.0,0.0,8110786.0,-8110786.291239733,0.0
930,0.0,0.0,0.0,0.0,0.0,7509607.0,-7912703.315481381,403096.02424155694
931,0.0,0.0,0.0,0.0,0.0,8170587.0,-8170587.291239731,0.0
932,0.0,0.0,0.0,0.0,0.0,8189894.0,-8189894.291239654,0.0
933,0.0,0.0,0.0,0.0,0.0,7983691.0,-7983691.291239575,0.0
934,0.0,0.0,0.0,0.0,0.0,8409053.0,-8409053.291239453,0.0
935,0.0,0.0,0.0,0.0,0.0,8196219.0,-8196219.29123936,0.0
936,0.0,0.0,0.0,0.0,0.0,8618881.0,-8618881.29123948,0.0
937,0.0,0.0,0.0,0.0,0.0,8692123.0,-8692123.291239653,0.0
938,0.0,0.0,0.0,0.0,0.0,8796555.0,-8796555.291239664,0.0
939,0.0,0.0,0.0,0.0,0.0,8867109.0,-8867109.29123983,0.0
940,0.0,0.0,0.0,0.0,0.0,8980488.0,-8980488.291239861,0.0
941,0.0,0.0,0.0,0.0,0.0,9103100.0,-9103100.291239806,0.0
942,0.0,0.0,0.0,0.0,0.0,9305258.0,-9305258.29123974,0.0
943,0.0,0.0,0.0,0.0,0.0,9570038.0,-9570038.291239617,0.0
944,0.0,0.0,0.0,0.0,0.0,9619815.0,-9619815.291239608,0.0
945,0.0,0.0,0.0,0.0,0.0,9708990.0,-9708990.29123951,0.0
946,0.0,0.0,0.0,0.0,0.0,9762430.0,-9762430.29123937,0.0
947,0.0,0.0,0.0,0.0,0.0,9670921.0,-9670921.291239262,0.0
948,0.0,0.0,0.0,0.0,0.0,9717588.0,-9717588.291239245,0.0
949,0.0,0.0,0.0,0.0,0.0,9688622.0,-9688622.291239312,0.0
950,0.0,0.0,0.0,0.0,0.0,9776390.0,-9776390.29123901,0.0
951,0.0,0.0,0.0,0.0,0.0,9682847.0,-9682847.291238882,0.0
952,0.0,0.0,0.0,0.0,0.0,9823391.0,-9823391.291239085,0.0
953,0.0,0.0,0.0,0.0,0.0,9851003.0,-9851003.291238828,0.0
954,0.0,0.0,0.0,0.0,0.0,9452076.0,-9452076.291238915,0.0
955,0.0,0.0,0.0,0.0,0.0,9858155.0,-9858155.291238707,0.0
956,0.0,0.0,0.0,0.0,0.0,9967337.0,-9967337.291238511,0.0
957,0.0,0.0,0.0,0.0,0.0,9987295.0,-9987295.29123863,0.0
958,0.0,0.0,0.0,0.0,0.0,1.0025617E7,-1.0025617291238293E7,0.0
959,0.0,0.0,0.0,0.0,0.0,1.0023085E7,-1.0023085291238174E7,0.0
960,0.0,0.0,0.0,0.0,0.0,1.0029629E7,-1.0029629291238144E7,0.0
961,0.0,0.0,0.0,0.0,0.0,1.0234587E7,-1.023458729123807E7,0.0
962,0.0,0.0,0.0,0.0,0.0,1.0399641E7,-1.0399641291238032E7,0.0
963,0.0,0.0,0.0,0.0,0.0,1.0743525E7,-1.0743525291237941E7,0.0
964,0.0,0.0,0.0,0.0,0.0,1.0699679E7,-1.0699679291238027E7,0.0
965,0.0,0.0,0.0,0.0,0.0,1.0899671E7,-1.0899671291237772E7,0.0
966,0.0,0.0,0.0,0.0,0.0,1.0947337E7,-1.0947337291237447E7,0.0
967,0.0,0.0,0.0,0.0,0.0,1.0955986E7,-1.0955986291237302E7,0.0
968,0.0,0.0,0.0,0.0,0.0,1.0853062E7,-1.0853062291237628E7,0.0
969,0.0,0.0,0.0,0.0,0.0,1.0990375E7,-1.0990375291237578E7,0.0
970,0.0,0.0,0.0,0.0,0.0,1.0881603E7,-1.088160329123737E7,0.0
971,0.0,0.0,0.0,0.0,0.0,1.0952063E7,-1.095206329123748E7,0.0
972,0.0,0.0,0.0,0.0,0.0,9688243.0,-1.0602176991869256E7,913933.7006321341
973,0.0,0.0,0.0,0.0,0.0,1.0845299E7,-1.0845299291237105E7,0.0
974,0.0,0.0,0.0,0.0,0.0,1.1355529E7,-1.1355529291236961E7,0.0
975,0.0,0.0,0.0,0.0,0.0,1.1427791E7,-1.1427791291237075E7,0.0
976,0.0,0.0,0.0,0.0,0.0,1.1490496E7,-1.1490496291237092E7,0.0
977,0.0,0.0,0.0,0.0,0.0,1.1485883E7,-1.1485883291237347E7,0.0
978,0.0,0.0,0.0,0.0,0.0,1.1517729E7,-1.1517729291237265E7,0.0
979,0.0,0.0,0.0,0.0,0.0,1.1479307E7,-1.1479307291237343E7,0.0
980,0.0,0.0,0.0,0.0,0.0,1.1547356E7,-1.1547356291237332E7,0.0
981,0.0,0.0,0.0,0.0,0.0,1.050399E7,-1.0999362602873042E7,495372.31163549825
982,0.0,0.0,0.0,0.0,0.0,1.1612071E7,-1.1612071291237734E7,0.0
983,0.0,0.0,0.0,0.0,0.0,1.1570544E7,-1.157054429123751E7,0.0
984,0.0,0.0,0.0,0.0,0.0,1.158126E7,-1.1581260291237641E7,0.0
985,0.0,0.0,0.0,0.0,0.0,1.1149211E7,-1.126037048444425E7,111159.19320665445
986,0.0,0.0,0.0,0.0,0.0,1.1633897E7,-1.1633897291237604E7,0.0
987,0.0,0.0,0.0,0.0,0.0,1.1712339E7,-1.1712339291237816E7,0.0
988,0.0,0.0,0.0,0.0,0.0,1.159339E7,-1.1593390291237822E7,0.0
989,0.0,0.0,0.0,0.0,0.0,1.1560747E7,-1.1560747291237915E7,0.0
990,0.0,0.0,0.0,0.0,0.0,1.1666811E7,-1.1666811291237775E7,0.0
991,0.0,0.0,0.0,0.0,0.0,1.1894834E7,-1.1894834291237913E7,0.0
992,0.0,0.0,0.0,0.0,0.0,1.2036558E7,-1.203655829123799E7,0.0
993,0.0,0.0,0.0,0.0,0.0,1.1728228E7,-1.1728228291237753E7,0.0
994,0.0,0.0,0.0,0.0,0.0,1.2422512E7,-1.242251229123773E7,0.0
995,0.0,0.0,0.0,0.0,0.0,1.2576429E7,-1.2576429291237347E7,0.0
996,0.0,0.0,0.0,0.0,0.0,1.2824746E7,-1.2824746291236911E7,0.0
997,0.0,0.0,0.0,0.0,0.0,1.2940701E7,-1.2940701291236836E7,0.0
998,0.0,0.0,0.0,0.0,0.0,1.303241E7,-1.303241029123694E7,0.0
999,0.0,0.0,0.0,0.0,0.0,1.3192619E7,-1.3192619291236822E7,0.0
1000,0.0,0.0,0.0,0.0,0.0,1.3284387E7,-1.3284387291237231E7,0.0
