1,5.6434583495575446,5.6438048520101916,5.8671422053850915,5.597557818751895,5.721689188591737,5.637734702511331,5.621853282540925,5.721625504700201,5.604126721792522,5.628982621173964,5.590321213773624,5.6715177982546106,5.6229330367574875,5.6084381759758735,5.474152219678171,5.666165671874756,5.727423815623736,5.597398698175257,5.492412552007113,5.683927672502723,5.548814196468439,5.596597402028524,5.748165019250592,5.557528296330767,5.6822347083519915,5.605626988616838,5.711677329590409,5.629420452715929,5.653953397500182,5.831335897466528,5.607389610756861,5.584429213448904,5.6813821077175,5.707630216676657,5.650888361336338,5.4010153091510045,5.761119603636719,5.642711237174569,5.598429182002562,5.630811270989193,5.598715384919057,5.59553543549938,5.697066075206998,5.581786870349768,5.5233732631725925,5.677442711506526,5.589488907857621,5.597003826938131,5.755806723805261,5.671830978922532,5.3978516074283895,5.695894152034689,5.409639993534555,5.677076403789968,5.683050187013702,5.580025286454212,5.654718008058868,0.39910247546287814,5.583974493590429,5.6063769058465684,5.661509743392312,5.7287114462831425,5.493233280222624,5.660098153051875,5.626363347107645,5.843944491580044,5.616348163923486,5.5837802189567345,5.679359466953706,5.739850909349677,5.60879167448495,5.598650385063246,5.615459936045138,5.698112856745254,5.521437673968077,5.748313129045183,5.61317836699329,5.641808870693727,5.598460728836835,5.714722701423508,5.743281384310066
40,0.7337113839154378,1.1283305327922935,7.2023543269227694,8.027002055160697,0.7467650987519168,8.021752086594422,7.317292959526947,7.91659250295784,7.254244498339595,7.811231449300905,7.896687020715465,7.416779511038033,7.263339711828499,-0.1364482860207179,6.877156177806663,7.771826422454342,7.885182392468858,7.401182160091266,6.876782524409628,8.541895505815512,6.88101105217118,0.14095124175033336,8.04008712226316,-0.045070530110933094,7.964917462292112,7.68473707988423,0.7158827432960642,7.453120163138621,7.886495606864102,7.768320240923635,7.391615328904992,0.36962385950648957,7.929653402864252,7.408983470848106,7.8854545695847,7.2455661634329545,8.577410276023176,7.333183463129834,7.6778044853353515,8.029468641625133,7.005765245336241,7.371689378803147,7.515201710670859,7.770317121295065,8.310130494922351,7.243671631921599,0.34621387616867705,7.7365593432402795,7.9307495174933145,8.03302111919983,6.514850744691106,7.723908749805576,6.531944634937892,8.367558894315636,7.7504906846756505,7.640249186384612,6.804777961949667,7.580962015147748,1.1895231583665216,8.58263971306436,7.175918824888494,8.092049034860116,6.849227673537494,7.671432147046129,8.014383607180914,-0.23639493597114636,7.473199479139018,7.304766579995231,8.013615597395571,7.327533157057118,7.3231280785834585,8.087021630446849,0.1225149429155481,7.639937584081846,6.974212222667161,0.18278240195308304,6.92034478028864,0.5249716911504656,7.657273888308966,7.40501555635721,7.841800601284408
80,9.379023016617664,1.2690959012921637,0.857813472800643,9.469436391558812,9.401364017695553,8.88032145347843,10.16897374503947,10.030126326033999,9.457861780504597,9.82248350818524,10.249116094387267,9.493435152833563,9.384425193302508,9.874568195562109,0.04268611954519885,9.694493966983813,1.1598066105806812,0.25343696133662896,1.407877674681837,8.4383575052529,9.896804854065069,10.043174049136368,9.66452668462557,9.38950454867292,9.645133365327283,0.38163737256423835,9.212518276649982,9.082829835276542,9.273446635043703,9.650633625723955,8.98585970467198,1.4077899311503057,1.4074937525420803,9.321866021645988,1.1914768051785225,9.539961058386131,9.256751920819386,0.30741516531986135,9.50492024585845,9.823415068413759,9.482336588497002,1.4169165854597514,10.120571435461592,9.617335935663299,-0.21538695929893104,10.130628895512192,9.573528736804079,10.2052563927505,10.163171653543417,10.321867142766482,1.0437931955391382,10.359862803935965,9.542711776639116,1.069848412436919,9.24228558178639,9.053520272798192,8.971849814234414,9.49215582252482,10.51081581059729,-0.03148271260420299,9.605308188654377,9.561855724010035,9.025113310234461,9.622876982324987,9.462391132228948,9.191935547446924,9.140247600949598,9.201653197565664,9.528911295288635,1.0729703811535936,-0.7669816598196786,9.989924890089567,1.4078953401271415,8.929907345812904,0.7966023809061834,9.643257988444825,10.370575364166003,9.13508677572599,1.3451037113349242,8.953759173341844,9.644038721257175
120,11.268029775814297,11.080406276588057,10.731082540770021,10.608234958656805,11.488000977757112,0.16676303439935025,10.711559758742089,10.990335295220618,10.6257506864034,11.779676250404874,10.546530875941265,10.630479189303426,10.993352556653809,12.441194669011384,11.270652117488813,1.7186377982701155,1.7354236613909915,11.536253605532806,0.7883411896901777,11.636907635756994,10.811978273493313,11.353205789339418,1.7192064064873065,11.180672974920128,11.880072058392313,10.801665746335578,1.0042526543361936,11.06960098649981,11.446395929799992,11.93999300066118,11.643932410159106,11.206457477780386,10.859977324406817,11.59557502013873,1.726580676834562,1.719487665712497,11.630018256054692,0.6307206792566273,1.7196759919759557,0.6698322269211776,12.048681743314052,-0.07084340672499145,1.2087237307659209,11.376859002283963,11.413532116507554,1.1444709408884703,11.270680000645413,11.389146637160366,10.593653485610886,12.638234679835204,11.141189698864777,11.00369721989096,11.755263322618527,1.0889654770103068,1.7195013826995735,10.278235575877453,10.81446883108914,11.960301258870619,11.716880747654894,10.858793706543954,11.933590141743814,11.969082398939687,1.5955210496910952,10.879168690918455,10.777782857884239,10.882386084909529,11.329302428220638,11.040638483368618,12.298552316646312,11.129507799238533,11.326760574259197,12.155371632074267,0.783893949586846,10.672114215614126,12.499868019372943,11.761125304885631,12.128844211316071,11.228882760864186,0.786365028051148,1.7196373783618624,11.345511758974272
160,0.3623360151019357,13.511133446253858,15.585206367457264,14.509560745677867,13.788019654232533,13.86978344369382,0.7433204411996037,14.78707301045468,14.43108008313109,13.925376350896077,15.259918729201761,14.634253601389899,15.710959409838406,13.409169405235886,14.659333427244427,13.777819119171768,15.759435396602722,14.477421143566088,14.860092968790344,13.746778786692275,14.162231687740483,15.85270314126528,15.496707157989267,14.807903395842455,15.49050364709675,14.304388791817956,2.1912225473904696,15.04477595804855,14.849667718971705,14.363531515590669,14.694352815265225,1.8594026821999665,13.434878886531102,14.785739165404745,13.70825095424711,13.399911561802792,14.833594840725722,14.220086645207992,14.589120822923336,14.16041002198779,14.91376272190676,14.027613821396567,15.00204698507972,14.041342190734923,14.670729778904347,14.607285915775794,15.342748018018554,0.9912762389560337,14.583968809456673,1.559776919436671,14.321497660903859,14.324795066908452,14.738656706107353,13.50538350353661,14.419827103423154,15.00819114430572,1.7100765006790124,14.523597227693358,14.252761598908286,14.802378470146632,13.988105235538942,14.637309121884078,14.455069397051686,14.251139950582617,14.229868959308511,14.79087866340938,14.668124998442488,14.926204673513412,16.05743666281775,14.505316396778884,1.996783445184056,14.741888058268785,14.146129841965866,14.110902047698382,0.5858833191258541,13.772934150340234,14.13353108090566,0.6206421164204943,2.179377576446263,14.537074003688577,14.04884332038596
200,18.40646793872546,19.203023577222098,17.339909507351386,18.521984573892624,19.034161839079474,19.754154970933293,21.129585440949384,16.767856549601213,20.662609871676505,19.502446284956104,18.445846050846576,19.25688797633537,18.90198716105092,19.467239335597483,18.82953716261439,18.039613024104714,2.7532882898225353,18.41911452670547,19.86841725275242,18.97465105547896,17.905971932360607,18.81757378801287,18.516512246950136,19.048606932703866,18.519302204126163,20.58382422586947,18.986434211296192,18.642768285252906,20.384810988225475,19.235093014639013,18.206849542312476,20.26458016444819,18.814253297047863,21.264074294168015,18.72139100100997,19.34515239108826,18.598022034467405,2.2661687122864382,19.293841016141478,20.94842204949918,17.937623918796685,18.770070378882757,18.887119123217314,19.647324241146183,18.72546681091078,18.07242248826793,19.401626448141123,18.98373920226923,20.160723220270032,19.096829140374133,18.801843749187654,21.374544496477775,18.086121591660145,-3.02242391439008,18.92279290768632,18.193611485768002,19.430381240271345,20.043982784734286,18.81829549286345,18.090717553566336,19.883645246896634,19.08481270932098,18.568381315629182,0.7280824187086341,21.07080191810374,2.736531543701871,19.56832159877115,18.391234143491598,18.27880698823862,18.390392691880383,19.273461166395148,1.726497855176518,19.335788957099382,19.786630548775126,19.65020231453939,20.91854881889845,19.9158103373061,18.47420351817426,19.59081718258131,20.637385866611993,19.609378618349623
240,22.642357786040723,25.53298036185818,23.898995058178386,23.024276047994597,23.927228445097224,23.00803752797885,25.680011898999865,24.07139415374277,22.290286155469936,23.118159674129213,23.39187125781752,25.25083295715542,22.877571470238024,24.263224060924873,23.914377511785624,23.070174161847817,22.57780956714221,25.836238640682954,23.231513516390557,22.976774321046285,25.818445747699975,23.17297750679313,25.085367547832593,26.930338893688926,-0.9952087063545685,1.4255208967484032,23.38943615681479,22.913787102707538,22.527143931743403,25.145690359044124,23.815435940614588,23.49095022990143,25.454364938953127,26.029872359408618,24.16756338987028,24.82563998423158,23.45684374652049,22.997801431057674,22.906901654630165,22.917345350249104,23.482710160807102,26.609195971708438,22.583372122601986,23.27069977439921,23.5293770515692,25.503299946499933,23.269176134210873,3.281657016385109,3.2855471325561143,23.976818843382226,25.421433204494086,20.964400200292893,22.395346450527462,23.147616970806656,21.060884080668387,23.849575542265974,24.25769037170982,23.713129169608997,25.696146984188168,23.249513348426312,27.276514927490396,23.363251940892976,23.475897024175417,22.104319591974402,22.50474812439078,22.39837662555844,25.033649884518432,23.96337409627524,23.681045782317874,25.938857882849533,23.759825737817458,3.2856523168671012,26.155794398017324,25.55276118271544,22.58032718795823,23.823370868249693,22.023100570650964,26.23717218813311,24.012984143061676,24.185932882254146,2.1669030707533663
280,2.9538152093141132,28.827788896503716,4.238170471038224,30.937009451320414,30.92369127041332,29.56273822147636,28.966136359589576,4.037486939361489,34.333412480887674,28.24379118591651,3.268008344918513,30.685121928466348,31.058217574186976,27.774012275328317,29.619580036694632,29.983502748892334,30.679894351601963,4.23271458243644,29.52867339873244,2.654524679207593,30.762816731748682,30.61676819386622,30.502108159010653,1.615936680548073,28.13473530679142,4.2327562097288025,27.82860708383188,34.188930955035936,31.06885153006081,29.6761788485559,33.46818647443794,30.631475773890994,29.377807979492736,30.49918490913596,29.468764978397584,30.043230346421762,30.722365056807124,29.082937654579403,30.917382495278506,31.473398816350603,30.3942346661227,0.9645166433674155,29.570238955014442,29.43279679368703,32.51814603495964,28.765918349002675,31.597985493063195,29.022823140267143,28.397262864001704,30.200980506834053,32.871376134714986,28.94270981373906,4.232506381891824,29.91534481060583,27.796091657453886,28.073188417243685,27.598780491329894,31.041188964028112,4.232514154837045,28.680619238401807,1.8483552616901497,2.0608229081457274,29.819014119644486,4.232602665610988,28.789859062819403,29.148222907228924,4.232716767442653,30.089847856623496,29.899616366172182,29.30163209477771,29.835132758367745,3.607171040702637,29.84631925096108,28.70776519421301,4.230281474012502,29.042828768566554,28.405854920703536,29.341721824181704,30.368254018986,29.26426149389481,4.229125396082367
320,37.19102769997254,37.181782519850614,39.718724627597894,4.819470496582507,5.412719758724088,37.911089822221356,39.312184011659085,36.15949125032418,38.16857896485614,38.002073754725615,37.87610298958582,37.92116847017762,38.28332112516019,5.489399266785246,38.71964699286815,35.13917142573678,5.4895072714064,37.13039008037677,40.47675111019433,38.81784339873568,5.082219583148266,35.88480516392155,39.78335403171553,37.012205474093435,37.28505734249134,36.20983718380773,39.668022620600425,40.21155149516595,0.9938236486685375,39.52886567624584,37.31260841327613,38.44438165067085,36.561205670076035,1.229715329451671,40.646488354566706,34.929566157371916,39.692901839704206,37.646269785509865,38.64286325699802,37.9815457464024,5.490739554107304,38.014709958005284,3.7879876513808335,0.9783818086339906,36.19968953469146,37.27582586077831,35.55330918651828,39.42283296939779,40.99089470375863,37.8306381521965,37.360304933053804,39.7736000341556,36.67319540949073,38.36671337237749,41.26036781207104,38.51084137214057,38.584911370462166,33.72641476033769,38.6739322328533,37.82463393284881,38.520790618849716,38.10092613106979,37.2069763567133,35.70049639168403,39.592307103845485,36.0770033009509,4.813128815781629,39.45163429021428,38.22673181591627,40.79102497539885,38.33296272796409,35.77203599967879,38.04292223575919,38.47715874073745,37.551928542555785,3.724967345101764,40.35212890478044,37.07293262051178,40.67462894489202,37.36538789951487,37.743724338876085
360,50.135927411573846,48.218029138537716,49.80123180912868,3.294069245735895,50.76573087718354,47.90382122688257,50.50041438307419,47.77344572050578,46.85247053872659,45.55284575397158,47.72698141176194,49.67056749838184,45.755808930913986,0.9602174559735577,6.835784303148553,48.57152746012389,6.194241018674479,47.1883319774938,49.5561382468003,6.835890373897785,49.828076060652805,45.32744259295444,48.636966017745365,6.212593872497279,48.61686969445728,48.81287965606742,49.503874040258644,3.7297358473579325,6.83377508909624,48.73459005361226,50.567957977384424,43.66517086799388,47.37450107376304,5.436227084783078,48.98351045872232,51.101008185985876,47.5642727422978,52.45282751752221,49.37965075500509,47.15616805790326,49.78855193749108,50.44226666687685,44.43127847587861,50.4196330425552,52.612132239768215,45.003152786731974,51.79941918019732,51.61167535459474,46.314780283189165,5.9370086157850155,2.193038333062633,48.86835143600027,46.494734036263694,45.936265283142646,4.227598140654065,46.65532579614652,48.61287672824274,45.9487053766788,42.95068576570554,47.21563008742474,6.917904875443469,51.05419405202761,51.2993952250131,51.90107871626801,47.30275438020654,46.91098557397878,49.900628194643545,47.69340586317098,48.7714958082484,47.08835311879177,48.92300304803908,2.0775658580798213,46.54009817748018,44.28936701531822,6.583567444535268,45.04602623127285,46.46613331681121,6.068044653612164,51.11340048303916,47.16882436201477,46.096244044857514
400,56.79702350556236,62.191145830764015,57.99753828509162,59.13982248286792,57.775211056531475,61.333853394064874,60.486176755729986,56.851816292262754,58.44522514502286,59.947341459908216,8.658443091248934,58.58172991853184,63.84372160520379,60.50324734652574,60.75187553258356,59.264296445211585,60.20526614610273,62.6969886755579,8.656999306236518,8.652864467644644,7.909691214203989,5.567107649965891,64.81126592670878,62.016584273320916,62.4955382819385,62.73586634130899,64.52224990572267,64.35222202241255,4.112520808885655,8.737253714662456,61.69333586584893,60.33739384972152,62.374035249345496,58.178827605718425,59.05856596532979,58.752737520405,60.73433679276649,63.31852659771091,57.58707563489757,1.5795349573058157,62.95063160386796,58.42698324191383,58.657798138536705,63.07099553464539,67.65755282597092,8.658235340565131,59.400063152789436,5.397217019008454,61.391542107185266,63.9613378205187,60.351308089049596,64.44915868891232,56.44954753854617,59.43961584251039,60.46635912191585,59.31226018922421,61.83067067575121,64.12155285931901,64.86291961860596,3.439325944255768,64.7824354837404,61.19359943280248,57.62688768579473,59.402887383130135,4.413366314986969,59.22865270153605,62.36754161739451,61.29801533201906,61.96420457508627,56.667496765059454,8.76236489323292,63.75733885004796,8.65874110655765,5.814626826319934,63.99440199611654,62.09618562328252,60.76858126949279,3.746236363723267,59.63646679288471,56.93935871812752,62.617685701208856
440,67.5272682456561,69.44384206393015,76.48739495759796,74.67154530328506,74.9667401221098,70.35178798576514,11.225033508950984,71.5022494512441,68.43917643399747,11.218296382627049,74.44210666468777,81.67111518135252,75.18126752001149,76.55338225173305,3.8281039820167297,73.52796176964719,72.71375242250707,72.15606647556359,78.79363773042101,73.51851300260148,11.217357087973099,72.44399876414306,11.32800114556594,74.54013846293945,75.96672655367114,75.17584659428775,73.99958031895804,11.218705960200161,6.782294696021468,74.45427777543384,73.37594846194045,11.218367600010497,83.48490451591859,66.90252425178443,75.5109580965419,3.4530709393493293,81.36016331627529,74.819544740444,74.11163121952569,75.74255686119014,68.02393628966234,11.218315440740959,4.137989681300596,7.870130797444267,83.57167754512975,74.691187778115,70.98111043738496,72.81745739612978,71.8581150188259,9.297964870234367,77.34142743987579,4.897613246540763,72.50705126028654,11.215892898505889,74.04260826377904,69.73752839465945,69.52404353280593,74.97509409653745,77.59815824578737,69.34836714382347,67.74268536529357,73.14576042922684,74.4831601625771,73.25039993384016,68.52523301667956,5.731586472340868,7.299478266679055,79.82554615315809,74.31577475814393,80.16957546020095,11.21843885892449,70.65076775639828,70.99326980302314,70.17620842243227,68.57503208715012,72.40965347901276,77.70111418524795,8.865705607808799,72.40674957561319,80.64754072579926,74.93417740285813
480,95.57970752503111,105.26319407847507,98.24013638294815,94.34008884802043,96.46454944549644,98.23751488681357,96.14201713645195,98.10063211071443,95.24667636335182,98.38583328657413,96.89510427478719,98.61135663038773,99.85724484837704,99.06858395816147,98.62576066318073,10.04927659131332,90.10551848654401,9.058314685548009,97.24996807807561,102.22660569559929,104.08191916660459,97.69401758766577,98.55911223782161,14.45366099331955,14.830783113396954,95.20026664900836,14.936117234968732,12.915707119135806,103.13104718955998,96.29139071184281,90.96154535000731,8.832958576362405,106.59632050590179,96.00803711143483,11.840175364350833,89.06730192314822,93.18954653488393,95.59948363201286,96.45187575148321,102.38322147518352,98.7045391801012,90.13784202051835,98.1021134380388,7.116252021856187,95.66246656262572,125.36723372280744,95.56435029323438,106.87414807553468,8.023977259738317,95.86014162302327,99.8216621298559,92.14761931711683,94.88811302526047,94.98301050982067,96.41562256871279,95.89130523166455,98.63038169931004,98.24446664875792,95.0889544581165,13.17542875632594,14.9013352021548,93.03034123302419,94.57208168642966,14.833469807551669,95.87576666432292,103.40656297821579,94.98765687347269,11.571369291206622,106.77992781179502,93.56678176349678,101.58031544973892,93.74027670962255,14.832532967714036,95.60508761904293,95.1871992623492,102.40083567941278,97.21774095761467,98.92557665264877,96.62740292999649,95.85181030859945,97.22822675194008
520,126.91991469046684,123.98596527785098,131.44765851102065,135.30670748851253,127.89400094201211,11.721978690398108,124.30483740281986,131.77147075528285,130.01969282475295,12.392128562004014,130.32946724752574,12.694841256284882,19.356331045321078,130.37567995953682,6.697044650464322,123.59289477197964,129.1599383075765,124.59934285302535,123.28801391164106,127.26275908709549,135.8775182963269,142.38141052029806,128.24077791929682,125.77579664222557,125.73054503681831,127.52732209421802,134.55222932519172,125.12431555557427,129.96035351078567,124.30509401176948,17.507254303736183,146.958373410557,2.2463464602730916,130.50924501168626,130.58244401717621,127.2365628148655,116.84089255812182,19.3110653878243,19.309061549267543,128.04304075628542,128.46794901687335,127.81600016035952,130.25083877950533,12.89799063113019,125.44836380242077,128.67618898672097,124.28002479356483,125.46574807477262,130.76806156969735,123.17253157689493,129.86777114508885,129.0033778273551,19.401789181468185,130.02962311774684,131.30171292301395,135.17672308181596,127.76513965914147,128.137101800704,-1.0171613599874938,130.230348637943,15.042413523264303,13.240573289562011,19.315312068337256,6.623869748530792,15.66966407726634,132.80791144720834,125.13507052874743,132.87851070228731,124.65060145838774,7.251182376733404,19.31557669681216,131.80277591826516,19.374778798408155,9.01494627066116,127.68227612174474,19.475580485860977,120.33740678654901,12.582139003173472,121.62062164445707,121.98047390629246,123.67850907605171
560,4.884898990761801,21.857485758629632,155.39253152534394,16.38250673619101,173.14560570407713,23.31583395563587,24.37353616225051,157.07781319428233,157.76241150329554,191.0543145237006,164.63721635038814,24.359845629945298,158.02230502355783,178.20606345058636,-0.15034681716718623,13.04124597523775,157.75697109977426,160.31724691595048,168.01265216677967,175.72988264235573,165.1107529161812,160.42383365584186,16.831379531666478,24.518022647984665,16.614858185688973,157.02266941322358,168.1547871253302,166.678627322617,156.9006229394787,158.4870760542824,168.11524065238552,4.916721097145427,16.721657101917664,18.025563160485817,159.3190829768269,165.2141528759752,153.19522374944262,166.6608691201883,18.59141066738886,165.22374427238418,156.51224324179773,158.4555369989755,163.0489963608174,163.43536465315134,5.6321088569086655,18.936801256530952,168.06345249317405,170.45418052366512,185.41321593017884,14.561328594780285,24.373219588801202,10.20031271685166,159.18609122479216,159.71646502448164,162.53111017448666,11.809094951149442,167.30517120563644,163.63827348432596,24.575434781371094,159.86211547696143,15.845979092762127,160.9891288003708,162.50436413894718,160.20891875221028,166.70066704971086,152.9055783241059,16.25986631389801,10.251969810396425,162.86324094674694,16.8084973025139,158.73048089754388,11.911245204659437,16.353430488622664,23.724275385902512,166.4246509025017,13.179281496825823,24.611081119081128,162.56641517564668,162.16754420247037,19.679797501767972,178.79913523437386
600,30.741289365779675,205.51219854935877,213.87344093812402,203.33991963650146,190.72448479189356,25.918658974873082,200.79771007771382,21.76989331469001,198.70339020792534,200.77474947228674,196.59362539860535,20.108247017811586,194.83334643860942,204.03227719423148,189.17153829690233,190.43422248636438,22.548357158527068,192.1592626435276,25.264968983782484,30.744676544781115,200.92976830925764,193.24681574995464,28.43677109990069,12.940444207660665,197.47169454322426,19.31791840006108,15.317261354915459,198.68664949886454,189.65487407483545,206.47247644944247,199.091984364138,210.34321644013193,195.02011953088268,200.26237206119922,209.66474213648095,186.33085356234852,26.246540215441048,195.62427485629584,211.04406327845703,202.64720722095868,31.160092297476133,20.015377264335623,26.062823903448802,2.300643070297987,196.37913826424833,20.697784284805394,29.882414318440787,182.51016137208052,19.443096087472615,212.470425318049,196.58965217331937,186.43179620451116,206.65569369712472,19.772645458059436,17.38422737735713,201.55429133278096,25.909376733883946,200.23962190101236,233.858569063799,205.34324685464568,208.0968248453022,200.7646022764467,202.1951905538584,9.982921126234903,31.00175041839221,11.85314264545778,204.29098074207238,204.36244009651753,27.631713500789296,212.2928710645762,207.45059420267748,14.50192315360584,198.98606938197526,209.27513258802196,203.24180803943506,19.894039694074056,210.39985016103182,20.581897426612105,208.52607094623468,220.742640387351,196.04897665901268
640,234.93561433782884,23.52273300798739,14.475715937184098,246.50171517788942,226.03272209902215,234.95910359477887,239.5535304598339,237.66463096141524,23.729236602610545,243.02828401674867,234.57085834632312,239.6182325326397,38.856807000324295,24.179281476968047,232.65981545766462,243.3509552807534,27.203347394496422,233.3947213706665,244.5180539541683,38.84149415696729,38.85829371015447,261.72784492776077,246.09859422337234,1.3741281409251656,234.08941156437328,235.54610077277468,253.71840059558826,230.93720110625645,256.3112148258203,264.40789089677264,228.11473746390112,241.18288328379663,12.854815839866976,242.48208027076666,243.06366348496266,230.54752299373516,258.01562113222116,230.28141424259798,16.311667340755648,37.443695023168516,232.66085875033434,242.08624072882444,236.30712280026302,38.001464697355345,235.3538469626634,232.48194636039392,236.3320171310117,239.32030675410948,38.85682584828865,226.2059587747468,230.86790474101127,245.33554366379434,242.09816499883826,38.842602155748665,38.85578200067456,244.46312411633386,255.92425216683174,254.23229501642825,39.32011625338994,250.4803016270906,19.28045420637606,225.2497028044651,250.38816344695795,226.92766021240965,15.581886732118246,232.9171878915765,287.9141001027083,260.2165537952977,235.08462970166806,263.0206926394984,39.12642283528753,231.3844286763765,29.688198527508085,38.85607405192437,241.71159013913785,38.8567680637089,244.8451980003514,240.7437100082057,270.2845854987947,232.56143944126023,25.34969988136429
680,324.65022622952597,301.0460569719154,287.11704302126356,284.40082709216995,282.0453091506504,330.0929540432302,297.63922473991056,299.83083965143317,310.70909613685643,297.74138731436085,301.4216098821994,326.20916555988794,301.2423708851972,301.04181617961456,318.0739115347642,300.00348280587764,326.1144493055552,313.60571843157044,50.06475981928053,298.47110220889454,302.2565079007698,312.0653099845986,308.7468238389017,38.62897945556642,310.064121967043,290.49274602656675,287.85724681482543,308.13788936061223,306.03184553903293,287.195116137908,23.39169519476795,26.613317014877087,281.43901234197693,34.191979195612575,291.60879321056973,304.1664889319901,291.6652551786575,292.4422974987422,320.6147133389381,304.95999961007584,322.08581891419357,290.98231602609155,328.3587746265508,311.6335697414131,322.4227358794642,300.3016415211638,335.748981986995,308.5513746305164,311.0515622811279,275.8380199118525,294.57070074259485,306.63158436926324,308.6182507940199,296.2256334077283,290.9003727162323,40.492594916795774,291.3629475379125,303.5201397803622,286.0030491518102,318.8618360437454,294.25740438165906,299.86275385592717,311.36179887249875,302.97442249510294,305.0474533262965,50.23773933003885,294.0518210017493,292.9181447446508,50.070864743196964,304.0318370507215,49.731655417789305,336.9062132687967,302.5934461692185,50.061082763042656,50.06445829988142,297.98199989674544,330.6935272033697,299.67771276219554,311.3326097315041,324.30738331490545,311.12081308520317
720,394.30904704607303,31.96959742028698,392.75143633644944,65.41411592358402,390.5016931074209,382.0302259388347,430.97420595741744,65.40138248952557,460.4293960134087,412.7778966451855,407.8603986234145,400.05780086088976,386.59453877672246,389.9708452007101,394.92252654586844,379.1138409473208,404.957970264723,385.04773670428096,387.51581420164257,414.7240729134333,390.6516352689423,397.75821247200935,423.0420676775799,396.07429731661523,22.93300370472629,45.397247596088505,391.6400427234252,379.2898481616244,65.42260458909716,65.43040285341179,397.6545317642508,378.6636703087347,392.80825690603007,387.50307020649365,392.73188554248384,421.4204058576938,372.0141472318002,424.3154096836797,400.8262178982327,44.60933851148758,391.05507756391546,448.4136574872289,408.77369377485724,406.7793715282659,402.644332454419,409.24301329143157,371.5846510528206,406.59474485906395,400.7592470932233,419.94909379591024,380.70334726608803,408.57246155146737,389.3300426492459,438.17416140369204,404.47128975866536,404.8421022960415,383.4474655075198,414.5767572419264,383.23838404092214,412.913319939985,401.9346224883487,402.15277044178026,417.8675501145391,441.4160801533401,381.9391796065354,379.55714033204214,417.73181897037205,65.96611718860083,424.4984592724982,404.81477056257165,378.4264755624797,371.08824687939733,385.34599334601944,425.6223292594683,382.2948083091118,411.7340075465403,411.2644476644492,400.8209766454015,415.7055789816844,400.74278142677736,382.86237205588395
760,566.0147080281548,537.4734624954117,534.8010295828567,522.866284896107,534.4669546362791,530.3215500263518,586.5175965091216,87.24295656474253,531.3856029148267,532.3879069802352,519.6026630853542,74.79894770614067,597.4084157427088,546.3381648028701,35.88193314385097,538.012377032688,563.7512816479094,548.8511019473239,87.23699555399334,58.781236697223335,77.67677837192184,524.5698930296626,548.749620152037,604.7330590588653,527.8340961780416,61.182124865299876,557.9478137761558,543.71432975531,554.9538173779836,78.50389339948718,545.0256834288705,509.69958792090716,508.35221596098074,538.5467980117894,515.7691583733211,60.439358886953855,545.6890358572094,536.3493912212691,73.09048463431682,561.5010320619049,556.7679190403608,537.4659269013919,527.3576699224476,534.4690247116692,520.5223996818985,549.689360230934,541.4633932841723,547.9826459321108,543.9003877705101,549.5748379917585,554.2438764185362,538.7082835289638,22.977011006425954,539.0159537489675,512.2166377746669,549.4323145465273,36.58301706256152,522.2794298797945,539.17710599026,505.70301869871105,519.6467431683442,561.9294032754932,534.8792593620168,530.9706139033099,642.4425671245777,516.9226777432734,579.6502674542457,22.640484394725746,523.9606332171325,521.0019257102413,557.2858215992335,526.8565149424886,83.953341051758,578.7015441722463,541.2821516140081,524.6898816278575,518.4042224272459,529.4752350826992,598.3796531749003,545.0140106714816,605.1698393249097
800,669.3279341028407,660.715043555324,648.5976919749097,612.0806974035352,672.1883943999243,637.3096914772871,56.4653126212085,606.7482346303595,661.7694307697084,111.32122899097303,617.2558824038856,600.7209209785391,110.97825594677236,613.382878135822,86.67932022344091,664.5304415440951,636.4446728674673,657.9856719109154,593.8895284074338,94.98873404592146,80.94060023758885,671.8212105079725,110.98744140747509,623.956505161927,770.0760441926724,80.84331247630926,601.468241792565,616.9484142090525,111.0541690355038,667.3224130547973,669.4726882349837,632.883714155716,614.7443407396996,718.9230317388474,636.544955394033,603.5922264805218,111.04965250040719,680.7278274410681,670.4246310651232,598.6514059349506,605.29943873628,628.6683181690858,593.4466695755079,622.8896828928555,111.04896084212531,89.52736235003022,637.2055638416596,631.1388185150208,629.3546032898319,82.53194272703904,111.45496378044128,603.5897594988994,621.978173911692,616.1811331784411,629.1266365723961,610.5175091756043,112.07365465227834,624.3988932218593,612.5298118137222,648.7075059144397,646.8215437334204,111.01556240018968,602.0192679582196,641.0025999486761,102.60811849617285,69.62067910337635,111.04969239659027,96.32566583832224,63.90115369074332,111.57688268647591,108.21271807471366,62.944160095430604,103.41716796670921,610.7323388261179,112.0109851069459,619.3680027710241,602.1823375776517,99.88538897542179,608.5708565905578,598.8974093110787,632.8997591629218
840,745.7660574491139,736.9374907121442,76.99191042599618,139.20486760790578,721.9740891752144,100.97368969510369,728.8608417311447,727.9009238817589,808.1509953935451,131.3322078521738,757.2101723509011,712.6366851215711,122.95719346255038,765.7754601802715,771.7676163544676,750.3636023245792,736.0933406977206,747.573809837904,864.8576489524135,877.0305087133833,751.0475237163162,776.5510654464889,115.04290190313952,781.7111613242864,762.3617035964332,783.6888075906396,735.8725065898254,769.8298917569387,753.9944340685017,763.9712818292764,706.0914356471844,745.878389630706,799.3001871049717,783.8542550400869,777.5179627799931,788.446949458696,743.4261496202288,139.204868139674,139.20516378874436,757.6279250412723,771.5208815003009,798.6630597597798,770.7105847606673,790.5171573730054,745.8701691215003,765.087713504665,714.1300299296322,140.58838099129798,721.483362713356,139.95642211370085,711.6071924059074,139.20723949813595,755.7572329330707,713.9308824175971,791.7043314311446,851.7665697892862,88.58968927722249,139.2051612885134,759.9819119973341,780.2045285478482,139.20507267393572,89.5073460544571,731.151660011115,751.3116707450625,789.1208971279375,787.0023039772004,893.0406417221459,125.57347664734772,827.87289609912,735.390574714724,744.0458455069484,779.5014941650339,732.0243192860291,139.19766511235636,750.8558698146694,738.7371751781104,813.9775476706523,769.4154394352347,115.30725906740554,801.3162484599961,765.3620902842241
880,991.061380581375,1036.5134000923288,1015.7097563921081,87.71760292743996,1110.0225668648764,934.1236449229343,974.9487343259265,1017.304529196892,895.613025301268,992.6189891313608,1125.9454871194193,960.4577510048779,1050.6899315102614,1028.9488441928988,967.1077684961464,918.8766265672031,979.5375669356171,1082.7426019698223,989.6389437604435,1051.1942922552894,1059.7259007330942,931.3598298887023,975.724731925212,143.48396541089687,1063.115734874131,977.4677481493882,948.4189936659509,1160.0208876132883,177.91612003444476,959.6235504067374,177.79980916536988,116.71585567816105,1019.8404539341805,128.68898634542705,998.5508339358075,1055.9006821444302,1195.4079896713704,981.5088784957006,945.125527870941,1007.869346419842,936.6592915805999,997.2075002787901,1051.73592494706,1022.2238510924465,945.5935563753551,177.7825213341373,1036.1168514969547,1026.3315814198043,1028.2916376702833,146.28384501945973,913.0930126102096,1007.4671804846014,971.174969719752,1054.7829845255742,962.0312535679695,956.2028240918249,926.9605095872821,983.3606637659447,913.5732093596541,894.0569364450945,1059.528772143673,981.3733606167993,961.8036133010817,960.9059686615882,177.75433270468704,1042.527668188769,949.8394825277783,1026.5412540985144,973.8219159045251,969.5272431735893,988.7141388918462,857.5887737238482,1011.7108763421722,939.0141614309911,1096.3958357389497,928.3060642304575,971.2319333664543,988.8120789709517,999.46081713388,1029.3377199087386,975.8892435064364
920,1200.8018267478433,59.184088483645354,1240.2497235069734,1306.330971846832,1263.7367558031838,1318.9611571149853,1236.180388273022,1201.7838814758838,1183.1084922142234,221.21649225281507,1221.0757526640177,1196.0151146214105,1284.2894310683052,1257.990736261165,221.21721830786655,1140.0089458026325,1188.3642495600932,1173.574333058014,1221.6942101722173,1212.6508726246584,1296.8605184387877,1298.2763550694626,133.07964999842642,121.0970004294851,1297.335694123729,1238.4684493655495,1269.680495082323,153.46862445961779,1196.512656931324,1348.9584259168705,221.89244496135362,1197.9878559576407,1308.6948929124715,1452.0995248782772,1226.9478647028482,1222.7932727064858,1225.5113408015568,1236.0613183975504,1258.0092556013376,1286.8873131911055,1284.810904497525,1240.5943784714646,1200.0375819946448,1395.5878824933843,221.21359397034024,1234.9603294237038,178.18807454423518,1210.6512648990488,1301.637012490729,1180.6259588526173,1298.8976695550107,145.8041282324425,1185.3254612813716,92.7729545115003,1216.1620460353936,1354.3149659713888,221.7260571773128,221.44114725820657,1245.7614113465343,1220.6084304942065,1236.5218233627777,1272.0953788059314,1307.2284508741102,1252.6529887393872,1346.0175880885927,1224.1332015634039,1297.9471260753967,162.8072869477187,1184.642888976039,150.7561962069281,164.3357260199259,1221.8349956665954,221.1912369096173,1157.1895727345845,1299.8556583811824,1213.2813629866832,152.1494651462632,1263.1511048608636,1235.4538678166607,90.07350975758939,1231.2953858933543
960,1689.965496803159,1723.03541590729,286.4164550445437,157.2133704399932,1690.848721863807,1560.9714566821028,1571.0140831899819,1762.0324987396632,1674.5895964483962,1704.5943231674974,1639.4819244346406,1551.5263127839298,216.20696878481763,286.7879099500829,1618.6165806019148,1779.9116228989988,117.00170459809038,89.80588971103373,1678.6463259410061,209.60382582733197,206.82766847876897,1564.0961139106066,1698.561193060265,1841.883360944027,1669.1202452263203,1597.3268303304924,1599.1954507175385,1713.2491675155434,1601.262871004628,1664.1431473867142,1641.2300192899565,1700.0329785256627,1670.599683139984,85.06745236493606,1606.480980387938,1717.970727455955,281.1589550352419,1637.6900641353013,1692.4413504304457,128.18932867157125,1799.372417193207,1614.5544883016146,1601.0584570675305,1578.6718747035497,1729.7959153619804,1653.0758400168856,1634.346039332593,1584.5867811702865,1632.3707181497725,1675.477140867335,1632.283196002386,1724.1788021446632,1619.8706397050782,1607.4665744895433,1697.0888819483662,1599.040047007209,1660.8346955471468,183.63045478089705,1637.0889831628492,285.94858106022747,1587.6885606764604,1558.4220665560852,287.27213480830324,1714.7431777408046,1713.1710072848218,1521.8080994906343,1580.7470885019238,288.00713275967985,247.35321812433446,1647.0758224573997,1660.9974410643113,1535.4420270627572,1651.4060586634077,1677.9022378386167,180.96214072961638,285.7483157386498,1619.0380488105202,1719.4731145863934,1645.168241499971,218.53147356763657,1660.7670899607674
1000,2005.6118413705276,370.49662342588476,2323.9237096249703,370.4911158041385,2765.818094274485,2093.8864354502866,2040.8186224284873,2101.7457907761245,282.6780357296138,322.71896447417544,255.8544298528772,274.58181719010565,294.92885211170744,163.38742706263926,2238.348377264308,370.3906990377618,1980.6250183573766,2104.5867121389488,373.65096016336327,2127.3132725492114,1966.9648152070667,2310.520869320848,370.49360384681063,2011.7706609815186,370.56662894592773,282.3779054869797,2212.6256692796765,370.49208504545237,267.9075516141878,44.38458835396597,2157.6746608625213,2222.66947924756,1996.4286476928398,370.4912305742738,372.69186760391534,2083.3548035456897,2209.6423665050215,371.20341075368935,2056.218101773989,2007.9672973971778,2017.6470515357792,370.4974200136235,2160.8667630818677,2038.214711304025,2158.6357235624478,261.01097533780955,2051.225456683264,2131.385860913817,172.57964534264445,2229.353311664018,2030.7049909492587,2233.031804746234,2037.2433465696304,282.9586328868254,2136.586281484988,371.6928234719503,281.7689136775015,213.1062653034234,328.35577265896814,370.408160374705,370.4360945814311,288.69801927412993,2104.142098859398,2081.5985092628835,370.40655820605787,2092.9980155476446,2036.092288225453,240.63323871192748,2071.1224519714924,284.53159378101594,2236.6148152143414,262.85112474826695,2088.5099964059905,2000.0344104398328,370.41410764341833,1997.545512446876,1955.5556966220956,259.2391219571615,204.28239427113587,371.20015694062073,2204.836169106385
