t,step,label,ts
1,19,19_cb_advances,1757768124917770140
2,19,19_cb_advances,1757768124928410960
3,19,19_cb_advances,1757768124939780207
4,19,19_cb_advances,1757768124950055670
5,19,19_cb_advances,1757768124958215701
6,19,19_cb_advances,1757768124967190059
7,19,19_cb_advances,1757768124975612978
8,19,19_cb_advances,1757768124984546389
9,19,19_cb_advances,1757768124992761140
10,19,19_cb_advances,1757768125001143682
11,19,19_cb_advances,1757768125010129679
12,19,19_cb_advances,1757768125019776982
13,19,19_cb_advances,1757768125029038170
14,19,19_cb_advances,1757768125039238405
15,19,19_cb_advances,1757768125049635961
16,19,19_cb_advances,1757768125059311603
17,19,19_cb_advances,1757768125069715813
18,19,19_cb_advances,1757768125078121203
19,19,19_cb_advances,1757768125088189609
20,19,19_cb_advances,1757768125097269028
21,19,19_cb_advances,1757768125108014940
22,19,19_cb_advances,1757768125118020614
23,19,19_cb_advances,1757768125127205103
24,19,19_cb_advances,1757768125136111943
25,19,19_cb_advances,1757768125146037664
26,19,19_cb_advances,1757768125157086960
27,19,19_cb_advances,1757768125166377143
28,19,19_cb_advances,1757768125175389404
29,19,19_cb_advances,1757768125186424730
30,19,19_cb_advances,1757768125195588953
31,19,19_cb_advances,1757768125204418335
32,19,19_cb_advances,1757768125214838919
33,19,19_cb_advances,1757768125223660117
34,19,19_cb_advances,1757768125232122268
35,19,19_cb_advances,1757768125242757384
36,19,19_cb_advances,1757768125253851709
37,19,19_cb_advances,1757768125262793174
38,19,19_cb_advances,1757768125271262543
39,19,19_cb_advances,1757768125280539048
40,19,19_cb_advances,1757768125290672866
41,19,19_cb_advances,1757768125300144398
42,19,19_cb_advances,1757768125311470222
43,19,19_cb_advances,1757768125320855520
44,19,19_cb_advances,1757768125331975261
45,19,19_cb_advances,1757768125342372924
46,19,19_cb_advances,1757768125351924108
47,19,19_cb_advances,1757768125360507118
48,19,19_cb_advances,1757768125369446480
49,19,19_cb_advances,1757768125378424308
50,19,19_cb_advances,1757768125388113200
51,19,19_cb_advances,1757768125396979409
52,19,19_cb_advances,1757768125406991575
53,19,19_cb_advances,1757768125416243061
54,19,19_cb_advances,1757768125424201216
55,19,19_cb_advances,1757768125432650813
56,19,19_cb_advances,1757768125443035386
57,19,19_cb_advances,1757768125452828560
58,19,19_cb_advances,1757768125463907321
59,19,19_cb_advances,1757768125473705913
60,19,19_cb_advances,1757768125481673588
61,19,19_cb_advances,1757768125490254872
62,19,19_cb_advances,1757768125499781298
63,19,19_cb_advances,1757768125508156881
64,19,19_cb_advances,1757768125518668308
65,19,19_cb_advances,1757768125527667695
66,19,19_cb_advances,1757768125537204086
67,19,19_cb_advances,1757768125548050355
68,19,19_cb_advances,1757768125557483699
69,19,19_cb_advances,1757768125567938098
70,19,19_cb_advances,1757768125576658705
71,19,19_cb_advances,1757768125588141704
72,19,19_cb_advances,1757768125597351601
73,19,19_cb_advances,1757768125607049130
74,19,19_cb_advances,1757768125615631346
75,19,19_cb_advances,1757768125626367420
76,19,19_cb_advances,1757768125637909941
77,19,19_cb_advances,1757768125648101108
78,19,19_cb_advances,1757768125657289014
79,19,19_cb_advances,1757768125666915079
80,19,19_cb_advances,1757768125677069656
81,19,19_cb_advances,1757768125685405204
82,19,19_cb_advances,1757768125692206813
83,19,19_cb_advances,1757768125699798737
84,19,19_cb_advances,1757768125708710181
85,19,19_cb_advances,1757768125718944901
86,19,19_cb_advances,1757768125729410591
87,19,19_cb_advances,1757768125738851419
88,19,19_cb_advances,1757768125747692392
89,19,19_cb_advances,1757768125755339755
90,19,19_cb_advances,1757768125764418299
91,19,19_cb_advances,1757768125774951068
92,19,19_cb_advances,1757768125785349747
93,19,19_cb_advances,1757768125796248046
94,19,19_cb_advances,1757768125807255401
95,19,19_cb_advances,1757768125818392808
96,19,19_cb_advances,1757768125828928657
97,19,19_cb_advances,1757768125841162015
98,19,19_cb_advances,1757768125851575367
99,19,19_cb_advances,1757768125863119915
100,19,19_cb_advances,1757768125876596891
101,19,19_cb_advances,1757768125889259503
102,19,19_cb_advances,1757768125906055894
103,19,19_cb_advances,1757768125924264809
104,19,19_cb_advances,1757768125940354797
105,19,19_cb_advances,1757768125955754341
106,19,19_cb_advances,1757768125967194584
107,19,19_cb_advances,1757768125978677247
108,19,19_cb_advances,1757768125990636296
109,19,19_cb_advances,1757768126001372910
110,19,19_cb_advances,1757768126013963795
111,19,19_cb_advances,1757768126025726098
112,19,19_cb_advances,1757768126037036948
113,19,19_cb_advances,1757768126046437019
114,19,19_cb_advances,1757768126056195879
115,19,19_cb_advances,1757768126064155243
116,19,19_cb_advances,1757768126074064227
117,19,19_cb_advances,1757768126087194158
118,19,19_cb_advances,1757768126098202727
119,19,19_cb_advances,1757768126112286704
120,19,19_cb_advances,1757768126123661337
121,19,19_cb_advances,1757768126134751127
122,19,19_cb_advances,1757768126148066494
123,19,19_cb_advances,1757768126160232838
124,19,19_cb_advances,1757768126172301014
125,19,19_cb_advances,1757768126184113407
126,19,19_cb_advances,1757768126196454990
127,19,19_cb_advances,1757768126209477801
128,19,19_cb_advances,1757768126220422053
129,19,19_cb_advances,1757768126229143633
130,19,19_cb_advances,1757768126238901059
131,19,19_cb_advances,1757768126248613128
132,19,19_cb_advances,1757768126259772519
133,19,19_cb_advances,1757768126269395722
134,19,19_cb_advances,1757768126279064506
135,19,19_cb_advances,1757768126289094783
136,19,19_cb_advances,1757768126297091587
137,19,19_cb_advances,1757768126307845418
138,19,19_cb_advances,1757768126318892187
139,19,19_cb_advances,1757768126328821702
140,19,19_cb_advances,1757768126338048788
141,19,19_cb_advances,1757768126348013231
142,19,19_cb_advances,1757768126356513756
143,19,19_cb_advances,1757768126365633199
144,19,19_cb_advances,1757768126374381469
145,19,19_cb_advances,1757768126381878644
146,19,19_cb_advances,1757768126389708586
147,19,19_cb_advances,1757768126396587887
148,19,19_cb_advances,1757768126405667050
149,19,19_cb_advances,1757768126415999636
150,19,19_cb_advances,1757768126426202509
151,19,19_cb_advances,1757768126434496481
152,19,19_cb_advances,1757768126442965218
153,19,19_cb_advances,1757768126453004677
154,19,19_cb_advances,1757768126461795928
155,19,19_cb_advances,1757768126470388815
156,19,19_cb_advances,1757768126480037588
157,19,19_cb_advances,1757768126489369083
158,19,19_cb_advances,1757768126497845825
159,19,19_cb_advances,1757768126508245702
160,19,19_cb_advances,1757768126519121097
161,19,19_cb_advances,1757768126528019900
162,19,19_cb_advances,1757768126535983013
163,19,19_cb_advances,1757768126544615657
164,19,19_cb_advances,1757768126554768767
165,19,19_cb_advances,1757768126563446828
166,19,19_cb_advances,1757768126574488164
167,19,19_cb_advances,1757768126583980557
168,19,19_cb_advances,1757768126594053070
169,19,19_cb_advances,1757768126604442173
170,19,19_cb_advances,1757768126613084217
171,19,19_cb_advances,1757768126621856814
172,19,19_cb_advances,1757768126629789549
173,19,19_cb_advances,1757768126638676253
174,19,19_cb_advances,1757768126647890543
175,19,19_cb_advances,1757768126656708753
176,19,19_cb_advances,1757768126665703166
177,19,19_cb_advances,1757768126675334803
178,19,19_cb_advances,1757768126684144003
179,19,19_cb_advances,1757768126694476915
180,19,19_cb_advances,1757768126703441549
181,19,19_cb_advances,1757768126715784146
182,19,19_cb_advances,1757768126726943645
183,19,19_cb_advances,1757768126736171656
184,19,19_cb_advances,1757768126745157528
185,19,19_cb_advances,1757768126754454692
186,19,19_cb_advances,1757768126761933056
187,19,19_cb_advances,1757768126771424591
188,19,19_cb_advances,1757768126781043516
189,19,19_cb_advances,1757768126791350742
190,19,19_cb_advances,1757768126799130119
191,19,19_cb_advances,1757768126808602976
192,19,19_cb_advances,1757768126818989729
193,19,19_cb_advances,1757768126828904105
194,19,19_cb_advances,1757768126839027218
195,19,19_cb_advances,1757768126849385269
196,19,19_cb_advances,1757768126859055832
197,19,19_cb_advances,1757768126869652849
198,19,19_cb_advances,1757768126883045788
199,19,19_cb_advances,1757768126892409578
200,19,19_cb_advances,1757768126903129696
201,19,19_cb_advances,1757768126916560705
202,19,19_cb_advances,1757768126928423847
203,19,19_cb_advances,1757768126938363842
204,19,19_cb_advances,1757768126947698330
205,19,19_cb_advances,1757768126957975995
206,19,19_cb_advances,1757768126967433125
207,19,19_cb_advances,1757768126975950328
208,19,19_cb_advances,1757768126984901512
209,19,19_cb_advances,1757768126993754496
210,19,19_cb_advances,1757768127003348616
211,19,19_cb_advances,1757768127012936002
212,19,19_cb_advances,1757768127023422971
213,19,19_cb_advances,1757768127033837162
214,19,19_cb_advances,1757768127041646400
215,19,19_cb_advances,1757768127049998314
216,19,19_cb_advances,1757768127067150831
217,19,19_cb_advances,1757768127079348665
218,19,19_cb_advances,1757768127092711451
219,19,19_cb_advances,1757768127102794628
220,19,19_cb_advances,1757768127114537813
221,19,19_cb_advances,1757768127122751205
222,19,19_cb_advances,1757768127131412802
223,19,19_cb_advances,1757768127141045067
224,19,19_cb_advances,1757768127152673777
225,19,19_cb_advances,1757768127161660226
226,19,19_cb_advances,1757768127171288250
227,19,19_cb_advances,1757768127181897602
228,19,19_cb_advances,1757768127191693424
229,19,19_cb_advances,1757768127199942219
230,19,19_cb_advances,1757768127208185198
231,19,19_cb_advances,1757768127215338054
232,19,19_cb_advances,1757768127222235204
233,19,19_cb_advances,1757768127230055816
234,19,19_cb_advances,1757768127238275280
235,19,19_cb_advances,1757768127246183830
236,19,19_cb_advances,1757768127256312633
237,19,19_cb_advances,1757768127266674178
238,19,19_cb_advances,1757768127277911915
239,19,19_cb_advances,1757768127287665327
240,19,19_cb_advances,1757768127297295345
241,19,19_cb_advances,1757768127306685063
242,19,19_cb_advances,1757768127318102569
243,19,19_cb_advances,1757768127327245276
244,19,19_cb_advances,1757768127337249494
245,19,19_cb_advances,1757768127346930736
246,19,19_cb_advances,1757768127356898104
247,19,19_cb_advances,1757768127364710737
248,19,19_cb_advances,1757768127374120755
249,19,19_cb_advances,1757768127384080366
250,19,19_cb_advances,1757768127394931361
251,19,19_cb_advances,1757768127403811579
252,19,19_cb_advances,1757768127414463855
253,19,19_cb_advances,1757768127425526344
254,19,19_cb_advances,1757768127435665787
255,19,19_cb_advances,1757768127446243416
256,19,19_cb_advances,1757768127457766597
257,19,19_cb_advances,1757768127467606801
258,19,19_cb_advances,1757768127475505352
259,19,19_cb_advances,1757768127487919014
260,19,19_cb_advances,1757768127497073166
261,19,19_cb_advances,1757768127507862572
262,19,19_cb_advances,1757768127517912728
263,19,19_cb_advances,1757768127526477209
264,19,19_cb_advances,1757768127536347445
265,19,19_cb_advances,1757768127549031637
266,19,19_cb_advances,1757768127560566130
267,19,19_cb_advances,1757768127571466164
268,19,19_cb_advances,1757768127582985156
269,19,19_cb_advances,1757768127593814016
270,19,19_cb_advances,1757768127605447958
271,19,19_cb_advances,1757768127616419502
272,19,19_cb_advances,1757768127627231959
273,19,19_cb_advances,1757768127637940479
274,19,19_cb_advances,1757768127647855895
275,19,19_cb_advances,1757768127659756015
276,19,19_cb_advances,1757768127669722613
277,19,19_cb_advances,1757768127679691675
278,19,19_cb_advances,1757768127690362091
279,19,19_cb_advances,1757768127698754372
280,19,19_cb_advances,1757768127709431404
281,19,19_cb_advances,1757768127720867809
282,19,19_cb_advances,1757768127732744955
283,19,19_cb_advances,1757768127743357491
284,19,19_cb_advances,1757768127757683040
285,19,19_cb_advances,1757768127769172177
286,19,19_cb_advances,1757768127779861466
287,19,19_cb_advances,1757768127792201379
288,19,19_cb_advances,1757768127803452209
289,19,19_cb_advances,1757768127814003444
290,19,19_cb_advances,1757768127826160330
291,19,19_cb_advances,1757768127837896801
292,19,19_cb_advances,1757768127847059491
293,19,19_cb_advances,1757768127859457142
294,19,19_cb_advances,1757768127872195843
295,19,19_cb_advances,1757768127886341139
296,19,19_cb_advances,1757768127898502298
297,19,19_cb_advances,1757768127908713033
298,19,19_cb_advances,1757768127922603166
299,19,19_cb_advances,1757768127933126989
300,19,19_cb_advances,1757768127943926872
301,19,19_cb_advances,1757768127956614016
302,19,19_cb_advances,1757768127968438511
303,19,19_cb_advances,1757768127978491315
304,19,19_cb_advances,1757768127990050882
305,19,19_cb_advances,1757768128000374408
306,19,19_cb_advances,1757768128013521618
307,19,19_cb_advances,1757768128027654900
308,19,19_cb_advances,1757768128037700123
309,19,19_cb_advances,1757768128051336988
310,19,19_cb_advances,1757768128063756058
311,19,19_cb_advances,1757768128074376249
312,19,19_cb_advances,1757768128085853580
313,19,19_cb_advances,1757768128096630244
314,19,19_cb_advances,1757768128107834489
315,19,19_cb_advances,1757768128119386877
316,19,19_cb_advances,1757768128129870429
317,19,19_cb_advances,1757768128140990854
318,19,19_cb_advances,1757768128152795553
319,19,19_cb_advances,1757768128166264073
320,19,19_cb_advances,1757768128178135258
321,19,19_cb_advances,1757768128190010157
322,19,19_cb_advances,1757768128200840182
323,19,19_cb_advances,1757768128210889160
324,19,19_cb_advances,1757768128220567612
325,19,19_cb_advances,1757768128230612105
326,19,19_cb_advances,1757768128242085592
327,19,19_cb_advances,1757768128252094281
328,19,19_cb_advances,1757768128259933616
329,19,19_cb_advances,1757768128271553688
330,19,19_cb_advances,1757768128282299638
331,19,19_cb_advances,1757768128290760649
332,19,19_cb_advances,1757768128299051227
333,19,19_cb_advances,1757768128308023136
334,19,19_cb_advances,1757768128319077986
335,19,19_cb_advances,1757768128328417521
336,19,19_cb_advances,1757768128337279103
337,19,19_cb_advances,1757768128347506660
338,19,19_cb_advances,1757768128359181902
339,19,19_cb_advances,1757768128372478557
340,19,19_cb_advances,1757768128384504162
341,19,19_cb_advances,1757768128396490690
342,19,19_cb_advances,1757768128408592348
343,19,19_cb_advances,1757768128419377704
344,19,19_cb_advances,1757768128428781556
345,19,19_cb_advances,1757768128439585296
346,19,19_cb_advances,1757768128450685224
347,19,19_cb_advances,1757768128463172902
348,19,19_cb_advances,1757768128474857882
349,19,19_cb_advances,1757768128486928378
350,19,19_cb_advances,1757768128497147052
351,19,19_cb_advances,1757768128507596316
352,19,19_cb_advances,1757768128517074467
353,19,19_cb_advances,1757768128528107499
354,19,19_cb_advances,1757768128537293385
355,19,19_cb_advances,1757768128547104597
356,19,19_cb_advances,1757768128556339727
357,19,19_cb_advances,1757768128569659790
358,19,19_cb_advances,1757768128582077047
359,19,19_cb_advances,1757768128593189339
360,19,19_cb_advances,1757768128604032808
361,19,19_cb_advances,1757768128613801606
362,19,19_cb_advances,1757768128624651304
363,19,19_cb_advances,1757768128633838561
364,19,19_cb_advances,1757768128645573123
365,19,19_cb_advances,1757768128655034103
366,19,19_cb_advances,1757768128666213584
367,19,19_cb_advances,1757768128675943443
368,19,19_cb_advances,1757768128687249285
369,19,19_cb_advances,1757768128696371925
370,19,19_cb_advances,1757768128705656240
371,19,19_cb_advances,1757768128716642198
372,19,19_cb_advances,1757768128729306164
373,19,19_cb_advances,1757768128740770576
374,19,19_cb_advances,1757768128749700529
375,19,19_cb_advances,1757768128760838011
376,19,19_cb_advances,1757768128771665279
377,19,19_cb_advances,1757768128782288268
378,19,19_cb_advances,1757768128793676884
379,19,19_cb_advances,1757768128805545637
380,19,19_cb_advances,1757768128818816644
381,19,19_cb_advances,1757768128829843856
382,19,19_cb_advances,1757768128839907709
383,19,19_cb_advances,1757768128854148075
384,19,19_cb_advances,1757768128864850207
385,19,19_cb_advances,1757768128878762853
386,19,19_cb_advances,1757768128889536884
387,19,19_cb_advances,1757768128900324875
388,19,19_cb_advances,1757768128911015997
389,19,19_cb_advances,1757768128924524424
390,19,19_cb_advances,1757768128936362450
391,19,19_cb_advances,1757768128949022506
392,19,19_cb_advances,1757768128961453698
393,19,19_cb_advances,1757768128973099627
394,19,19_cb_advances,1757768128984844200
395,19,19_cb_advances,1757768128996505942
396,19,19_cb_advances,1757768129007258627
397,19,19_cb_advances,1757768129018555809
398,19,19_cb_advances,1757768129031820672
399,19,19_cb_advances,1757768129041021189
400,19,19_cb_advances,1757768129052221744
401,19,19_cb_advances,1757768129063358400
402,19,19_cb_advances,1757768129073401526
403,19,19_cb_advances,1757768129084822944
404,19,19_cb_advances,1757768129097612279
405,19,19_cb_advances,1757768129109863948
406,19,19_cb_advances,1757768129122938805
407,19,19_cb_advances,1757768129133457360
408,19,19_cb_advances,1757768129144918703
409,19,19_cb_advances,1757768129156484483
410,19,19_cb_advances,1757768129166917313
411,19,19_cb_advances,1757768129178479476
412,19,19_cb_advances,1757768129189782475
413,19,19_cb_advances,1757768129199293924
414,19,19_cb_advances,1757768129211666705
415,19,19_cb_advances,1757768129222173044
416,19,19_cb_advances,1757768129233184869
417,19,19_cb_advances,1757768129244557474
418,19,19_cb_advances,1757768129254338164
419,19,19_cb_advances,1757768129263952393
420,19,19_cb_advances,1757768129275689743
421,19,19_cb_advances,1757768129285975320
422,19,19_cb_advances,1757768129297433069
423,19,19_cb_advances,1757768129307482845
424,19,19_cb_advances,1757768129316904997
425,19,19_cb_advances,1757768129326855909
426,19,19_cb_advances,1757768129334572882
427,19,19_cb_advances,1757768129341762039
428,19,19_cb_advances,1757768129353044452
429,19,19_cb_advances,1757768129360918208
430,19,19_cb_advances,1757768129368627210
431,19,19_cb_advances,1757768129377897908
432,19,19_cb_advances,1757768129389811841
433,19,19_cb_advances,1757768129400407827
434,19,19_cb_advances,1757768129412058922
435,19,19_cb_advances,1757768129421549574
436,19,19_cb_advances,1757768129431114912
437,19,19_cb_advances,1757768129440507425
438,19,19_cb_advances,1757768129451325989
439,19,19_cb_advances,1757768129461174209
440,19,19_cb_advances,1757768129471305378
441,19,19_cb_advances,1757768129481266448
442,19,19_cb_advances,1757768129494623100
443,19,19_cb_advances,1757768129505759070
444,19,19_cb_advances,1757768129516897931
445,19,19_cb_advances,1757768129530514886
446,19,19_cb_advances,1757768129542173712
447,19,19_cb_advances,1757768129555150961
448,19,19_cb_advances,1757768129565945393
449,19,19_cb_advances,1757768129576654113
450,19,19_cb_advances,1757768129588622455
451,19,19_cb_advances,1757768129598554872
452,19,19_cb_advances,1757768129611383831
453,19,19_cb_advances,1757768129621537142
454,19,19_cb_advances,1757768129632110296
455,19,19_cb_advances,1757768129644485481
456,19,19_cb_advances,1757768129656005388
457,19,19_cb_advances,1757768129665487562
458,19,19_cb_advances,1757768129676441944
459,19,19_cb_advances,1757768129685931015
460,19,19_cb_advances,1757768129697978557
461,19,19_cb_advances,1757768129708845189
462,19,19_cb_advances,1757768129721665734
463,19,19_cb_advances,1757768129733025609
464,19,19_cb_advances,1757768129743980011
465,19,19_cb_advances,1757768129756595899
466,19,19_cb_advances,1757768129767515336
467,19,19_cb_advances,1757768129778594161
468,19,19_cb_advances,1757768129790734195
469,19,19_cb_advances,1757768129802249543
470,19,19_cb_advances,1757768129814224369
471,19,19_cb_advances,1757768129825339791
472,19,19_cb_advances,1757768129836981903
473,19,19_cb_advances,1757768129851876340
474,19,19_cb_advances,1757768129866852621
475,19,19_cb_advances,1757768129882979260
476,19,19_cb_advances,1757768129892724190
477,19,19_cb_advances,1757768129903354785
478,19,19_cb_advances,1757768129914453240
479,19,19_cb_advances,1757768129925648566
480,19,19_cb_advances,1757768129937070541
481,19,19_cb_advances,1757768129947571916
482,19,19_cb_advances,1757768129959375966
483,19,19_cb_advances,1757768129971041286
484,19,19_cb_advances,1757768129982907642
485,19,19_cb_advances,1757768129996398673
486,19,19_cb_advances,1757768130007430261
487,19,19_cb_advances,1757768130017790047
488,19,19_cb_advances,1757768130028795484
489,19,19_cb_advances,1757768130039559040
490,19,19_cb_advances,1757768130050428995
491,19,19_cb_advances,1757768130059731612
492,19,19_cb_advances,1757768130070147271
493,19,19_cb_advances,1757768130081930711
494,19,19_cb_advances,1757768130092721673
495,19,19_cb_advances,1757768130105369873
496,19,19_cb_advances,1757768130118741213
497,19,19_cb_advances,1757768130130567554
498,19,19_cb_advances,1757768130141429298
499,19,19_cb_advances,1757768130152634597
500,19,19_cb_advances,1757768130165043575
501,19,19_cb_advances,1757768130175895616
502,19,19_cb_advances,1757768130187160345
503,19,19_cb_advances,1757768130197062629
504,19,19_cb_advances,1757768130207119922
505,19,19_cb_advances,1757768130217461574
506,19,19_cb_advances,1757768130227602537
507,19,19_cb_advances,1757768130236870548
508,19,19_cb_advances,1757768130251004438
509,19,19_cb_advances,1757768130264346733
510,19,19_cb_advances,1757768130275338038
511,19,19_cb_advances,1757768130287963067
512,19,19_cb_advances,1757768130297704318
513,19,19_cb_advances,1757768130308492524
514,19,19_cb_advances,1757768130319668375
515,19,19_cb_advances,1757768130329445654
516,19,19_cb_advances,1757768130341594722
517,19,19_cb_advances,1757768130353608143
518,19,19_cb_advances,1757768130363056320
519,19,19_cb_advances,1757768130373245272
520,19,19_cb_advances,1757768130384609363
521,19,19_cb_advances,1757768130396509485
522,19,19_cb_advances,1757768130408518316
523,19,19_cb_advances,1757768130418675509
524,19,19_cb_advances,1757768130429674725
525,19,19_cb_advances,1757768130438392301
526,19,19_cb_advances,1757768130448909110
527,19,19_cb_advances,1757768130458433587
528,19,19_cb_advances,1757768130468825421
529,19,19_cb_advances,1757768130480191927
530,19,19_cb_advances,1757768130491617495
531,19,19_cb_advances,1757768130500815638
532,19,19_cb_advances,1757768130511283691
533,19,19_cb_advances,1757768130522749620
534,19,19_cb_advances,1757768130531171143
535,19,19_cb_advances,1757768130539473321
536,19,19_cb_advances,1757768130546962402
537,19,19_cb_advances,1757768130557222479
538,19,19_cb_advances,1757768130565715448
539,19,19_cb_advances,1757768130579287370
540,19,19_cb_advances,1757768130593530623
541,19,19_cb_advances,1757768130604432376
542,19,19_cb_advances,1757768130616831883
543,19,19_cb_advances,1757768130627230530
544,19,19_cb_advances,1757768130639112143
545,19,19_cb_advances,1757768130648860529
546,19,19_cb_advances,1757768130659327948
547,19,19_cb_advances,1757768130670107807
548,19,19_cb_advances,1757768130680334130
549,19,19_cb_advances,1757768130690458311
550,19,19_cb_advances,1757768130697604075
551,19,19_cb_advances,1757768130704718063
552,19,19_cb_advances,1757768130713749313
553,19,19_cb_advances,1757768130723418130
554,19,19_cb_advances,1757768130732418494
555,19,19_cb_advances,1757768130742991500
556,19,19_cb_advances,1757768130753513689
557,19,19_cb_advances,1757768130762472665
558,19,19_cb_advances,1757768130771345390
559,19,19_cb_advances,1757768130781923006
560,19,19_cb_advances,1757768130791929872
561,19,19_cb_advances,1757768130801834568
562,19,19_cb_advances,1757768130812195360
563,19,19_cb_advances,1757768130822275595
564,19,19_cb_advances,1757768130831917443
565,19,19_cb_advances,1757768130842334616
566,19,19_cb_advances,1757768130851950613
567,19,19_cb_advances,1757768130863432959
568,19,19_cb_advances,1757768130873419757
569,19,19_cb_advances,1757768130884479590
570,19,19_cb_advances,1757768130895496795
571,19,19_cb_advances,1757768130906675937
572,19,19_cb_advances,1757768130917987589
573,19,19_cb_advances,1757768130928810840
574,19,19_cb_advances,1757768130937521571
575,19,19_cb_advances,1757768130947910978
576,19,19_cb_advances,1757768130960071802
577,19,19_cb_advances,1757768130972052053
578,19,19_cb_advances,1757768130984160957
579,19,19_cb_advances,1757768130995040751
580,19,19_cb_advances,1757768131007362609
581,19,19_cb_advances,1757768131018477725
582,19,19_cb_advances,1757768131030380279
583,19,19_cb_advances,1757768131042829979
584,19,19_cb_advances,1757768131055195371
585,19,19_cb_advances,1757768131066370880
586,19,19_cb_advances,1757768131075861593
587,19,19_cb_advances,1757768131087126016
588,19,19_cb_advances,1757768131097178831
589,19,19_cb_advances,1757768131106291306
590,19,19_cb_advances,1757768131115255326
591,19,19_cb_advances,1757768131126442293
592,19,19_cb_advances,1757768131138281160
593,19,19_cb_advances,1757768131149602278
594,19,19_cb_advances,1757768131159015048
595,19,19_cb_advances,1757768131168598179
596,19,19_cb_advances,1757768131179241303
597,19,19_cb_advances,1757768131189553405
598,19,19_cb_advances,1757768131201638750
599,19,19_cb_advances,1757768131210443345
600,19,19_cb_advances,1757768131221526062
601,19,19_cb_advances,1757768131235120857
602,19,19_cb_advances,1757768131244507965
603,19,19_cb_advances,1757768131253479522
604,19,19_cb_advances,1757768131266451489
605,19,19_cb_advances,1757768131278333665
606,19,19_cb_advances,1757768131290347386
607,19,19_cb_advances,1757768131301156119
608,19,19_cb_advances,1757768131310749900
609,19,19_cb_advances,1757768131321299422
610,19,19_cb_advances,1757768131333297656
611,19,19_cb_advances,1757768131344082257
612,19,19_cb_advances,1757768131355537627
613,19,19_cb_advances,1757768131365515540
614,19,19_cb_advances,1757768131372699008
615,19,19_cb_advances,1757768131383051261
616,19,19_cb_advances,1757768131392990914
617,19,19_cb_advances,1757768131408878924
618,19,19_cb_advances,1757768131419899354
619,19,19_cb_advances,1757768131434207823
620,19,19_cb_advances,1757768131444223210
621,19,19_cb_advances,1757768131457468334
622,19,19_cb_advances,1757768131468865813
623,19,19_cb_advances,1757768131481247908
624,19,19_cb_advances,1757768131493819251
625,19,19_cb_advances,1757768131505986992
626,19,19_cb_advances,1757768131517467234
627,19,19_cb_advances,1757768131530103946
628,19,19_cb_advances,1757768131540877466
629,19,19_cb_advances,1757768131552713766
630,19,19_cb_advances,1757768131563885471
631,19,19_cb_advances,1757768131576739549
632,19,19_cb_advances,1757768131588644981
633,19,19_cb_advances,1757768131600902186
634,19,19_cb_advances,1757768131611743089
635,19,19_cb_advances,1757768131622824524
636,19,19_cb_advances,1757768131635491956
637,19,19_cb_advances,1757768131646816112
638,19,19_cb_advances,1757768131658872066
639,19,19_cb_advances,1757768131668047073
640,19,19_cb_advances,1757768131676898473
641,19,19_cb_advances,1757768131688447594
642,19,19_cb_advances,1757768131698271003
643,19,19_cb_advances,1757768131707021533
644,19,19_cb_advances,1757768131715201035
645,19,19_cb_advances,1757768131723759354
646,19,19_cb_advances,1757768131736855189
647,19,19_cb_advances,1757768131747385743
648,19,19_cb_advances,1757768131759383146
649,19,19_cb_advances,1757768131770185712
650,19,19_cb_advances,1757768131780821728
651,19,19_cb_advances,1757768131793586137
652,19,19_cb_advances,1757768131803242606
653,19,19_cb_advances,1757768131815345881
654,19,19_cb_advances,1757768131826557359
655,19,19_cb_advances,1757768131836475821
656,19,19_cb_advances,1757768131847247029
657,19,19_cb_advances,1757768131857241989
658,19,19_cb_advances,1757768131869019147
659,19,19_cb_advances,1757768131879768524
660,19,19_cb_advances,1757768131890117533
661,19,19_cb_advances,1757768131900215309
662,19,19_cb_advances,1757768131912019840
663,19,19_cb_advances,1757768131926211639
664,19,19_cb_advances,1757768131937604490
665,19,19_cb_advances,1757768131948457617
666,19,19_cb_advances,1757768131959195017
667,19,19_cb_advances,1757768131970907464
668,19,19_cb_advances,1757768131980802048
669,19,19_cb_advances,1757768131993909245
670,19,19_cb_advances,1757768132003421903
671,19,19_cb_advances,1757768132012622802
672,19,19_cb_advances,1757768132026216449
673,19,19_cb_advances,1757768132037440661
674,19,19_cb_advances,1757768132049036372
675,19,19_cb_advances,1757768132062210947
676,19,19_cb_advances,1757768132074894630
677,19,19_cb_advances,1757768132085394200
678,19,19_cb_advances,1757768132097159784
679,19,19_cb_advances,1757768132108288020
680,19,19_cb_advances,1757768132118015610
681,19,19_cb_advances,1757768132130866371
682,19,19_cb_advances,1757768132140377785
683,19,19_cb_advances,1757768132152793260
684,19,19_cb_advances,1757768132165421621
685,19,19_cb_advances,1757768132175675094
686,19,19_cb_advances,1757768132184864115
687,19,19_cb_advances,1757768132197360297
688,19,19_cb_advances,1757768132208805635
689,19,19_cb_advances,1757768132218680952
690,19,19_cb_advances,1757768132230442640
691,19,19_cb_advances,1757768132241483426
692,19,19_cb_advances,1757768132251566214
693,19,19_cb_advances,1757768132262075933
694,19,19_cb_advances,1757768132273250852
695,19,19_cb_advances,1757768132285275287
696,19,19_cb_advances,1757768132298950495
697,19,19_cb_advances,1757768132310975538
698,19,19_cb_advances,1757768132321944156
699,19,19_cb_advances,1757768132333648907
700,19,19_cb_advances,1757768132344188936
701,19,19_cb_advances,1757768132357032474
702,19,19_cb_advances,1757768132369340025
703,19,19_cb_advances,1757768132380183643
704,19,19_cb_advances,1757768132391309682
705,19,19_cb_advances,1757768132402270688
706,19,19_cb_advances,1757768132412877745
707,19,19_cb_advances,1757768132425091519
708,19,19_cb_advances,1757768132434582387
709,19,19_cb_advances,1757768132444913663
710,19,19_cb_advances,1757768132454677727
711,19,19_cb_advances,1757768132465842944
712,19,19_cb_advances,1757768132477094208
713,19,19_cb_advances,1757768132487811489
714,19,19_cb_advances,1757768132499015419
715,19,19_cb_advances,1757768132509942669
716,19,19_cb_advances,1757768132520490704
717,19,19_cb_advances,1757768132531030418
718,19,19_cb_advances,1757768132539219048
719,19,19_cb_advances,1757768132547562998
720,19,19_cb_advances,1757768132558926969
721,19,19_cb_advances,1757768132568782457
722,19,19_cb_advances,1757768132577939353
723,19,19_cb_advances,1757768132592152396
724,19,19_cb_advances,1757768132602741744
725,19,19_cb_advances,1757768132612805162
726,19,19_cb_advances,1757768132624739253
727,19,19_cb_advances,1757768132635647748
728,19,19_cb_advances,1757768132646264666
729,19,19_cb_advances,1757768132657652680
730,19,19_cb_advances,1757768132671853931
731,19,19_cb_advances,1757768132682005925
732,19,19_cb_advances,1757768132693331760
733,19,19_cb_advances,1757768132704910578
734,19,19_cb_advances,1757768132716864265
735,19,19_cb_advances,1757768132728650806
736,19,19_cb_advances,1757768132738184485
737,19,19_cb_advances,1757768132748392217
738,19,19_cb_advances,1757768132761384239
739,19,19_cb_advances,1757768132772220489
740,19,19_cb_advances,1757768132782440363
741,19,19_cb_advances,1757768132794909117
742,19,19_cb_advances,1757768132805383061
743,19,19_cb_advances,1757768132817803275
744,19,19_cb_advances,1757768132829471024
745,19,19_cb_advances,1757768132841507780
746,19,19_cb_advances,1757768132854668711
747,19,19_cb_advances,1757768132868552077
748,19,19_cb_advances,1757768132881310539
749,19,19_cb_advances,1757768132894817272
750,19,19_cb_advances,1757768132909138820
751,19,19_cb_advances,1757768132922282023
752,19,19_cb_advances,1757768132934483137
753,19,19_cb_advances,1757768132946435876
754,19,19_cb_advances,1757768132957941230
755,19,19_cb_advances,1757768132967781191
756,19,19_cb_advances,1757768132980579259
757,19,19_cb_advances,1757768132994833714
758,19,19_cb_advances,1757768133004951950
759,19,19_cb_advances,1757768133017379466
760,19,19_cb_advances,1757768133029269775
761,19,19_cb_advances,1757768133039261461
762,19,19_cb_advances,1757768133050118079
763,19,19_cb_advances,1757768133060958987
764,19,19_cb_advances,1757768133070674372
765,19,19_cb_advances,1757768133082979836
766,19,19_cb_advances,1757768133096476381
767,19,19_cb_advances,1757768133108368824
768,19,19_cb_advances,1757768133122126036
769,19,19_cb_advances,1757768133132978889
770,19,19_cb_advances,1757768133142379901
771,19,19_cb_advances,1757768133154941045
772,19,19_cb_advances,1757768133167276616
773,19,19_cb_advances,1757768133178323252
774,19,19_cb_advances,1757768133189280121
775,19,19_cb_advances,1757768133200122695
776,19,19_cb_advances,1757768133210494694
777,19,19_cb_advances,1757768133221736514
778,19,19_cb_advances,1757768133232452891
779,19,19_cb_advances,1757768133245129504
780,19,19_cb_advances,1757768133257243275
781,19,19_cb_advances,1757768133272331231
782,19,19_cb_advances,1757768133289486688
783,19,19_cb_advances,1757768133303056888
784,19,19_cb_advances,1757768133314740801
785,19,19_cb_advances,1757768133327676263
786,19,19_cb_advances,1757768133338430137
787,19,19_cb_advances,1757768133349321914
788,19,19_cb_advances,1757768133359956412
789,19,19_cb_advances,1757768133371814575
790,19,19_cb_advances,1757768133381765780
791,19,19_cb_advances,1757768133391541538
792,19,19_cb_advances,1757768133404906110
793,19,19_cb_advances,1757768133415003540
794,19,19_cb_advances,1757768133426478453
795,19,19_cb_advances,1757768133438153587
796,19,19_cb_advances,1757768133448748502
797,19,19_cb_advances,1757768133460650372
798,19,19_cb_advances,1757768133471976540
799,19,19_cb_advances,1757768133484124285
800,19,19_cb_advances,1757768133496934340
801,19,19_cb_advances,1757768133509020301
802,19,19_cb_advances,1757768133519983111
803,19,19_cb_advances,1757768133531430921
804,19,19_cb_advances,1757768133542452662
805,19,19_cb_advances,1757768133553292742
806,19,19_cb_advances,1757768133568771457
807,19,19_cb_advances,1757768133582296850
808,19,19_cb_advances,1757768133600066411
809,19,19_cb_advances,1757768133611502808
810,19,19_cb_advances,1757768133623413558
811,19,19_cb_advances,1757768133637855489
812,19,19_cb_advances,1757768133651992478
813,19,19_cb_advances,1757768133665252118
814,19,19_cb_advances,1757768133678445190
815,19,19_cb_advances,1757768133693066920
816,19,19_cb_advances,1757768133704566504
817,19,19_cb_advances,1757768133717040458
818,19,19_cb_advances,1757768133729519138
819,19,19_cb_advances,1757768133742873833
820,19,19_cb_advances,1757768133755257669
821,19,19_cb_advances,1757768133769089697
822,19,19_cb_advances,1757768133780320413
823,19,19_cb_advances,1757768133793594500
824,19,19_cb_advances,1757768133807678383
825,19,19_cb_advances,1757768133824914185
826,19,19_cb_advances,1757768133835352742
827,19,19_cb_advances,1757768133845237142
828,19,19_cb_advances,1757768133859708918
829,19,19_cb_advances,1757768133870489678
830,19,19_cb_advances,1757768133881814457
831,19,19_cb_advances,1757768133893389048
832,19,19_cb_advances,1757768133905885124
833,19,19_cb_advances,1757768133917046334
834,19,19_cb_advances,1757768133927614146
835,19,19_cb_advances,1757768133951301231
836,19,19_cb_advances,1757768133970978256
837,19,19_cb_advances,1757768133983289388
838,19,19_cb_advances,1757768134001065160
839,19,19_cb_advances,1757768134012901792
840,19,19_cb_advances,1757768134026906078
841,19,19_cb_advances,1757768134038959492
842,19,19_cb_advances,1757768134050706133
843,19,19_cb_advances,1757768134061833381
844,19,19_cb_advances,1757768134072997245
845,19,19_cb_advances,1757768134083530456
846,19,19_cb_advances,1757768134095383415
847,19,19_cb_advances,1757768134108979243
848,19,19_cb_advances,1757768134120182407
849,19,19_cb_advances,1757768134132403415
850,19,19_cb_advances,1757768134143270522
851,19,19_cb_advances,1757768134154223683
852,19,19_cb_advances,1757768134165343108
853,19,19_cb_advances,1757768134175330799
854,19,19_cb_advances,1757768134187062001
855,19,19_cb_advances,1757768134198004669
856,19,19_cb_advances,1757768134207793356
857,19,19_cb_advances,1757768134220181224
858,19,19_cb_advances,1757768134230012647
859,19,19_cb_advances,1757768134240983405
860,19,19_cb_advances,1757768134251036752
861,19,19_cb_advances,1757768134261409132
862,19,19_cb_advances,1757768134271561292
863,19,19_cb_advances,1757768134283197406
864,19,19_cb_advances,1757768134294947175
865,19,19_cb_advances,1757768134306312000
866,19,19_cb_advances,1757768134316866511
867,19,19_cb_advances,1757768134328519238
868,19,19_cb_advances,1757768134340906623
869,19,19_cb_advances,1757768134352568722
870,19,19_cb_advances,1757768134363851751
871,19,19_cb_advances,1757768134376762535
872,19,19_cb_advances,1757768134387994574
873,19,19_cb_advances,1757768134399298726
874,19,19_cb_advances,1757768134409612089
875,19,19_cb_advances,1757768134420138750
876,19,19_cb_advances,1757768134429842911
877,19,19_cb_advances,1757768134440940924
878,19,19_cb_advances,1757768134451135190
879,19,19_cb_advances,1757768134462524604
880,19,19_cb_advances,1757768134474247524
881,19,19_cb_advances,1757768134483825818
882,19,19_cb_advances,1757768134494554676
883,19,19_cb_advances,1757768134504661041
884,19,19_cb_advances,1757768134515567183
885,19,19_cb_advances,1757768134526375915
886,19,19_cb_advances,1757768134536556531
887,19,19_cb_advances,1757768134546267541
888,19,19_cb_advances,1757768134556910124
889,19,19_cb_advances,1757768134567331530
890,19,19_cb_advances,1757768134577149946
891,19,19_cb_advances,1757768134587541102
892,19,19_cb_advances,1757768134598448723
893,19,19_cb_advances,1757768134609657308
894,19,19_cb_advances,1757768134620234274
895,19,19_cb_advances,1757768134630438332
896,19,19_cb_advances,1757768134641600122
897,19,19_cb_advances,1757768134649153449
898,19,19_cb_advances,1757768134657566899
899,19,19_cb_advances,1757768134670042767
900,19,19_cb_advances,1757768134678951259
901,19,19_cb_advances,1757768134688958676
902,19,19_cb_advances,1757768134699042178
903,19,19_cb_advances,1757768134713914367
904,19,19_cb_advances,1757768134732347157
905,19,19_cb_advances,1757768134744348584
906,19,19_cb_advances,1757768134756766914
907,19,19_cb_advances,1757768134770199613
908,19,19_cb_advances,1757768134782800675
909,19,19_cb_advances,1757768134795104212
910,19,19_cb_advances,1757768134807449535
911,19,19_cb_advances,1757768134818494663
912,19,19_cb_advances,1757768134828820787
913,19,19_cb_advances,1757768134838371742
914,19,19_cb_advances,1757768134847229408
915,19,19_cb_advances,1757768134857530835
916,19,19_cb_advances,1757768134869405590
917,19,19_cb_advances,1757768134879506009
918,19,19_cb_advances,1757768134889661051
919,19,19_cb_advances,1757768134899550142
920,19,19_cb_advances,1757768134910782160
921,19,19_cb_advances,1757768134921640189
922,19,19_cb_advances,1757768134933092955
923,19,19_cb_advances,1757768134944827273
924,19,19_cb_advances,1757768134956170664
925,19,19_cb_advances,1757768134967918919
926,19,19_cb_advances,1757768134979580763
927,19,19_cb_advances,1757768134990388309
928,19,19_cb_advances,1757768135003457932
929,19,19_cb_advances,1757768135013287644
930,19,19_cb_advances,1757768135024016342
931,19,19_cb_advances,1757768135033760392
932,19,19_cb_advances,1757768135042675373
933,19,19_cb_advances,1757768135053428664
934,19,19_cb_advances,1757768135066402537
935,19,19_cb_advances,1757768135076611776
936,19,19_cb_advances,1757768135088742663
937,19,19_cb_advances,1757768135102135154
938,19,19_cb_advances,1757768135113883762
939,19,19_cb_advances,1757768135127196100
940,19,19_cb_advances,1757768135140777573
941,19,19_cb_advances,1757768135151545390
942,19,19_cb_advances,1757768135162881696
943,19,19_cb_advances,1757768135172821908
944,19,19_cb_advances,1757768135184489238
945,19,19_cb_advances,1757768135194713283
946,19,19_cb_advances,1757768135205455400
947,19,19_cb_advances,1757768135217290904
948,19,19_cb_advances,1757768135229476174
949,19,19_cb_advances,1757768135239645949
950,19,19_cb_advances,1757768135250655323
951,19,19_cb_advances,1757768135262826920
952,19,19_cb_advances,1757768135273604873
953,19,19_cb_advances,1757768135282336088
954,19,19_cb_advances,1757768135292745428
955,19,19_cb_advances,1757768135303794988
956,19,19_cb_advances,1757768135315361683
957,19,19_cb_advances,1757768135327176971
958,19,19_cb_advances,1757768135337617395
959,19,19_cb_advances,1757768135346406790
960,19,19_cb_advances,1757768135357093305
961,19,19_cb_advances,1757768135369427262
962,19,19_cb_advances,1757768135379832218
963,19,19_cb_advances,1757768135392830611
964,19,19_cb_advances,1757768135407194621
965,19,19_cb_advances,1757768135419802999
966,19,19_cb_advances,1757768135430303805
967,19,19_cb_advances,1757768135440584939
968,19,19_cb_advances,1757768135452299216
969,19,19_cb_advances,1757768135462777444
970,19,19_cb_advances,1757768135480652314
971,19,19_cb_advances,1757768135495763573
972,19,19_cb_advances,1757768135511757378
973,19,19_cb_advances,1757768135524280830
974,19,19_cb_advances,1757768135537918104
975,19,19_cb_advances,1757768135549528257
976,19,19_cb_advances,1757768135561728293
977,19,19_cb_advances,1757768135573107651
978,19,19_cb_advances,1757768135585232803
979,19,19_cb_advances,1757768135598157265
980,19,19_cb_advances,1757768135608565145
981,19,19_cb_advances,1757768135619363640
982,19,19_cb_advances,1757768135632164178
983,19,19_cb_advances,1757768135643346026
984,19,19_cb_advances,1757768135654693593
985,19,19_cb_advances,1757768135666878851
986,19,19_cb_advances,1757768135677757317
987,19,19_cb_advances,1757768135689797238
988,19,19_cb_advances,1757768135698864144
989,19,19_cb_advances,1757768135708142513
990,19,19_cb_advances,1757768135717363778
991,19,19_cb_advances,1757768135727971684
992,19,19_cb_advances,1757768135739922224
993,19,19_cb_advances,1757768135751360590
994,19,19_cb_advances,1757768135763156329
995,19,19_cb_advances,1757768135774585027
996,19,19_cb_advances,1757768135786180059
997,19,19_cb_advances,1757768135800431183
998,19,19_cb_advances,1757768135811855321
999,19,19_cb_advances,1757768135824041060
1000,19,19_cb_advances,1757768135835713504
